trade_id,won,class,first_negative_ev_checkpoint,first_ci_confirmed_negative_checkpoint,price_at_first_negative_ev,clock_at_first_negative_ev,period_at_first_negative_ev,warning_to_t40_game_clock_minutes,warning_to_worst_price_game_clock_minutes,warning_to_settlement_game_clock_minutes,adverse_price_movement_remaining,worst_later_price,pnl_hold_after_first_negative,warning_unavailable_not_zero
972e7ad133034248,True,NO_WARNING,,,,,,,,,,,,True
37cf41dbdbe0a4cf,True,WARNING_TOO_LATE,2025-11-13T02:43:20+00:00,,84,360,2,0.0,0.0,4.0,0,84,20,False
2078dbc38a4cf10a,True,NO_WARNING,,,,,,,,,,,,True
99f408a1b4cc3808,True,NO_WARNING,,,,,,,,,,,,True
6bc2f0f82dfeb942,False,WARNING_TOO_LATE,2025-11-22T01:40:27+00:00,2025-11-22T01:40:27+00:00,2,0,2,0.0,0.0,0.0,0,2,-80,False
23b638c1e5542f81,True,WARNING_TOO_LATE,2025-11-23T20:27:04+00:00,2025-11-23T20:27:04+00:00,45,300,3,0.0,0.0,4.0,0,45,20,False
094f9225cc1f2e31,True,NO_WARNING,,,,,,,,,,,,True
8a1909462caa1be8,True,NO_WARNING,,,,,,,,,,,,True
fcb24755885a9643,True,WARNING_TOO_LATE,2025-11-29T00:28:43+00:00,,99,480,2,0.0,0.0,8.0,0,99,20,False
3cd4429a5abc895c,False,WARNING_TOO_LATE,2025-11-29T02:07:09+00:00,2025-11-29T02:07:09+00:00,70,0,2,0.0,2.0,4.0,16,54,-80,False
30e6f1ed74bc9f90,True,NO_WARNING,,,,,,,,,,,,True
59f194e8bb13e9eb,True,WARNING_TOO_LATE,2025-12-03T05:07:15+00:00,2025-12-03T05:07:15+00:00,79,240,2,0.0,0.0,4.0,0,79,20,False
51b904ef9ff253f9,True,NO_WARNING,,,,,,,,,,,,True
53323bd1ba9cf5c2,True,NO_WARNING,,,,,,,,,,,,True
31709a96bb95143a,True,NO_WARNING,,,,,,,,,,,,True
b87441ae2c62d8c3,True,NO_WARNING,,,,,,,,,,,,True
d168882899a9b88b,True,NO_WARNING,,,,,,,,,,,,True
4e4e64849bca13f1,False,WARNING_TOO_LATE,2025-12-14T03:20:39+00:00,2025-12-14T03:20:39+00:00,49,0,2,0.0,0.0,9.0,8,41,-80,False
018d3f7c7ea6c1d9,True,NO_WARNING,,,,,,,,,,,,True
def09ddc05798e89,True,NO_WARNING,,,,,,,,,,,,True
79f460dce15c5f4a,True,NO_WARNING,,,,,,,,,,,,True
64311a04bfd02c27,True,NO_WARNING,,,,,,,,,,,,True
94c301db7e3b7993,True,NO_WARNING,,,,,,,,,,,,True
99448fa59c926dd8,True,WARNING_TOO_LATE,2026-01-03T06:17:35+00:00,2026-01-03T06:17:35+00:00,78,0,2,0.0,0.0,0.0,0,78,20,False
0ad759256ffcbe8b,True,WARNING_TOO_LATE,2026-01-03T18:43:18+00:00,2026-01-03T18:43:18+00:00,66,600,2,0.0,4.0,10.0,2,64,20,False
51f1842c10eada58,True,NO_WARNING,,,,,,,,,,,,True
0ee92416e1754f17,False,WARNING_TOO_LATE,2026-01-03T23:38:43+00:00,2026-01-03T23:38:43+00:00,87,240,2,0.0,0.0,2.0,0,87,-80,False
2fcfab49eaaa3f1e,False,WARNING_TOO_LATE,2026-01-08T02:08:39+00:00,2026-01-08T02:08:39+00:00,1,0,2,0.0,0.0,0.0,0,1,-80,False
8e01765cf3c68869,False,WARNING_TOO_LATE,2026-01-08T02:13:29+00:00,2026-01-08T02:13:29+00:00,6,0,2,0.0,0.0,0.0,0,6,-80,False
353cff5f8c388641,True,NO_WARNING,,,,,,,,,,,,True
303a8a5d4ba680ce,True,NO_WARNING,,,,,,,,,,,,True
b56311a044354b03,True,WARNING_TOO_LATE,2026-01-10T03:43:47+00:00,2026-01-10T03:43:47+00:00,56,0,2,0.0,0.0,4.0,9,47,20,False
1e55fd6f3005511c,False,WARNING_TOO_LATE,2026-01-10T19:08:54+00:00,2026-01-10T19:08:54+00:00,1,0,2,0.0,0.0,0.0,0,1,-80,False
f333ff485b989bc2,False,WARNING_TOO_LATE,2026-01-10T20:05:57+00:00,2026-01-10T20:05:57+00:00,29,120,2,0.0,2.0,2.0,14,15,-80,False
60f4f19f832f1746,True,NO_WARNING,,,,,,,,,,,,True
d60e5522040abbfc,True,NO_WARNING,,,,,,,,,,,,True
33504dad9e8bb140,True,NO_WARNING,,,,,,,,,,,,True
ee8d73683f535931,True,NO_WARNING,,,,,,,,,,,,True
619f160a076816c9,True,NO_WARNING,,,,,,,,,,,,True
e58146cb09862306,True,NO_WARNING,,,,,,,,,,,,True
fe2407acb0aad4fc,True,NO_WARNING,,,,,,,,,,,,True
e3beafaf142f0774,True,NO_WARNING,,,,,,,,,,,,True
96559bc4be35b718,True,NO_WARNING,,,,,,,,,,,,True
108390652954f62d,True,NO_WARNING,,,,,,,,,,,,True
833c7a16a2223840,True,WARNING_TOO_LATE,2026-01-21T03:37:05+00:00,,99,0,2,0.0,0.0,0.0,0,99,20,False
ff6174e156c8eb62,True,NO_WARNING,,,,,,,,,,,,True
a992a8ecc15857f7,True,NO_WARNING,,,,,,,,,,,,True
d46cf247bc386126,True,WARNING_TOO_LATE,2026-01-24T02:45:57+00:00,,79,600,2,0.0,0.0,10.0,0,79,20,False
bfb54b613894a9ea,True,NO_WARNING,,,,,,,,,,,,True
6d8991e0d09b00b9,True,NO_WARNING,,,,,,,,,,,,True
19cb3a7b260b8876,True,NO_WARNING,,,,,,,,,,,,True
602c6b8b3a9e6cad,True,NO_WARNING,,,,,,,,,,,,True
5c8c42fd3b9d2646,True,WARNING_TOO_LATE,2026-01-25T04:54:30+00:00,,67,360,2,0.0,0.0,6.0,0,67,20,False
4cdbb911b2751bd9,True,NO_WARNING,,,,,,,,,,,,True
b96e5bfb6d2a3874,True,NO_WARNING,,,,,,,,,,,,True
4a26bb0fc7fe9daa,True,NO_WARNING,,,,,,,,,,,,True
723791053b9d29ed,True,NO_WARNING,,,,,,,,,,,,True
b5f0cea7155c4ba5,False,WARNING_TOO_LATE,2026-01-31T23:12:30+00:00,2026-01-31T23:12:30+00:00,84,240,2,0.0,0.0,2.0,0,84,-80,False
fe73251ab6c037f8,False,WARNING_TOO_LATE,2026-02-01T01:58:24+00:00,2026-02-01T01:58:24+00:00,2,0,2,0.0,0.0,0.0,0,2,-80,False
cc0f6caa668e02e0,False,WARNING_TOO_LATE,2026-02-03T04:11:46+00:00,2026-02-03T04:11:46+00:00,10,0,2,0.0,0.0,0.0,0,10,-80,False
065411b461d0d13a,True,NO_WARNING,,,,,,,,,,,,True
42b0b2306bc97af2,False,WARNING_TOO_LATE,2026-02-05T03:29:56+00:00,2026-02-05T04:01:08+00:00,67,840,2,0.0,12.0,14.0,66,1,-80,False
b90e2ef66a563198,True,NO_WARNING,,,,,,,,,,,,True
85c318a9a4fe8355,True,NO_WARNING,,,,,,,,,,,,True
1c6a6d46c26003e4,True,NO_WARNING,,,,,,,,,,,,True
11749a0518eb8f9e,True,NO_WARNING,,,,,,,,,,,,True
954c7109bbde5b8d,True,NO_WARNING,,,,,,,,,,,,True
51ba3b0862e0d6a8,True,NO_WARNING,,,,,,,,,,,,True
83e7e687a5a06e59,True,NO_WARNING,,,,,,,,,,,,True
