source_experiment_id,core_state,n_CI_NEGATIVE,n_CI_CROSSES_ZERO,mean_pnl_CI_NEGATIVE,mean_pnl_CI_CROSSES_ZERO,observed_delta,ci_lo,ci_hi,classification,note
NCAAB_H1_2_AUSTIN_TRANSFER_V1,HEALTHY,0,11,UNAVAILABLE,10.909090909090908,UNAVAILABLE,UNAVAILABLE,UNAVAILABLE,INSUFFICIENT_SAMPLE,CI overlay does not modify core_state.
NCAAB_H1_2_AUSTIN_TRANSFER_V1,WATCH_NEGATIVE,32,35,-8.125,5.714285714285714,-13.839285714285715,-32.595982142857146,4.464858058608058,MIXED,CI overlay does not modify core_state.
NCAAB_H1_2_AUSTIN_TRANSFER_V1,PERSISTENCE_2,16,36,-17.5,11.666666666666666,-29.166666666666664,-55.76279602750191,-3.7593984962406006,SUPPORTED,CI overlay does not modify core_state.
NCAAB_H1_2_AUSTIN_TRANSFER_V1,PERSISTENCE_3PLUS,13,36,-18.46153846153846,11.666666666666666,-30.128205128205124,-58.845189238486086,-2.388786764705884,SUPPORTED,CI overlay does not modify core_state.
NCAAB_H1_2_AUSTIN_TRANSFER_V1,RECOVERING,0,24,UNAVAILABLE,-0.8333333333333334,UNAVAILABLE,UNAVAILABLE,UNAVAILABLE,INSUFFICIENT_SAMPLE,CI overlay does not modify core_state.
NCAAB_H1_2_AUSTIN_TRANSFER_V1,HEALTHY_AFTER_RECOVERY,0,16,UNAVAILABLE,-5.0,UNAVAILABLE,UNAVAILABLE,UNAVAILABLE,INSUFFICIENT_SAMPLE,CI overlay does not modify core_state.
NCAAB_H1_2_AUSTIN_TRANSFER_V1,UNRESOLVED,0,0,UNAVAILABLE,UNAVAILABLE,UNAVAILABLE,UNAVAILABLE,UNAVAILABLE,INSUFFICIENT_SAMPLE,CI overlay does not modify core_state.
NCAAB_H2_1_AUSTIN_TRANSFER_V1,HEALTHY,0,20,UNAVAILABLE,10.0,UNAVAILABLE,UNAVAILABLE,UNAVAILABLE,INSUFFICIENT_SAMPLE,CI overlay does not modify core_state.
NCAAB_H2_1_AUSTIN_TRANSFER_V1,WATCH_NEGATIVE,16,6,-48.75,3.3333333333333335,-52.083333333333336,-84.625,-6.9983552631579125,SUPPORTED,CI overlay does not modify core_state.
NCAAB_H2_1_AUSTIN_TRANSFER_V1,PERSISTENCE_2,5,1,-40.0,-80.0,40.0,0.0,80.0,INSUFFICIENT_SAMPLE,CI overlay does not modify core_state.
NCAAB_H2_1_AUSTIN_TRANSFER_V1,PERSISTENCE_3PLUS,4,1,-30.0,-80.0,50.0,0.0,100.0,INSUFFICIENT_SAMPLE,CI overlay does not modify core_state.
NCAAB_H2_1_AUSTIN_TRANSFER_V1,RECOVERING,0,0,UNAVAILABLE,UNAVAILABLE,UNAVAILABLE,UNAVAILABLE,UNAVAILABLE,INSUFFICIENT_SAMPLE,CI overlay does not modify core_state.
NCAAB_H2_1_AUSTIN_TRANSFER_V1,HEALTHY_AFTER_RECOVERY,0,0,UNAVAILABLE,UNAVAILABLE,UNAVAILABLE,UNAVAILABLE,UNAVAILABLE,INSUFFICIENT_SAMPLE,CI overlay does not modify core_state.
NCAAB_H2_1_AUSTIN_TRANSFER_V1,UNRESOLVED,0,0,UNAVAILABLE,UNAVAILABLE,UNAVAILABLE,UNAVAILABLE,UNAVAILABLE,INSUFFICIENT_SAMPLE,CI overlay does not modify core_state.
