source_experiment_id,contrast,left_state,right_state,metric,n_left,n_right,observed_delta,ci_lo,ci_hi,classification
NCAAB_H1_2_AUSTIN_TRANSFER_V1,WATCH_NEGATIVE vs HEALTHY,WATCH_NEGATIVE,HEALTHY,pnl,67,68,-7.6602282704126425,-14.876631716325893,-1.018471419979193,SUPPORTED
NCAAB_H1_2_AUSTIN_TRANSFER_V1,WATCH_NEGATIVE vs HEALTHY,WATCH_NEGATIVE,HEALTHY,loss_rate,67,68,0.07660228270412642,0.010184714199791932,0.14876631716325892,SUPPORTED
NCAAB_H1_2_AUSTIN_TRANSFER_V1,WATCH_NEGATIVE vs HEALTHY,WATCH_NEGATIVE,HEALTHY,mae,67,68,-1.9799465240641716,-9.130255505015779,4.859673917823885,MIXED
NCAAB_H1_2_AUSTIN_TRANSFER_V1,WATCH_NEGATIVE vs HEALTHY,WATCH_NEGATIVE,HEALTHY,mfe,67,68,5.023172905525845,1.5414716819221963,9.426254641272534,SUPPORTED
NCAAB_H1_2_AUSTIN_TRANSFER_V1,WATCH_NEGATIVE vs HEALTHY,WATCH_NEGATIVE,HEALTHY,recover_ge_80,67,68,-0.1503511852502195,-0.24396393369175623,-0.06767660329176485,SUPPORTED
NCAAB_H1_2_AUSTIN_TRANSFER_V1,PERSISTENCE_2 vs WATCH_NEGATIVE,PERSISTENCE_2,WATCH_NEGATIVE,pnl,52,67,3.587830080367394,-2.026079917870963,10.069206787192487,MIXED
NCAAB_H1_2_AUSTIN_TRANSFER_V1,PERSISTENCE_2 vs WATCH_NEGATIVE,PERSISTENCE_2,WATCH_NEGATIVE,loss_rate,52,67,-0.035878300803673935,-0.10069206787192488,0.020260799178709606,MIXED
NCAAB_H1_2_AUSTIN_TRANSFER_V1,PERSISTENCE_2 vs WATCH_NEGATIVE,PERSISTENCE_2,WATCH_NEGATIVE,mae,52,67,-0.10181818181818159,-4.116515151515153,4.3257844325272,MIXED
NCAAB_H1_2_AUSTIN_TRANSFER_V1,PERSISTENCE_2 vs WATCH_NEGATIVE,PERSISTENCE_2,WATCH_NEGATIVE,mfe,52,67,-2.4278787878787877,-6.04668682856369,0.4328939393939394,MIXED
NCAAB_H1_2_AUSTIN_TRANSFER_V1,PERSISTENCE_2 vs WATCH_NEGATIVE,PERSISTENCE_2,WATCH_NEGATIVE,recover_ge_80,52,67,-0.006888633754305373,-0.07886980193372764,0.061361461921163464,MIXED
NCAAB_H1_2_AUSTIN_TRANSFER_V1,PERSISTENCE_3PLUS vs PERSISTENCE_2,PERSISTENCE_3PLUS,PERSISTENCE_2,pnl,49,52,0.9811616954474096,-1.4423076923076925,4.967948717948719,MIXED
NCAAB_H1_2_AUSTIN_TRANSFER_V1,PERSISTENCE_3PLUS vs PERSISTENCE_2,PERSISTENCE_3PLUS,PERSISTENCE_2,loss_rate,49,52,-0.009811616954474106,-0.04967948717948718,0.014423076923076927,MIXED
NCAAB_H1_2_AUSTIN_TRANSFER_V1,PERSISTENCE_3PLUS vs PERSISTENCE_2,PERSISTENCE_3PLUS,PERSISTENCE_2,mae,49,52,-0.288333333333334,-1.4142959183673456,0.6636758893280635,MIXED
NCAAB_H1_2_AUSTIN_TRANSFER_V1,PERSISTENCE_3PLUS vs PERSISTENCE_2,PERSISTENCE_3PLUS,PERSISTENCE_2,mfe,49,52,0.7650000000000006,0.13979166666666548,1.6561843971631176,SUPPORTED
NCAAB_H1_2_AUSTIN_TRANSFER_V1,PERSISTENCE_3PLUS vs PERSISTENCE_2,PERSISTENCE_3PLUS,PERSISTENCE_2,recover_ge_80,49,52,0.026687598116169498,-0.005281674208144779,0.071605787829192,MIXED
NCAAB_H1_2_AUSTIN_TRANSFER_V1,RECOVERING vs PERSISTENCE_2,RECOVERING,PERSISTENCE_2,pnl,51,52,3.582202111613876,-6.932717742127827,14.17453062712643,MIXED
NCAAB_H1_2_AUSTIN_TRANSFER_V1,RECOVERING vs PERSISTENCE_2,RECOVERING,PERSISTENCE_2,loss_rate,51,52,-0.03582202111613875,-0.1417453062712643,0.06932717742127827,MIXED
NCAAB_H1_2_AUSTIN_TRANSFER_V1,RECOVERING vs PERSISTENCE_2,RECOVERING,PERSISTENCE_2,mae,51,52,5.581290322580644,-6.5262588417329805,16.596649420660196,MIXED
NCAAB_H1_2_AUSTIN_TRANSFER_V1,RECOVERING vs PERSISTENCE_2,RECOVERING,PERSISTENCE_2,mfe,51,52,-2.9245161290322574,-8.86754025829886,3.3094603610674986,MIXED
NCAAB_H1_2_AUSTIN_TRANSFER_V1,RECOVERING vs PERSISTENCE_2,RECOVERING,PERSISTENCE_2,recover_ge_80,51,52,-0.25942684766214186,-0.4431930154739281,-0.07644820971867018,SUPPORTED
NCAAB_H1_2_AUSTIN_TRANSFER_V1,HEALTHY_AFTER_RECOVERY vs PERSISTENCE_2,HEALTHY_AFTER_RECOVERY,PERSISTENCE_2,pnl,21,52,-6.501831501831502,-26.531339808650735,12.710314388913462,MIXED
NCAAB_H1_2_AUSTIN_TRANSFER_V1,HEALTHY_AFTER_RECOVERY vs PERSISTENCE_2,HEALTHY_AFTER_RECOVERY,PERSISTENCE_2,loss_rate,21,52,0.06501831501831501,-0.12710314388913457,0.2653133980865073,MIXED
NCAAB_H1_2_AUSTIN_TRANSFER_V1,HEALTHY_AFTER_RECOVERY vs PERSISTENCE_2,HEALTHY_AFTER_RECOVERY,PERSISTENCE_2,mae,21,52,9.209473684210527,-4.030892857142859,22.126622162022702,MIXED
NCAAB_H1_2_AUSTIN_TRANSFER_V1,HEALTHY_AFTER_RECOVERY vs PERSISTENCE_2,HEALTHY_AFTER_RECOVERY,PERSISTENCE_2,mfe,21,52,-10.649473684210525,-21.442711459583833,-1.6944373401534534,SUPPORTED
NCAAB_H1_2_AUSTIN_TRANSFER_V1,HEALTHY_AFTER_RECOVERY vs PERSISTENCE_2,HEALTHY_AFTER_RECOVERY,PERSISTENCE_2,recover_ge_80,21,52,-0.1501831501831502,-0.37148247978436655,0.08334090909090912,MIXED
NCAAB_H2_1_AUSTIN_TRANSFER_V1,WATCH_NEGATIVE vs HEALTHY,WATCH_NEGATIVE,HEALTHY,pnl,22,51,-50.623885918003566,-72.7790404040404,-30.427616747181972,SUPPORTED
NCAAB_H2_1_AUSTIN_TRANSFER_V1,WATCH_NEGATIVE vs HEALTHY,WATCH_NEGATIVE,HEALTHY,loss_rate,22,51,0.5062388591800356,0.3042761674718197,0.727790404040404,SUPPORTED
NCAAB_H2_1_AUSTIN_TRANSFER_V1,WATCH_NEGATIVE vs HEALTHY,WATCH_NEGATIVE,HEALTHY,mae,22,51,-6.693121693121693,-17.455166666666667,5.987933862433861,MIXED
NCAAB_H2_1_AUSTIN_TRANSFER_V1,WATCH_NEGATIVE vs HEALTHY,WATCH_NEGATIVE,HEALTHY,mfe,22,51,-3.7698412698412698,-13.489762253875156,5.942035170711641,MIXED
NCAAB_H2_1_AUSTIN_TRANSFER_V1,WATCH_NEGATIVE vs HEALTHY,WATCH_NEGATIVE,HEALTHY,recover_ge_80,22,51,-0.2237076648841355,-0.4571535982814179,-0.006750000000000155,SUPPORTED
NCAAB_H2_1_AUSTIN_TRANSFER_V1,PERSISTENCE_2 vs WATCH_NEGATIVE,PERSISTENCE_2,WATCH_NEGATIVE,pnl,6,22,-12.121212121212118,-50.0,25.462121212121204,MIXED
NCAAB_H2_1_AUSTIN_TRANSFER_V1,PERSISTENCE_2 vs WATCH_NEGATIVE,PERSISTENCE_2,WATCH_NEGATIVE,loss_rate,6,22,0.12121212121212122,-0.2546212121212121,0.5,MIXED
NCAAB_H2_1_AUSTIN_TRANSFER_V1,PERSISTENCE_2 vs WATCH_NEGATIVE,PERSISTENCE_2,WATCH_NEGATIVE,mae,6,22,-17.714285714285715,-29.942857142857143,-8.278571428571427,SUPPORTED
NCAAB_H2_1_AUSTIN_TRANSFER_V1,PERSISTENCE_2 vs WATCH_NEGATIVE,PERSISTENCE_2,WATCH_NEGATIVE,mfe,6,22,-0.3857142857142859,-9.878571428571428,9.107142857142858,MIXED
NCAAB_H2_1_AUSTIN_TRANSFER_V1,PERSISTENCE_2 vs WATCH_NEGATIVE,PERSISTENCE_2,WATCH_NEGATIVE,recover_ge_80,6,22,-0.22727272727272727,-0.4090909090909091,-0.045454545454545456,SUPPORTED
NCAAB_H2_1_AUSTIN_TRANSFER_V1,PERSISTENCE_3PLUS vs PERSISTENCE_2,PERSISTENCE_3PLUS,PERSISTENCE_2,pnl,5,6,6.666666666666664,0.0,33.33333333333333,MIXED
NCAAB_H2_1_AUSTIN_TRANSFER_V1,PERSISTENCE_3PLUS vs PERSISTENCE_2,PERSISTENCE_3PLUS,PERSISTENCE_2,loss_rate,5,6,-0.06666666666666665,-0.3333333333333333,0.0,MIXED
NCAAB_H2_1_AUSTIN_TRANSFER_V1,PERSISTENCE_3PLUS vs PERSISTENCE_2,PERSISTENCE_3PLUS,PERSISTENCE_2,mae,5,6,0.0,0.0,0.0,MIXED
NCAAB_H2_1_AUSTIN_TRANSFER_V1,PERSISTENCE_3PLUS vs PERSISTENCE_2,PERSISTENCE_3PLUS,PERSISTENCE_2,mfe,5,6,2.1,0.0,5.6,MIXED
NCAAB_H2_1_AUSTIN_TRANSFER_V1,PERSISTENCE_3PLUS vs PERSISTENCE_2,PERSISTENCE_3PLUS,PERSISTENCE_2,recover_ge_80,5,6,0.0,0.0,0.0,MIXED
NCAAB_H2_1_AUSTIN_TRANSFER_V1,RECOVERING vs PERSISTENCE_2,RECOVERING,PERSISTENCE_2,pnl,0,6,UNAVAILABLE,UNAVAILABLE,UNAVAILABLE,INSUFFICIENT_SAMPLE
NCAAB_H2_1_AUSTIN_TRANSFER_V1,RECOVERING vs PERSISTENCE_2,RECOVERING,PERSISTENCE_2,loss_rate,0,6,UNAVAILABLE,UNAVAILABLE,UNAVAILABLE,INSUFFICIENT_SAMPLE
NCAAB_H2_1_AUSTIN_TRANSFER_V1,RECOVERING vs PERSISTENCE_2,RECOVERING,PERSISTENCE_2,mae,0,6,UNAVAILABLE,UNAVAILABLE,UNAVAILABLE,INSUFFICIENT_SAMPLE
NCAAB_H2_1_AUSTIN_TRANSFER_V1,RECOVERING vs PERSISTENCE_2,RECOVERING,PERSISTENCE_2,mfe,0,6,UNAVAILABLE,UNAVAILABLE,UNAVAILABLE,INSUFFICIENT_SAMPLE
NCAAB_H2_1_AUSTIN_TRANSFER_V1,RECOVERING vs PERSISTENCE_2,RECOVERING,PERSISTENCE_2,recover_ge_80,0,6,UNAVAILABLE,UNAVAILABLE,UNAVAILABLE,INSUFFICIENT_SAMPLE
NCAAB_H2_1_AUSTIN_TRANSFER_V1,HEALTHY_AFTER_RECOVERY vs PERSISTENCE_2,HEALTHY_AFTER_RECOVERY,PERSISTENCE_2,pnl,0,6,UNAVAILABLE,UNAVAILABLE,UNAVAILABLE,INSUFFICIENT_SAMPLE
NCAAB_H2_1_AUSTIN_TRANSFER_V1,HEALTHY_AFTER_RECOVERY vs PERSISTENCE_2,HEALTHY_AFTER_RECOVERY,PERSISTENCE_2,loss_rate,0,6,UNAVAILABLE,UNAVAILABLE,UNAVAILABLE,INSUFFICIENT_SAMPLE
NCAAB_H2_1_AUSTIN_TRANSFER_V1,HEALTHY_AFTER_RECOVERY vs PERSISTENCE_2,HEALTHY_AFTER_RECOVERY,PERSISTENCE_2,mae,0,6,UNAVAILABLE,UNAVAILABLE,UNAVAILABLE,INSUFFICIENT_SAMPLE
NCAAB_H2_1_AUSTIN_TRANSFER_V1,HEALTHY_AFTER_RECOVERY vs PERSISTENCE_2,HEALTHY_AFTER_RECOVERY,PERSISTENCE_2,mfe,0,6,UNAVAILABLE,UNAVAILABLE,UNAVAILABLE,INSUFFICIENT_SAMPLE
NCAAB_H2_1_AUSTIN_TRANSFER_V1,HEALTHY_AFTER_RECOVERY vs PERSISTENCE_2,HEALTHY_AFTER_RECOVERY,PERSISTENCE_2,recover_ge_80,0,6,UNAVAILABLE,UNAVAILABLE,UNAVAILABLE,INSUFFICIENT_SAMPLE
