trade_id,internal_game_id,source_experiment_id,from_state,to_state,from_timestamp,to_timestamp,game_clock_minutes_elapsed,EV_before,EV_after,price_before,price_after,score_diff_before,score_diff_after,OUTCOME_pnl_hold_after_state,OUTCOME_future_T40,OUTCOME_future_MAE,OUTCOME_future_MFE,OUTCOME_recover_ge_80
00befb799c90c40d,NCAAB_20251111_FSU_FLA,NCAAB_H1_2_AUSTIN_TRANSFER_V1,WATCH_NEGATIVE,PERSISTENCE_2,2025-11-12T01:11:49+00:00,2025-11-12T01:11:49+00:00,2.0,-55.443780837326095,-55.443780837326095,78,78,-3,-3,20.0,True,0,0,False
00befb799c90c40d,NCAAB_20251111_FSU_FLA,NCAAB_H1_2_AUSTIN_TRANSFER_V1,PERSISTENCE_2,PERSISTENCE_3PLUS,2025-11-12T01:11:49+00:00,2025-11-12T01:11:49+00:00,2.0,-55.443780837326095,-55.443780837326095,78,78,-3,-3,20.0,True,0,0,False
1b95993f4b64a1d7,NCAAB_20251111_UK_LOU,NCAAB_H1_2_AUSTIN_TRANSFER_V1,WATCH_NEGATIVE,PERSISTENCE_2,2025-11-12T02:06:27+00:00,2025-11-12T02:06:27+00:00,2.0,-7.365559320579838,-7.365559320579838,81,81,7,7,20.0,True,0,18,True
1b95993f4b64a1d7,NCAAB_20251111_UK_LOU,NCAAB_H1_2_AUSTIN_TRANSFER_V1,PERSISTENCE_2,PERSISTENCE_3PLUS,2025-11-12T02:06:27+00:00,2025-11-12T02:06:27+00:00,2.0,-7.365559320579838,-7.365559320579838,81,81,7,7,20.0,True,0,18,True
b8c80caa49242cc1,NCAAB_20251111_TTU_ILL,NCAAB_H1_2_AUSTIN_TRANSFER_V1,WATCH_NEGATIVE,PERSISTENCE_2,2025-11-12T02:51:52+00:00,2025-11-12T02:51:52+00:00,2.0,-13.145671754460116,-13.145671754460116,88,88,13,13,20.0,True,11,11,True
b8c80caa49242cc1,NCAAB_20251111_TTU_ILL,NCAAB_H1_2_AUSTIN_TRANSFER_V1,PERSISTENCE_2,PERSISTENCE_3PLUS,2025-11-12T02:51:52+00:00,2025-11-12T02:51:52+00:00,2.0,-13.145671754460116,-13.145671754460116,88,88,13,13,20.0,True,11,11,True
6418fcd22fce92f3,NCAAB_20251113_PITT_WVU,NCAAB_H1_2_AUSTIN_TRANSFER_V1,WATCH_NEGATIVE,PERSISTENCE_2,2025-11-14T00:03:48+00:00,2025-11-14T00:03:48+00:00,2.0,-8.906133689703779,-8.906133689703779,89,89,9,9,20.0,True,0,10,True
6418fcd22fce92f3,NCAAB_20251113_PITT_WVU,NCAAB_H1_2_AUSTIN_TRANSFER_V1,PERSISTENCE_2,PERSISTENCE_3PLUS,2025-11-14T00:03:48+00:00,2025-11-14T00:03:48+00:00,2.0,-8.906133689703779,-8.906133689703779,89,89,9,9,20.0,True,0,10,True
d834607c08cd9710,NCAAB_20251114_GT_UGA,NCAAB_H1_2_AUSTIN_TRANSFER_V1,WATCH_NEGATIVE,PERSISTENCE_2,2025-11-15T03:17:55+00:00,2025-11-15T03:17:55+00:00,2.0,-3.441459911359874,-3.441459911359874,87,87,1,1,20.0,True,0,12,True
d834607c08cd9710,NCAAB_20251114_GT_UGA,NCAAB_H1_2_AUSTIN_TRANSFER_V1,PERSISTENCE_2,PERSISTENCE_3PLUS,2025-11-15T03:17:55+00:00,2025-11-15T03:17:55+00:00,2.0,-3.441459911359874,-3.441459911359874,87,87,1,1,20.0,True,0,12,True
69040d9f3369ada7,NCAAB_20251115_OKLA_NEB,NCAAB_H1_2_AUSTIN_TRANSFER_V1,WATCH_NEGATIVE,RECOVERING,2025-11-16T01:47:48+00:00,2025-11-16T01:13:54+00:00,2.0,-72.79525667177968,19.999999999999996,17,68,3,-7,-80.0,True,0,0,False
61ea9069a5d7cec5,NCAAB_20251116_HOU_AUB,NCAAB_H1_2_AUSTIN_TRANSFER_V1,WATCH_NEGATIVE,RECOVERING,2025-11-16T21:01:22+00:00,2025-11-16T21:17:27+00:00,0.0,-42.48248384412481,0.9934223438513055,75,80,-4,-4,20.0,True,1,0,True
63a57a9affd5d10f,NCAAB_20251118_MSU_UK,NCAAB_H1_2_AUSTIN_TRANSFER_V1,WATCH_NEGATIVE,PERSISTENCE_2,2025-11-19T00:25:39+00:00,2025-11-19T00:42:34+00:00,0.0,-40.803434756865514,-9.99887060305865,86,88,-17,-17,20.0,True,0,11,True
63a57a9affd5d10f,NCAAB_20251118_MSU_UK,NCAAB_H1_2_AUSTIN_TRANSFER_V1,PERSISTENCE_2,PERSISTENCE_3PLUS,2025-11-19T00:42:34+00:00,2025-11-19T00:42:34+00:00,2.0,-9.99887060305865,-9.99887060305865,88,88,-17,-17,20.0,True,0,11,True
63a57a9affd5d10f,NCAAB_20251118_MSU_UK,NCAAB_H1_2_AUSTIN_TRANSFER_V1,PERSISTENCE_2,RECOVERING,2025-11-19T00:42:34+00:00,2025-11-19T01:36:48+00:00,2.0,-9.99887060305865,20.0,88,99,-17,-17,20.0,True,9,2,True
7e044171c955b155,NCAAB_20251118_KU_DUKE,NCAAB_H1_2_AUSTIN_TRANSFER_V1,WATCH_NEGATIVE,PERSISTENCE_2,2025-11-19T03:17:21+00:00,2025-11-19T03:17:21+00:00,2.0,-7.216926441351909,-7.216926441351909,90,90,8,8,20.0,True,0,9,True
7e044171c955b155,NCAAB_20251118_KU_DUKE,NCAAB_H1_2_AUSTIN_TRANSFER_V1,PERSISTENCE_2,PERSISTENCE_3PLUS,2025-11-19T03:17:21+00:00,2025-11-19T03:17:21+00:00,2.0,-7.216926441351909,-7.216926441351909,90,90,8,8,20.0,True,0,9,True
45afbde2ad4d407a,NCAAB_20251121_NW_UVA,NCAAB_H1_2_AUSTIN_TRANSFER_V1,WATCH_NEGATIVE,RECOVERING,2025-11-21T22:58:54+00:00,2025-11-21T23:14:36+00:00,0.0,-17.233861705482276,4.616211422765095,82,77,4,4,20.0,True,39,22,True
b0913dbf7abd5848,NCAAB_20251121_KSU_NEB,NCAAB_H1_2_AUSTIN_TRANSFER_V1,WATCH_NEGATIVE,PERSISTENCE_2,2025-11-22T03:36:21+00:00,2025-11-22T03:36:21+00:00,2.0,-3.6531566854114494,-3.6531566854114494,81,81,10,10,20.0,True,50,0,True
b0913dbf7abd5848,NCAAB_20251121_KSU_NEB,NCAAB_H1_2_AUSTIN_TRANSFER_V1,PERSISTENCE_2,PERSISTENCE_3PLUS,2025-11-22T03:36:21+00:00,2025-11-22T03:36:21+00:00,2.0,-3.6531566854114494,-3.6531566854114494,81,81,10,10,20.0,True,50,0,True
bbbd545585b72d40,NCAAB_20251123_NW_SCAR,NCAAB_H1_2_AUSTIN_TRANSFER_V1,WATCH_NEGATIVE,PERSISTENCE_2,2025-11-23T22:48:35+00:00,2025-11-23T23:03:45+00:00,0.0,-80.00000000000001,-18.353426122785397,66,66,2,2,20.0,True,0,33,True
bbbd545585b72d40,NCAAB_20251123_NW_SCAR,NCAAB_H1_2_AUSTIN_TRANSFER_V1,PERSISTENCE_2,PERSISTENCE_3PLUS,2025-11-23T23:03:45+00:00,2025-11-23T23:03:45+00:00,2.0,-18.353426122785397,-18.353426122785397,66,66,2,2,20.0,True,0,33,True
ad36cf233dd1eff6,NCAAB_20251124_KU_ND,NCAAB_H1_2_AUSTIN_TRANSFER_V1,WATCH_NEGATIVE,PERSISTENCE_2,2025-11-24T21:21:45+00:00,2025-11-24T21:28:33+00:00,2.0,-51.967456457141104,-49.52191897609601,86,88,10,7,20.0,True,5,11,True
ad36cf233dd1eff6,NCAAB_20251124_KU_ND,NCAAB_H1_2_AUSTIN_TRANSFER_V1,PERSISTENCE_2,RECOVERING,2025-11-24T21:28:33+00:00,2025-11-24T21:43:49+00:00,0.0,-49.52191897609601,2.860820464000402,88,84,7,7,20.0,True,1,15,True
ad36cf233dd1eff6,NCAAB_20251124_KU_ND,NCAAB_H1_2_AUSTIN_TRANSFER_V1,WATCH_NEGATIVE,RECOVERING,2025-11-24T22:04:10+00:00,2025-11-24T21:43:49+00:00,2.0,-5.181670477653608,2.860820464000402,83,84,6,7,20.0,True,1,15,True
86e0d0af9d033fc6,NCAAB_20251124_HOU_SYR,NCAAB_H1_2_AUSTIN_TRANSFER_V1,WATCH_NEGATIVE,PERSISTENCE_2,2025-11-25T01:18:06+00:00,2025-11-25T01:18:06+00:00,2.0,-23.316433142086463,-23.316433142086463,67,67,2,2,20.0,False,UNAVAILABLE,UNAVAILABLE,UNAVAILABLE
18aa32a2a18ab92a,NCAAB_20251125_TENN_HOU,NCAAB_H1_2_AUSTIN_TRANSFER_V1,WATCH_NEGATIVE,RECOVERING,2025-11-26T00:02:22+00:00,2025-11-26T00:18:51+00:00,0.0,-43.94267571351401,7.705991572305388,66,70,4,4,-80.0,True,64,0,False
8b94b3a8edd2c980,NCAAB_20251128_WASH_COLO,NCAAB_H1_2_AUSTIN_TRANSFER_V1,WATCH_NEGATIVE,RECOVERING,2025-11-28T22:58:29+00:00,2025-11-28T22:39:23+00:00,2.0,-2.5117172989312437,12.273271792264497,81,91,7,17,20.0,True,0,8,True
9c1b4fdb45dc0e9a,NCAAB_20251202_IOWA_MSU,NCAAB_H1_2_AUSTIN_TRANSFER_V1,WATCH_NEGATIVE,RECOVERING,2025-12-03T00:52:32+00:00,2025-12-03T01:08:32+00:00,0.0,-41.43882575877494,12.15029178892964,94,94,14,14,20.0,True,0,5,True
0d652c71820f3bcf,NCAAB_20251202_MIA_MISS,NCAAB_H1_2_AUSTIN_TRANSFER_V1,WATCH_NEGATIVE,PERSISTENCE_2,2025-12-03T03:14:04+00:00,2025-12-03T03:14:04+00:00,2.0,-8.756320370067426,-8.756320370067426,93,93,-16,-16,20.0,True,2,6,True
0d652c71820f3bcf,NCAAB_20251202_MIA_MISS,NCAAB_H1_2_AUSTIN_TRANSFER_V1,PERSISTENCE_2,PERSISTENCE_3PLUS,2025-12-03T03:14:04+00:00,2025-12-03T03:14:04+00:00,2.0,-8.756320370067426,-8.756320370067426,93,93,-16,-16,20.0,True,2,6,True
6fb8c068ee4c641f,NCAAB_20251202_MIZZ_ND,NCAAB_H1_2_AUSTIN_TRANSFER_V1,WATCH_NEGATIVE,RECOVERING,2025-12-03T03:19:22+00:00,2025-12-03T03:12:47+00:00,2.0,-41.69071886199853,11.930680171298404,58,71,-4,-7,-80.0,True,32,0,False
6fb8c068ee4c641f,NCAAB_20251202_MIZZ_ND,NCAAB_H1_2_AUSTIN_TRANSFER_V1,WATCH_NEGATIVE,PERSISTENCE_2,2025-12-03T04:08:05+00:00,2025-12-03T04:22:26+00:00,2.0,-13.698151520271477,-66.78203087232032,54,39,-1,5,-80.0,True,UNAVAILABLE,UNAVAILABLE,UNAVAILABLE
6b487333bf807bcd,NCAAB_20251203_LOU_ARK,NCAAB_H1_2_AUSTIN_TRANSFER_V1,WATCH_NEGATIVE,PERSISTENCE_2,2025-12-04T01:35:19+00:00,2025-12-04T01:35:19+00:00,2.0,-3.3343386681231713,-3.3343386681231713,90,90,18,18,20.0,True,14,9,True
6b487333bf807bcd,NCAAB_20251203_LOU_ARK,NCAAB_H1_2_AUSTIN_TRANSFER_V1,PERSISTENCE_2,PERSISTENCE_3PLUS,2025-12-04T01:35:19+00:00,2025-12-04T01:35:19+00:00,2.0,-3.3343386681231713,-3.3343386681231713,90,90,18,18,20.0,True,14,9,True
6b487333bf807bcd,NCAAB_20251203_LOU_ARK,NCAAB_H1_2_AUSTIN_TRANSFER_V1,WATCH_NEGATIVE,RECOVERING,2025-12-04T01:35:19+00:00,2025-12-04T02:36:14+00:00,2.0,-3.3343386681231713,20.0,90,99,18,9,20.0,True,3,6,True
48a9d4d204dbc4d1,NCAAB_20251203_SMU_VAN,NCAAB_H1_2_AUSTIN_TRANSFER_V1,WATCH_NEGATIVE,RECOVERING,2025-12-04T03:01:19+00:00,2025-12-04T03:17:06+00:00,0.0,-1.1921583915937504,1.91404405322458,90,93,10,10,20.0,True,0,0,True
b8c2e88f06df43e3,NCAAB_20251206_OKLA_ASU,NCAAB_H1_2_AUSTIN_TRANSFER_V1,WATCH_NEGATIVE,PERSISTENCE_2,2025-12-07T04:06:13+00:00,2025-12-07T04:24:08+00:00,0.0,-27.397860571987792,-9.348187642080289,93,91,19,19,20.0,True,0,8,True
b8c2e88f06df43e3,NCAAB_20251206_OKLA_ASU,NCAAB_H1_2_AUSTIN_TRANSFER_V1,PERSISTENCE_2,PERSISTENCE_3PLUS,2025-12-07T04:24:08+00:00,2025-12-07T04:24:08+00:00,2.0,-9.348187642080289,-9.348187642080289,91,91,19,19,20.0,True,0,8,True
11eaf91f973232d2,NCAAB_20251207_SMU_TXAM,NCAAB_H1_2_AUSTIN_TRANSFER_V1,WATCH_NEGATIVE,RECOVERING,2025-12-07T23:53:03+00:00,2025-12-07T23:16:46+00:00,2.0,-33.499834051833766,11.913419254903149,69,87,5,14,20.0,True,47,0,True
11eaf91f973232d2,NCAAB_20251207_SMU_TXAM,NCAAB_H1_2_AUSTIN_TRANSFER_V1,WATCH_NEGATIVE,PERSISTENCE_2,2025-12-08T00:18:12+00:00,2025-12-08T00:21:07+00:00,0.0,-76.2790366506119,-4.94244038852087,40,46,0,0,20.0,True,0,0,False
11eaf91f973232d2,NCAAB_20251207_SMU_TXAM,NCAAB_H1_2_AUSTIN_TRANSFER_V1,PERSISTENCE_2,PERSISTENCE_3PLUS,2025-12-08T00:21:07+00:00,2025-12-08T00:21:07+00:00,2.0,-4.94244038852087,-4.94244038852087,46,46,0,0,20.0,True,0,0,False
6ccda2ea9da1df79,NCAAB_20251209_ILL_OSU,NCAAB_H1_2_AUSTIN_TRANSFER_V1,WATCH_NEGATIVE,RECOVERING,2025-12-10T01:21:49+00:00,2025-12-10T01:38:05+00:00,0.0,-23.094155936022073,11.832687915314358,78,77,-6,-6,20.0,True,2,22,True
ccef1b8251c252ac,NCAAB_20251210_WIS_NEB,NCAAB_H1_2_AUSTIN_TRANSFER_V1,WATCH_NEGATIVE,PERSISTENCE_2,2025-12-11T03:09:48+00:00,2025-12-11T03:09:48+00:00,2.0,-0.05961946966435927,-0.05961946966435927,91,91,16,16,20.0,True,0,8,True
ccef1b8251c252ac,NCAAB_20251210_WIS_NEB,NCAAB_H1_2_AUSTIN_TRANSFER_V1,PERSISTENCE_2,RECOVERING,2025-12-11T03:09:48+00:00,2025-12-11T03:18:05+00:00,2.0,-0.05961946966435927,12.046941128953085,91,94,16,17,20.0,True,3,5,True
ccef1b8251c252ac,NCAAB_20251210_WIS_NEB,NCAAB_H1_2_AUSTIN_TRANSFER_V1,PERSISTENCE_2,PERSISTENCE_3PLUS,2025-12-11T03:09:48+00:00,2025-12-11T03:09:48+00:00,2.0,-0.05961946966435927,-0.05961946966435927,91,91,16,16,20.0,True,0,8,True
339cb9486ec36c54,NCAAB_20251213_MICH_MD,NCAAB_H1_2_AUSTIN_TRANSFER_V1,WATCH_NEGATIVE,PERSISTENCE_2,2025-12-14T02:12:09+00:00,2025-12-14T02:15:12+00:00,0.0,-56.825327652648845,-47.26003051855834,80,80,5,5,20.0,True,0,0,True
339cb9486ec36c54,NCAAB_20251213_MICH_MD,NCAAB_H1_2_AUSTIN_TRANSFER_V1,PERSISTENCE_2,PERSISTENCE_3PLUS,2025-12-14T02:15:12+00:00,2025-12-14T02:15:12+00:00,2.0,-47.26003051855834,-47.26003051855834,80,80,5,5,20.0,True,0,0,True
792ec93ba0bf5eb1,NCAAB_20251213_SMU_LSU,NCAAB_H1_2_AUSTIN_TRANSFER_V1,WATCH_NEGATIVE,PERSISTENCE_2,2025-12-14T02:25:02+00:00,2025-12-14T02:39:55+00:00,0.0,-33.79005534053954,-45.074915281832006,59,61,3,3,20.0,True,0,38,True
792ec93ba0bf5eb1,NCAAB_20251213_SMU_LSU,NCAAB_H1_2_AUSTIN_TRANSFER_V1,PERSISTENCE_2,PERSISTENCE_3PLUS,2025-12-14T02:39:55+00:00,2025-12-14T02:39:55+00:00,2.0,-45.074915281832006,-45.074915281832006,61,61,3,3,20.0,True,0,38,True
f9654c885fdb0841,NCAAB_20251220_MD_UVA,NCAAB_H1_2_AUSTIN_TRANSFER_V1,WATCH_NEGATIVE,PERSISTENCE_2,2025-12-21T00:05:58+00:00,2025-12-21T00:05:58+00:00,2.0,-3.822134039305106,-3.822134039305106,92,92,5,5,20.0,True,0,7,True
f9654c885fdb0841,NCAAB_20251220_MD_UVA,NCAAB_H1_2_AUSTIN_TRANSFER_V1,PERSISTENCE_2,PERSISTENCE_3PLUS,2025-12-21T00:05:58+00:00,2025-12-21T00:05:58+00:00,2.0,-3.822134039305106,-3.822134039305106,92,92,5,5,20.0,True,0,7,True
e89a44c4339ee6af,NCAAB_20251221_ORST_ASU,NCAAB_H1_2_AUSTIN_TRANSFER_V1,WATCH_NEGATIVE,PERSISTENCE_2,2025-12-21T21:02:08+00:00,2025-12-21T21:17:00+00:00,0.0,-18.667400320938263,-2.3955330820402914,84,84,2,2,-80.0,True,68,12,True
e89a44c4339ee6af,NCAAB_20251221_ORST_ASU,NCAAB_H1_2_AUSTIN_TRANSFER_V1,PERSISTENCE_2,PERSISTENCE_3PLUS,2025-12-21T21:17:00+00:00,2025-12-21T21:17:00+00:00,2.0,-2.3955330820402914,-2.3955330820402914,84,84,2,2,-80.0,True,68,12,True
0fddb47f73afb527,NCAAB_20260103_BC_GT,NCAAB_H1_2_AUSTIN_TRANSFER_V1,WATCH_NEGATIVE,PERSISTENCE_2,2026-01-03T20:01:10+00:00,2026-01-03T20:14:12+00:00,0.0,-15.02498227664725,-24.841722722975486,73,75,3,3,20.0,True,0,24,True
0fddb47f73afb527,NCAAB_20260103_BC_GT,NCAAB_H1_2_AUSTIN_TRANSFER_V1,PERSISTENCE_2,PERSISTENCE_3PLUS,2026-01-03T20:14:12+00:00,2026-01-03T20:14:12+00:00,2.0,-24.841722722975486,-24.841722722975486,75,75,3,3,20.0,True,0,24,True
9f47ec88cb960c2b,NCAAB_20260103_MISS_OKLA,NCAAB_H1_2_AUSTIN_TRANSFER_V1,WATCH_NEGATIVE,PERSISTENCE_2,2026-01-03T21:18:06+00:00,2026-01-03T21:33:27+00:00,0.0,-67.4751909685269,-31.685843413053917,72,72,2,2,20.0,True,0,27,True
9f47ec88cb960c2b,NCAAB_20260103_MISS_OKLA,NCAAB_H1_2_AUSTIN_TRANSFER_V1,PERSISTENCE_2,PERSISTENCE_3PLUS,2026-01-03T21:33:27+00:00,2026-01-03T21:33:27+00:00,2.0,-31.685843413053917,-31.685843413053917,72,72,2,2,20.0,True,0,27,True
f5099282fcad5ae9,NCAAB_20260103_DUKE_FSU,NCAAB_H1_2_AUSTIN_TRANSFER_V1,WATCH_NEGATIVE,PERSISTENCE_2,2026-01-03T21:57:40+00:00,2026-01-03T21:57:40+00:00,2.0,-3.4134705788949997,-3.4134705788949997,85,85,0,0,20.0,True,0,14,True
f5099282fcad5ae9,NCAAB_20260103_DUKE_FSU,NCAAB_H1_2_AUSTIN_TRANSFER_V1,PERSISTENCE_2,PERSISTENCE_3PLUS,2026-01-03T21:57:40+00:00,2026-01-03T21:57:40+00:00,2.0,-3.4134705788949997,-3.4134705788949997,85,85,0,0,20.0,True,0,14,True
a4a396d73b1d8101,NCAAB_20260103_COLO_ASU,NCAAB_H1_2_AUSTIN_TRANSFER_V1,WATCH_NEGATIVE,PERSISTENCE_2,2026-01-03T23:17:17+00:00,2026-01-03T23:17:17+00:00,2.0,-18.73595034389679,-18.73595034389679,77,77,-10,-10,20.0,True,0,22,True
a4a396d73b1d8101,NCAAB_20260103_COLO_ASU,NCAAB_H1_2_AUSTIN_TRANSFER_V1,PERSISTENCE_2,PERSISTENCE_3PLUS,2026-01-03T23:17:17+00:00,2026-01-03T23:17:17+00:00,2.0,-18.73595034389679,-18.73595034389679,77,77,-10,-10,20.0,True,0,22,True
e531376d4e082828,NCAAB_20260105_ORE_RUTG,NCAAB_H1_2_AUSTIN_TRANSFER_V1,WATCH_NEGATIVE,PERSISTENCE_2,2026-01-06T02:05:03+00:00,2026-01-06T02:07:46+00:00,0.0,-58.174775921566166,-29.594006940488242,35,51,0,0,-80.0,True,0,0,False
e531376d4e082828,NCAAB_20260105_ORE_RUTG,NCAAB_H1_2_AUSTIN_TRANSFER_V1,PERSISTENCE_2,PERSISTENCE_3PLUS,2026-01-06T02:07:46+00:00,2026-01-06T02:07:35+00:00,2.0,-29.594006940488242,-26.083276844345196,51,51,0,0,-80.0,True,0,0,False
3ce7e101debc0081,NCAAB_20260106_CIN_WVU,NCAAB_H1_2_AUSTIN_TRANSFER_V1,WATCH_NEGATIVE,PERSISTENCE_2,2026-01-07T00:52:06+00:00,2026-01-07T01:08:06+00:00,0.0,-8.13657226672472,-32.800920488079434,58,57,3,3,20.0,True,0,42,True
3ce7e101debc0081,NCAAB_20260106_CIN_WVU,NCAAB_H1_2_AUSTIN_TRANSFER_V1,PERSISTENCE_2,PERSISTENCE_3PLUS,2026-01-07T01:08:06+00:00,2026-01-07T01:08:06+00:00,2.0,-32.800920488079434,-32.800920488079434,57,57,3,3,20.0,True,0,42,True
9463c12fa059c27e,NCAAB_20260106_TTU_HOU,NCAAB_H1_2_AUSTIN_TRANSFER_V1,WATCH_NEGATIVE,PERSISTENCE_2,2026-01-07T03:24:37+00:00,2026-01-07T03:24:37+00:00,2.0,-10.29700656893217,-10.29700656893217,68,68,0,0,20.0,True,10,31,True
9463c12fa059c27e,NCAAB_20260106_TTU_HOU,NCAAB_H1_2_AUSTIN_TRANSFER_V1,PERSISTENCE_2,PERSISTENCE_3PLUS,2026-01-07T03:24:37+00:00,2026-01-07T03:24:37+00:00,2.0,-10.29700656893217,-10.29700656893217,68,68,0,0,20.0,True,10,31,True
6e0f373eef010edf,NCAAB_20260106_TCU_KU,NCAAB_H1_2_AUSTIN_TRANSFER_V1,WATCH_NEGATIVE,RECOVERING,2026-01-07T04:00:14+00:00,2026-01-07T03:21:46+00:00,2.0,-80.0,11.974402211574931,6,77,-13,5,20.0,True,49,0,False
6e0f373eef010edf,NCAAB_20260106_TCU_KU,NCAAB_H1_2_AUSTIN_TRANSFER_V1,WATCH_NEGATIVE,PERSISTENCE_2,2026-01-07T04:28:55+00:00,2026-01-07T04:30:34+00:00,0.0,-59.71632351493692,-15.482429174977542,28,55,0,0,20.0,True,0,0,False
6e0f373eef010edf,NCAAB_20260106_TCU_KU,NCAAB_H1_2_AUSTIN_TRANSFER_V1,PERSISTENCE_2,PERSISTENCE_3PLUS,2026-01-07T04:30:34+00:00,2026-01-07T04:30:34+00:00,2.0,-15.482429174977542,-15.482429174977542,55,55,0,0,20.0,True,0,0,False
1844ab6448912e77,NCAAB_20260107_IND_MD,NCAAB_H1_2_AUSTIN_TRANSFER_V1,WATCH_NEGATIVE,RECOVERING,2026-01-08T00:24:58+00:00,2026-01-08T00:40:42+00:00,0.0,-17.836052604549728,8.057936836034102,84,83,-5,-5,20.0,True,9,16,True
258ac10ef11c9361,NCAAB_20260107_ALA_VAN,NCAAB_H1_2_AUSTIN_TRANSFER_V1,WATCH_NEGATIVE,PERSISTENCE_2,2026-01-08T03:06:05+00:00,2026-01-08T03:22:22+00:00,0.0,-2.039452579156045,-20.110091036809546,52,56,0,0,20.0,True,8,0,False
258ac10ef11c9361,NCAAB_20260107_ALA_VAN,NCAAB_H1_2_AUSTIN_TRANSFER_V1,PERSISTENCE_2,PERSISTENCE_3PLUS,2026-01-08T03:22:22+00:00,2026-01-08T03:22:22+00:00,2.0,-20.110091036809546,-20.110091036809546,56,56,0,0,20.0,True,8,0,False
2cc5c41b0ac4171f,NCAAB_20260107_SMU_CLEM,NCAAB_H1_2_AUSTIN_TRANSFER_V1,WATCH_NEGATIVE,PERSISTENCE_2,2026-01-08T03:11:27+00:00,2026-01-08T03:11:27+00:00,2.0,-9.842022696356349,-9.842022696356349,82,82,9,9,20.0,True,0,17,True
2cc5c41b0ac4171f,NCAAB_20260107_SMU_CLEM,NCAAB_H1_2_AUSTIN_TRANSFER_V1,PERSISTENCE_2,PERSISTENCE_3PLUS,2026-01-08T03:11:27+00:00,2026-01-08T03:11:27+00:00,2.0,-9.842022696356349,-9.842022696356349,82,82,9,9,20.0,True,0,17,True
2552258eb6255e8e,NCAAB_20260108_NW_MSU,NCAAB_H1_2_AUSTIN_TRANSFER_V1,WATCH_NEGATIVE,RECOVERING,2026-01-09T00:47:34+00:00,2026-01-09T00:33:46+00:00,2.0,-23.853784964119665,0.6485491808150625,65,63,-3,-7,20.0,True,0,36,True
30b1ac78fc209527,NCAAB_20260110_BC_LOU,NCAAB_H1_2_AUSTIN_TRANSFER_V1,WATCH_NEGATIVE,PERSISTENCE_2,2026-01-10T17:50:25+00:00,2026-01-10T18:03:10+00:00,0.0,-80.0,-40.11737728347226,79,80,-4,-4,20.0,True,0,19,True
30b1ac78fc209527,NCAAB_20260110_BC_LOU,NCAAB_H1_2_AUSTIN_TRANSFER_V1,PERSISTENCE_2,PERSISTENCE_3PLUS,2026-01-10T18:03:10+00:00,2026-01-10T18:03:10+00:00,2.0,-40.11737728347226,-40.11737728347226,80,80,-4,-4,20.0,True,0,19,True
e917fde8d089fff6,NCAAB_20260110_NEB_IND,NCAAB_H1_2_AUSTIN_TRANSFER_V1,WATCH_NEGATIVE,RECOVERING,2026-01-10T18:21:13+00:00,2026-01-10T17:56:33+00:00,2.0,-37.53710918840712,11.95900423429052,58,80,0,9,-80.0,True,77,0,True
b7c8409c2540bbbc,NCAAB_20260110_TENN_FLA,NCAAB_H1_2_AUSTIN_TRANSFER_V1,WATCH_NEGATIVE,RECOVERING,2026-01-10T17:54:17+00:00,2026-01-10T18:10:11+00:00,0.0,-0.2692327456439063,7.874215097166231,88,90,13,13,20.0,True,0,9,True
57d5aee55815cd68,NCAAB_20260110_OKLA_TXAM,NCAAB_H1_2_AUSTIN_TRANSFER_V1,WATCH_NEGATIVE,PERSISTENCE_2,2026-01-10T21:31:49+00:00,2026-01-10T21:43:47+00:00,0.0,-24.589940212073618,-37.44514701085004,69,70,3,3,20.0,True,14,0,False
57d5aee55815cd68,NCAAB_20260110_OKLA_TXAM,NCAAB_H1_2_AUSTIN_TRANSFER_V1,PERSISTENCE_2,PERSISTENCE_3PLUS,2026-01-10T21:43:47+00:00,2026-01-10T21:43:47+00:00,2.0,-37.44514701085004,-37.44514701085004,70,70,3,3,20.0,True,14,0,False
4fa5feba84ffea5d,NCAAB_20260110_OKST_ISU,NCAAB_H1_2_AUSTIN_TRANSFER_V1,WATCH_NEGATIVE,PERSISTENCE_2,2026-01-10T22:20:43+00:00,2026-01-10T22:20:43+00:00,2.0,-19.23267993379089,-19.23267993379089,88,88,2,2,20.0,True,0,11,True
4fa5feba84ffea5d,NCAAB_20260110_OKST_ISU,NCAAB_H1_2_AUSTIN_TRANSFER_V1,PERSISTENCE_2,PERSISTENCE_3PLUS,2026-01-10T22:20:43+00:00,2026-01-10T22:20:43+00:00,2.0,-19.23267993379089,-19.23267993379089,88,88,2,2,20.0,True,0,11,True
ee5e88f2a29da5d0,NCAAB_20260110_ARK_AUB,NCAAB_H1_2_AUSTIN_TRANSFER_V1,WATCH_NEGATIVE,PERSISTENCE_2,2026-01-11T00:00:17+00:00,2026-01-11T00:15:42+00:00,0.0,-80.0,-0.3900262896697999,91,91,15,15,20.0,True,0,8,True
ee5e88f2a29da5d0,NCAAB_20260110_ARK_AUB,NCAAB_H1_2_AUSTIN_TRANSFER_V1,PERSISTENCE_2,PERSISTENCE_3PLUS,2026-01-11T00:15:42+00:00,2026-01-11T00:15:42+00:00,2.0,-0.3900262896697999,-0.3900262896697999,91,91,15,15,20.0,True,0,8,True
ccb4b57da2a28d48,NCAAB_20260113_MIA_ND,NCAAB_H1_2_AUSTIN_TRANSFER_V1,WATCH_NEGATIVE,PERSISTENCE_2,2026-01-14T01:08:48+00:00,2026-01-14T01:08:48+00:00,2.0,-15.528463484872738,-15.528463484872738,62,62,0,0,20.0,True,0,37,True
ccb4b57da2a28d48,NCAAB_20260113_MIA_ND,NCAAB_H1_2_AUSTIN_TRANSFER_V1,PERSISTENCE_2,RECOVERING,2026-01-14T01:08:48+00:00,2026-01-14T01:23:20+00:00,2.0,-15.528463484872738,16.005950727308576,62,88,0,-9,20.0,True,26,11,True
ccb4b57da2a28d48,NCAAB_20260113_MIA_ND,NCAAB_H1_2_AUSTIN_TRANSFER_V1,PERSISTENCE_2,PERSISTENCE_3PLUS,2026-01-14T01:08:48+00:00,2026-01-14T01:08:48+00:00,2.0,-15.528463484872738,-15.528463484872738,62,62,0,0,20.0,True,0,37,True
4cdea7faa47cd8a0,NCAAB_20260113_ORE_NEB,NCAAB_H1_2_AUSTIN_TRANSFER_V1,WATCH_NEGATIVE,PERSISTENCE_2,2026-01-14T03:12:33+00:00,2026-01-14T03:12:33+00:00,2.0,-1.5927867032423717,-1.5927867032423717,95,95,12,12,20.0,True,0,0,True
4cdea7faa47cd8a0,NCAAB_20260113_ORE_NEB,NCAAB_H1_2_AUSTIN_TRANSFER_V1,PERSISTENCE_2,PERSISTENCE_3PLUS,2026-01-14T03:12:33+00:00,2026-01-14T03:12:33+00:00,2.0,-1.5927867032423717,-1.5927867032423717,95,95,12,12,20.0,True,0,0,True
2edff8739df98091,NCAAB_20260114_MISS_UGA,NCAAB_H1_2_AUSTIN_TRANSFER_V1,WATCH_NEGATIVE,PERSISTENCE_2,2026-01-15T02:06:58+00:00,2026-01-15T02:09:18+00:00,2.0,-9.557816951451493,-41.56148151307666,67,62,0,0,-80.0,True,0,0,False
2edff8739df98091,NCAAB_20260114_MISS_UGA,NCAAB_H1_2_AUSTIN_TRANSFER_V1,PERSISTENCE_2,PERSISTENCE_3PLUS,2026-01-15T02:09:18+00:00,2026-01-15T02:09:18+00:00,2.0,-41.56148151307666,-41.56148151307666,62,62,0,0,-80.0,True,UNAVAILABLE,UNAVAILABLE,UNAVAILABLE
50abd8cf8a02fdd8,NCAAB_20260114_UK_LSU,NCAAB_H1_2_AUSTIN_TRANSFER_V1,WATCH_NEGATIVE,PERSISTENCE_2,2026-01-15T01:04:56+00:00,2026-01-15T01:04:56+00:00,2.0,-3.484134045764077,-3.484134045764077,87,87,16,16,-80.0,True,65,0,True
50abd8cf8a02fdd8,NCAAB_20260114_UK_LSU,NCAAB_H1_2_AUSTIN_TRANSFER_V1,PERSISTENCE_2,PERSISTENCE_3PLUS,2026-01-15T01:04:56+00:00,2026-01-15T01:04:56+00:00,2.0,-3.484134045764077,-3.484134045764077,87,87,16,16,-80.0,True,65,0,True
16619015f386a4b2,NCAAB_20260114_UCLA_PSU,NCAAB_H1_2_AUSTIN_TRANSFER_V1,WATCH_NEGATIVE,PERSISTENCE_2,2026-01-15T02:51:39+00:00,2026-01-15T02:51:39+00:00,2.0,-7.5520498649499626,-7.5520498649499626,79,79,-6,-6,20.0,True,0,20,True
16619015f386a4b2,NCAAB_20260114_UCLA_PSU,NCAAB_H1_2_AUSTIN_TRANSFER_V1,PERSISTENCE_2,PERSISTENCE_3PLUS,2026-01-15T02:51:39+00:00,2026-01-15T02:51:39+00:00,2.0,-7.5520498649499626,-7.5520498649499626,79,79,-6,-6,20.0,True,0,20,True
4f1cfeef318f10c9,NCAAB_20260114_TCU_BYU,NCAAB_H1_2_AUSTIN_TRANSFER_V1,WATCH_NEGATIVE,PERSISTENCE_2,2026-01-15T05:08:25+00:00,2026-01-15T05:24:52+00:00,0.0,-47.490354737075,-11.956679732085876,63,67,-6,-6,20.0,True,0,32,True
4f1cfeef318f10c9,NCAAB_20260114_TCU_BYU,NCAAB_H1_2_AUSTIN_TRANSFER_V1,PERSISTENCE_2,PERSISTENCE_3PLUS,2026-01-15T05:24:52+00:00,2026-01-15T05:24:52+00:00,2.0,-11.956679732085876,-11.956679732085876,67,67,-6,-6,20.0,True,0,32,True
4a6c310a9266f6ee,NCAAB_20260114_DUKE_CAL,NCAAB_H1_2_AUSTIN_TRANSFER_V1,WATCH_NEGATIVE,PERSISTENCE_2,2026-01-15T05:12:13+00:00,2026-01-15T05:12:13+00:00,2.0,-6.002382599310989,-6.002382599310989,91,91,-7,-7,20.0,True,0,8,True
4a6c310a9266f6ee,NCAAB_20260114_DUKE_CAL,NCAAB_H1_2_AUSTIN_TRANSFER_V1,PERSISTENCE_2,PERSISTENCE_3PLUS,2026-01-15T05:12:13+00:00,2026-01-15T05:12:13+00:00,2.0,-6.002382599310989,-6.002382599310989,91,91,-7,-7,20.0,True,0,8,True
53a941af54c99419,NCAAB_20260117_GT_NCST,NCAAB_H1_2_AUSTIN_TRANSFER_V1,WATCH_NEGATIVE,PERSISTENCE_2,2026-01-17T18:04:21+00:00,2026-01-17T18:04:21+00:00,2.0,-11.67839238695732,-11.67839238695732,85,85,1,1,-80.0,True,84,7,True
53a941af54c99419,NCAAB_20260117_GT_NCST,NCAAB_H1_2_AUSTIN_TRANSFER_V1,PERSISTENCE_2,PERSISTENCE_3PLUS,2026-01-17T18:04:21+00:00,2026-01-17T18:04:21+00:00,2.0,-11.67839238695732,-11.67839238695732,85,85,1,1,-80.0,True,84,7,True
a4307c0519ec522b,NCAAB_20260117_MINN_ILL,NCAAB_H1_2_AUSTIN_TRANSFER_V1,WATCH_NEGATIVE,PERSISTENCE_2,2026-01-17T17:49:57+00:00,2026-01-17T18:04:56+00:00,0.0,-75.76093560580811,-14.657455757848002,84,84,0,0,20.0,True,0,15,True
a4307c0519ec522b,NCAAB_20260117_MINN_ILL,NCAAB_H1_2_AUSTIN_TRANSFER_V1,PERSISTENCE_2,PERSISTENCE_3PLUS,2026-01-17T18:04:56+00:00,2026-01-17T18:03:39+00:00,2.0,-14.657455757848002,-14.657455757848002,84,84,0,0,20.0,True,0,15,True
d2c9f936d8887f23,NCAAB_20260117_UNC_CAL,NCAAB_H1_2_AUSTIN_TRANSFER_V1,WATCH_NEGATIVE,PERSISTENCE_2,2026-01-17T22:07:08+00:00,2026-01-17T22:07:08+00:00,2.0,-13.741949998560546,-13.741949998560546,83,83,17,17,20.0,True,0,16,True
d2c9f936d8887f23,NCAAB_20260117_UNC_CAL,NCAAB_H1_2_AUSTIN_TRANSFER_V1,PERSISTENCE_2,PERSISTENCE_3PLUS,2026-01-17T22:07:08+00:00,2026-01-17T22:07:08+00:00,2.0,-13.741949998560546,-13.741949998560546,83,83,17,17,20.0,True,0,16,True
d1d5e91212f8c11d,NCAAB_20260117_MISS_MSST,NCAAB_H1_2_AUSTIN_TRANSFER_V1,WATCH_NEGATIVE,PERSISTENCE_2,2026-01-18T02:15:29+00:00,2026-01-18T02:30:59+00:00,0.0,-69.17463620035466,-41.1544301826742,70,68,3,3,-80.0,True,47,0,False
d1d5e91212f8c11d,NCAAB_20260117_MISS_MSST,NCAAB_H1_2_AUSTIN_TRANSFER_V1,PERSISTENCE_2,PERSISTENCE_3PLUS,2026-01-18T02:30:59+00:00,2026-01-18T02:30:59+00:00,2.0,-41.1544301826742,-41.1544301826742,68,68,3,3,-80.0,True,47,0,False
b05c00e26d4dbf83,NCAAB_20260120_VAN_ARK,NCAAB_H1_2_AUSTIN_TRANSFER_V1,WATCH_NEGATIVE,RECOVERING,2026-01-21T02:51:27+00:00,2026-01-21T02:54:37+00:00,2.0,-24.567859935082208,20.000000000000004,84,80,13,11,20.0,True,2,19,True
b05c00e26d4dbf83,NCAAB_20260120_VAN_ARK,NCAAB_H1_2_AUSTIN_TRANSFER_V1,WATCH_NEGATIVE,PERSISTENCE_2,2026-01-21T03:09:18+00:00,2026-01-21T03:14:01+00:00,2.0,-0.21476485584539395,-12.381480872451572,78,83,11,13,20.0,True,5,16,True
b05c00e26d4dbf83,NCAAB_20260120_VAN_ARK,NCAAB_H1_2_AUSTIN_TRANSFER_V1,PERSISTENCE_2,PERSISTENCE_3PLUS,2026-01-21T03:14:01+00:00,2026-01-21T03:09:18+00:00,2.0,-12.381480872451572,-0.21476485584539395,83,78,13,11,20.0,True,0,21,True
4e9f2aaf642a4465,NCAAB_20260120_MSU_ORE,NCAAB_H1_2_AUSTIN_TRANSFER_V1,WATCH_NEGATIVE,PERSISTENCE_2,2026-01-21T03:14:06+00:00,2026-01-21T03:14:06+00:00,2.0,-3.2212695272144076,-3.2212695272144076,82,82,-2,-2,20.0,True,10,13,True
4e9f2aaf642a4465,NCAAB_20260120_MSU_ORE,NCAAB_H1_2_AUSTIN_TRANSFER_V1,PERSISTENCE_2,PERSISTENCE_3PLUS,2026-01-21T03:14:06+00:00,2026-01-21T03:22:41+00:00,2.0,-3.2212695272144076,-10.480118907745354,82,72,-2,0,20.0,True,-10,23,True
eb84767c95d5f96c,NCAAB_20260121_WVU_ASU,NCAAB_H1_2_AUSTIN_TRANSFER_V1,WATCH_NEGATIVE,PERSISTENCE_2,2026-01-22T02:47:19+00:00,2026-01-22T03:01:31+00:00,0.0,-42.650194236274004,-48.11732257913231,66,57,2,2,-80.0,True,55,0,False
eb84767c95d5f96c,NCAAB_20260121_WVU_ASU,NCAAB_H1_2_AUSTIN_TRANSFER_V1,PERSISTENCE_2,PERSISTENCE_3PLUS,2026-01-22T03:01:31+00:00,2026-01-22T03:01:31+00:00,2.0,-48.11732257913231,-48.11732257913231,57,57,2,2,-80.0,True,55,0,False
605cd9a880ceb9ec,NCAAB_20260121_VT_SYR,NCAAB_H1_2_AUSTIN_TRANSFER_V1,WATCH_NEGATIVE,RECOVERING,2026-01-22T02:51:30+00:00,2026-01-22T03:03:05+00:00,0.0,-35.6181400914486,11.66813889748943,75,74,7,7,-80.0,True,69,3,False
7c81e3f934d907fb,NCAAB_20260124_NCST_PITT,NCAAB_H1_2_AUSTIN_TRANSFER_V1,WATCH_NEGATIVE,PERSISTENCE_2,2026-01-24T17:53:35+00:00,2026-01-24T18:08:31+00:00,0.0,-76.43246593663807,-13.965135862121656,65,70,-1,-1,20.0,True,21,29,True
7c81e3f934d907fb,NCAAB_20260124_NCST_PITT,NCAAB_H1_2_AUSTIN_TRANSFER_V1,PERSISTENCE_2,PERSISTENCE_3PLUS,2026-01-24T18:08:31+00:00,2026-01-24T18:13:29+00:00,2.0,-13.965135862121656,-19.67789209205093,70,63,-1,0,20.0,True,14,36,True
c2d7d4ac59413768,NCAAB_20260124_TENN_ALA,NCAAB_H1_2_AUSTIN_TRANSFER_V1,WATCH_NEGATIVE,PERSISTENCE_2,2026-01-25T02:24:28+00:00,2026-01-25T02:39:07+00:00,0.0,-49.739541453622785,-41.42774063566448,67,66,3,3,-80.0,True,64,0,False
c2d7d4ac59413768,NCAAB_20260124_TENN_ALA,NCAAB_H1_2_AUSTIN_TRANSFER_V1,PERSISTENCE_2,PERSISTENCE_3PLUS,2026-01-25T02:39:07+00:00,2026-01-25T02:39:07+00:00,2.0,-41.42774063566448,-41.42774063566448,66,66,3,3,-80.0,True,64,0,False
299557bc5c47afb8,NCAAB_20260127_MSU_RUTG,NCAAB_H1_2_AUSTIN_TRANSFER_V1,WATCH_NEGATIVE,PERSISTENCE_2,2026-01-28T00:20:29+00:00,2026-01-28T00:37:52+00:00,0.0,-80.0,-4.394743347188894,58,60,9,9,20.0,True,46,32,True
299557bc5c47afb8,NCAAB_20260127_MSU_RUTG,NCAAB_H1_2_AUSTIN_TRANSFER_V1,PERSISTENCE_2,PERSISTENCE_3PLUS,2026-01-28T00:37:52+00:00,2026-01-28T00:35:48+00:00,2.0,-4.394743347188894,-4.394743347188894,60,60,9,9,20.0,True,46,32,True
299557bc5c47afb8,NCAAB_20260127_MSU_RUTG,NCAAB_H1_2_AUSTIN_TRANSFER_V1,PERSISTENCE_2,RECOVERING,2026-01-28T01:38:46+00:00,2026-01-28T01:47:51+00:00,2.0,-30.72334473312205,19.999999999999996,64,92,0,-5,20.0,True,-50,78,True
a5aed87e1b755a26,NCAAB_20260127_KSU_WVU,NCAAB_H1_2_AUSTIN_TRANSFER_V1,WATCH_NEGATIVE,RECOVERING,2026-01-28T03:25:52+00:00,2026-01-28T03:34:12+00:00,2.0,-29.214895714544213,7.3584404137811745,43,62,-4,1,20.0,True,-37,37,True
23b638c1e5542f81,NCAAB_20251123_CLEM_UGA,NCAAB_H2_1_AUSTIN_TRANSFER_V1,WATCH_NEGATIVE,PERSISTENCE_2,2025-11-23T20:27:04+00:00,2025-11-23T20:27:04+00:00,2.0,-60.28568603537464,-60.28568603537464,45,45,0,0,20.0,True,0,0,False
23b638c1e5542f81,NCAAB_20251123_CLEM_UGA,NCAAB_H2_1_AUSTIN_TRANSFER_V1,PERSISTENCE_2,PERSISTENCE_3PLUS,2025-11-23T20:27:04+00:00,2025-11-23T20:27:04+00:00,2.0,-60.28568603537464,-60.28568603537464,45,45,0,0,20.0,True,UNAVAILABLE,UNAVAILABLE,UNAVAILABLE
3cd4429a5abc895c,NCAAB_20251128_SMU_MSST,NCAAB_H2_1_AUSTIN_TRANSFER_V1,WATCH_NEGATIVE,PERSISTENCE_2,2025-11-29T02:07:09+00:00,2025-11-29T02:09:25+00:00,2.0,-46.63204424299541,-0.043410517261417536,70,54,0,0,-80.0,True,0,0,False
3cd4429a5abc895c,NCAAB_20251128_SMU_MSST,NCAAB_H2_1_AUSTIN_TRANSFER_V1,PERSISTENCE_2,PERSISTENCE_3PLUS,2025-11-29T02:09:25+00:00,2025-11-29T02:09:25+00:00,2.0,-0.043410517261417536,-0.043410517261417536,54,54,0,0,-80.0,True,UNAVAILABLE,UNAVAILABLE,UNAVAILABLE
4e4e64849bca13f1,NCAAB_20251213_WVU_OSU,NCAAB_H2_1_AUSTIN_TRANSFER_V1,WATCH_NEGATIVE,PERSISTENCE_2,2025-12-14T03:20:39+00:00,2025-12-14T03:22:14+00:00,0.0,-43.19637512452495,-72.38475421217011,49,41,0,0,-80.0,True,0,7,False
4e4e64849bca13f1,NCAAB_20251213_WVU_OSU,NCAAB_H2_1_AUSTIN_TRANSFER_V1,PERSISTENCE_2,PERSISTENCE_3PLUS,2025-12-14T03:22:14+00:00,2025-12-14T03:22:14+00:00,2.0,-72.38475421217011,-72.38475421217011,41,41,0,0,-80.0,True,0,7,False
b56311a044354b03,NCAAB_20260109_USC_MINN,NCAAB_H2_1_AUSTIN_TRANSFER_V1,WATCH_NEGATIVE,PERSISTENCE_2,2026-01-10T03:43:47+00:00,2026-01-10T03:45:39+00:00,0.0,-71.85154316702548,-60.53560856490807,56,47,0,0,20.0,True,0,0,False
b56311a044354b03,NCAAB_20260109_USC_MINN,NCAAB_H2_1_AUSTIN_TRANSFER_V1,PERSISTENCE_2,PERSISTENCE_3PLUS,2026-01-10T03:45:39+00:00,2026-01-10T03:45:39+00:00,2.0,-60.53560856490807,-60.53560856490807,47,47,0,0,20.0,True,0,0,False
f333ff485b989bc2,NCAAB_20260110_WIS_MICH,NCAAB_H2_1_AUSTIN_TRANSFER_V1,WATCH_NEGATIVE,PERSISTENCE_2,2026-01-10T20:05:57+00:00,2026-01-10T20:19:41+00:00,2.0,-27.10224699383906,-56.52707600270683,29,15,-4,-3,-80.0,True,UNAVAILABLE,UNAVAILABLE,UNAVAILABLE
42b0b2306bc97af2,NCAAB_20260204_BYU_OKST,NCAAB_H2_1_AUSTIN_TRANSFER_V1,WATCH_NEGATIVE,PERSISTENCE_2,2026-02-05T04:01:08+00:00,2026-02-05T04:13:34+00:00,2.0,-80.0,-80.0,5,1,12,8,-80.0,True,0,0,False
42b0b2306bc97af2,NCAAB_20260204_BYU_OKST,NCAAB_H2_1_AUSTIN_TRANSFER_V1,PERSISTENCE_2,PERSISTENCE_3PLUS,2026-02-05T04:13:34+00:00,2026-02-05T04:27:12+00:00,2.0,-80.0,-79.99999999999999,1,1,8,7,-80.0,True,UNAVAILABLE,UNAVAILABLE,UNAVAILABLE
