control,split,n_total,n_wins,k_never_t40,p_not_t40_given_w,wilson_lo,wilson_hi
FIRST80,FULL,1230,1019,910,0.8930323846908734,0.8725574147702241,0.9105550436984186
FIRST80,TRAIN,504,407,362,0.8894348894348895,0.8552517005277357,0.9163352079060744
FIRST80,VALIDATION,483,403,365,0.9057071960297767,0.8732218035268576,0.9305308117415908
FIRST80,OOS,243,209,183,0.8755980861244019,0.8239638255663728,0.9136739294589606
FIRST75,FULL,1176,915,781,0.853551912568306,0.8291651422703343,0.8749823408214195
FIRST75,TRAIN,484,362,307,0.8480662983425414,0.8074468447791315,0.8813758588171791
FIRST75,VALIDATION,459,358,311,0.8687150837988827,0.8297839228534598,0.8998170959348719
FIRST75,OOS,233,195,163,0.8358974358974359,0.7775207381981005,0.8812951232715317
NON_FIRST80,FULL,247,211,200,0.9478672985781991,0.9090738014369016,0.9706440930490824
NON_FIRST80,TRAIN,109,97,93,0.9587628865979382,0.8987232470071496,0.983849024753711
NON_FIRST80,VALIDATION,93,80,75,0.9375,0.8618967084664824,0.9730110223020145
NON_FIRST80,OOS,45,34,32,0.9411764705882353,0.8090606311053629,0.9837176869361576
