period,n,gross_pnl_cents,net_pnl_cents,wins,losses,flats,book
2025-10-27,5,169180,166870,5,0,0,ONE_20000_BOOK_ATTRIBUTION
2025-11-03,16,196394,183534,9,7,0,ONE_20000_BOOK_ATTRIBUTION
2025-11-10,15,268862,255128,9,6,0,ONE_20000_BOOK_ATTRIBUTION
2025-11-17,14,102124,86007,6,8,0,ONE_20000_BOOK_ATTRIBUTION
2025-11-24,14,100298,83100,6,8,0,ONE_20000_BOOK_ATTRIBUTION
2025-12-01,19,306141,282925,10,9,0,ONE_20000_BOOK_ATTRIBUTION
2025-12-08,11,-63272,-81806,3,8,0,ONE_20000_BOOK_ATTRIBUTION
2025-12-15,12,193908,176429,6,6,0,ONE_20000_BOOK_ATTRIBUTION
2025-12-22,23,332805,297644,11,12,0,ONE_20000_BOOK_ATTRIBUTION
2025-12-29,16,514668,490750,10,6,0,ONE_20000_BOOK_ATTRIBUTION
2026-01-05,21,242374,200832,9,12,0,ONE_20000_BOOK_ATTRIBUTION
2026-01-12,20,347281,303464,9,11,0,ONE_20000_BOOK_ATTRIBUTION
2026-01-19,20,897292,850629,12,8,0,ONE_20000_BOOK_ATTRIBUTION
2026-01-26,28,1075899,997186,15,13,0,ONE_20000_BOOK_ATTRIBUTION
2026-02-02,23,284537,203626,9,14,0,ONE_20000_BOOK_ATTRIBUTION
2026-02-09,8,307769,280277,4,4,0,ONE_20000_BOOK_ATTRIBUTION
2026-02-16,11,360646,314796,5,6,0,ONE_20000_BOOK_ATTRIBUTION
2026-02-23,25,456203,333303,10,15,0,ONE_20000_BOOK_ATTRIBUTION
2026-03-02,19,1352835,1252737,10,9,0,ONE_20000_BOOK_ATTRIBUTION
2026-03-09,22,1124343,972917,10,12,0,ONE_20000_BOOK_ATTRIBUTION
2026-03-16,12,-12210,-111319,4,8,0,ONE_20000_BOOK_ATTRIBUTION
2026-03-23,17,2260885,2141419,10,7,0,ONE_20000_BOOK_ATTRIBUTION
2026-03-30,11,2456058,2380338,8,3,0,ONE_20000_BOOK_ATTRIBUTION
