trade_id,policy_id,checkpoint,period,game_clock_remaining,austin_ev,ci_lower,ci_upper,market_price,future_mfe,future_mae,maximum_future_favorable_price,eventual_outcome,baseline_pnl,scenario_intervention_pnl,cents_sacrificed,cents_saved,winner_abandoned,loss_avoided,scenario_label
00befb799c90c40d,POLICY_A,2025-11-12T01:11:49+00:00,2,1200,-55.443780837326095,-72.0,-36.0,78,,,,WIN,20,-2,22,,True,False,SCENARIO — NOT OBSERVED FILL
1b95993f4b64a1d7,POLICY_A,2025-11-12T02:06:27+00:00,2,1200,-7.365559320579838,-28.0,8.0,81,18,-18,99,WIN,20,19,1,,True,False,SCENARIO — NOT OBSERVED FILL
b8c80caa49242cc1,POLICY_A,2025-11-12T02:51:52+00:00,2,1200,-13.145671754460116,-32.0,4.0,88,11,11,99,WIN,20,-3,23,,True,False,SCENARIO — NOT OBSERVED FILL
6418fcd22fce92f3,POLICY_A,2025-11-14T00:03:48+00:00,2,1200,-8.906133689703779,-28.0,8.0,89,10,-10,99,WIN,20,19,1,,True,False,SCENARIO — NOT OBSERVED FILL
d834607c08cd9710,POLICY_A,2025-11-15T03:17:55+00:00,2,1200,-3.441459911359874,-20.0,12.0,87,12,-11,99,WIN,20,18,2,,True,False,SCENARIO — NOT OBSERVED FILL
69040d9f3369ada7,POLICY_A,2025-11-16T01:47:48+00:00,2,480,-72.79525667177968,-80.0,-63.90000000000009,17,,,,LOSS,-80,-63,,17,False,True,SCENARIO — NOT OBSERVED FILL
61ea9069a5d7cec5,POLICY_A,2025-11-16T21:01:22+00:00,1,0,-42.48248384412481,-60.0,-24.0,75,5,-4,80,WIN,20,0,20,,True,False,SCENARIO — NOT OBSERVED FILL
63a57a9affd5d10f,POLICY_A,2025-11-19T00:25:39+00:00,1,0,-40.803434756865514,-60.0,-20.0,86,13,-2,99,WIN,20,8,12,,True,False,SCENARIO — NOT OBSERVED FILL
7e044171c955b155,POLICY_A,2025-11-19T03:17:21+00:00,2,1200,-7.216926441351909,-24.0,8.0,90,9,-9,99,WIN,20,19,1,,True,False,SCENARIO — NOT OBSERVED FILL
45afbde2ad4d407a,POLICY_A,2025-11-21T22:58:54+00:00,1,0,-17.233861705482276,-36.0,0.0,82,17,44,99,WIN,20,-3,23,,True,False,SCENARIO — NOT OBSERVED FILL
b0913dbf7abd5848,POLICY_A,2025-11-22T03:36:21+00:00,2,1200,-3.6531566854114494,-20.0,12.0,81,-50,50,31,WIN,20,-49,69,,True,False,SCENARIO — NOT OBSERVED FILL
bbbd545585b72d40,POLICY_A,2025-11-23T22:48:35+00:00,1,0,-80.00000000000001,-80.0,-80.0,66,33,0,99,WIN,20,-14,34,,True,False,SCENARIO — NOT OBSERVED FILL
ad36cf233dd1eff6,POLICY_A,2025-11-24T21:21:45+00:00,1,120,-51.967456457141104,-68.0,-32.0,86,13,3,99,WIN,20,8,12,,True,False,SCENARIO — NOT OBSERVED FILL
86e0d0af9d033fc6,POLICY_A,2025-11-25T01:18:06+00:00,3,180,-23.316433142086463,-44.0,-4.0,67,,,,WIN,20,-13,33,,True,False,SCENARIO — NOT OBSERVED FILL
18aa32a2a18ab92a,POLICY_A,2025-11-26T00:02:22+00:00,1,0,-43.94267571351401,-64.0,-24.0,66,4,60,70,LOSS,-80,-10,,70,False,True,SCENARIO — NOT OBSERVED FILL
8b94b3a8edd2c980,POLICY_A,2025-11-28T22:58:29+00:00,2,840,-2.5117172989312437,-20.0,12.0,81,18,-18,99,WIN,20,19,1,,True,False,SCENARIO — NOT OBSERVED FILL
9c1b4fdb45dc0e9a,POLICY_A,2025-12-03T00:52:32+00:00,1,0,-41.43882575877494,-60.0,-24.0,94,5,0,99,WIN,20,14,6,,True,False,SCENARIO — NOT OBSERVED FILL
0d652c71820f3bcf,POLICY_A,2025-12-03T03:14:04+00:00,2,1200,-8.756320370067426,-28.0,8.0,93,6,2,99,WIN,20,11,9,,True,False,SCENARIO — NOT OBSERVED FILL
6fb8c068ee4c641f,POLICY_A,2025-12-03T03:19:22+00:00,2,1080,-41.69071886199853,-60.0,-24.0,58,-4,19,54,LOSS,-80,-26,,54,False,True,SCENARIO — NOT OBSERVED FILL
6b487333bf807bcd,POLICY_A,2025-12-04T01:35:19+00:00,2,1200,-3.3343386681231713,-20.0,12.0,90,9,14,99,WIN,20,-4,24,,True,False,SCENARIO — NOT OBSERVED FILL
48a9d4d204dbc4d1,POLICY_A,2025-12-04T03:01:19+00:00,1,0,-1.1921583915937504,-20.0,12.099999999999909,90,3,-3,93,WIN,20,13,7,,True,False,SCENARIO — NOT OBSERVED FILL
b8c2e88f06df43e3,POLICY_A,2025-12-07T04:06:13+00:00,1,0,-27.397860571987792,-48.0,-8.0,93,6,2,99,WIN,20,11,9,,True,False,SCENARIO — NOT OBSERVED FILL
11eaf91f973232d2,POLICY_A,2025-12-07T23:53:03+00:00,2,480,-33.499834051833766,-52.0,-12.0,69,17,29,86,WIN,20,6,14,,True,False,SCENARIO — NOT OBSERVED FILL
cba7e831ab3ba84e,POLICY_A,2025-12-10T02:02:12+00:00,2,0,-20.468821905666644,-40.0,0.0,32,,,,LOSS,-80,-48,,32,False,True,SCENARIO — NOT OBSERVED FILL
6ccda2ea9da1df79,POLICY_A,2025-12-10T01:21:49+00:00,1,0,-23.094155936022073,-44.0,-4.0,78,21,3,99,WIN,20,-3,23,,True,False,SCENARIO — NOT OBSERVED FILL
ccef1b8251c252ac,POLICY_A,2025-12-11T03:09:48+00:00,2,1200,-0.05961946966435927,-16.0,12.0,91,8,-3,99,WIN,20,14,6,,True,False,SCENARIO — NOT OBSERVED FILL
339cb9486ec36c54,POLICY_A,2025-12-14T02:12:09+00:00,1,0,-56.825327652648845,-72.0,-40.0,80,0,0,80,WIN,20,0,20,,True,False,SCENARIO — NOT OBSERVED FILL
792ec93ba0bf5eb1,POLICY_A,2025-12-14T02:16:58+00:00,1,240,-3.8681800404907696,-20.0,12.0,79,20,20,99,WIN,20,-21,41,,True,False,SCENARIO — NOT OBSERVED FILL
f9654c885fdb0841,POLICY_A,2025-12-21T00:05:58+00:00,2,1200,-3.822134039305106,-24.0,12.0,92,7,-2,99,WIN,20,14,6,,True,False,SCENARIO — NOT OBSERVED FILL
e89a44c4339ee6af,POLICY_A,2025-12-21T21:02:08+00:00,1,0,-18.667400320938263,-40.0,0.0,84,12,68,96,LOSS,-80,4,,84,False,True,SCENARIO — NOT OBSERVED FILL
0fddb47f73afb527,POLICY_A,2026-01-03T20:01:10+00:00,1,0,-15.02498227664725,-32.0,0.09999999999990905,73,26,-2,99,WIN,20,-5,25,,True,False,SCENARIO — NOT OBSERVED FILL
9f47ec88cb960c2b,POLICY_A,2026-01-03T21:18:06+00:00,1,0,-67.4751909685269,-80.0,-52.0,72,27,0,99,WIN,20,-8,28,,True,False,SCENARIO — NOT OBSERVED FILL
f5099282fcad5ae9,POLICY_A,2026-01-03T21:57:40+00:00,2,1200,-3.4134705788949997,-20.09999999999991,12.0,85,14,-14,99,WIN,20,19,1,,True,False,SCENARIO — NOT OBSERVED FILL
a4a396d73b1d8101,POLICY_A,2026-01-03T23:17:17+00:00,2,1200,-18.73595034389679,-36.0,0.0,77,22,-22,99,WIN,20,19,1,,True,False,SCENARIO — NOT OBSERVED FILL
e531376d4e082828,POLICY_A,2026-01-06T02:05:03+00:00,2,0,-58.174775921566166,-72.0,-40.0,35,16,-16,51,LOSS,-80,-29,,51,False,True,SCENARIO — NOT OBSERVED FILL
3ce7e101debc0081,POLICY_A,2026-01-07T00:52:06+00:00,1,0,-8.13657226672472,-28.0,8.0,58,41,1,99,WIN,20,-23,43,,True,False,SCENARIO — NOT OBSERVED FILL
9463c12fa059c27e,POLICY_A,2026-01-07T03:24:37+00:00,2,1200,-10.29700656893217,-32.0,8.0,68,31,10,99,WIN,20,-22,42,,True,False,SCENARIO — NOT OBSERVED FILL
6e0f373eef010edf,POLICY_A,2026-01-07T04:00:14+00:00,2,360,-80.0,-80.0,-80.0,6,49,-22,55,WIN,20,-52,72,,True,False,SCENARIO — NOT OBSERVED FILL
1844ab6448912e77,POLICY_A,2026-01-08T00:24:58+00:00,1,0,-17.836052604549728,-36.0,0.0,84,15,10,99,WIN,20,3,17,,True,False,SCENARIO — NOT OBSERVED FILL
258ac10ef11c9361,POLICY_A,2026-01-08T03:06:05+00:00,1,0,-2.039452579156045,-20.0,12.0,52,4,4,56,WIN,20,-24,44,,True,False,SCENARIO — NOT OBSERVED FILL
2cc5c41b0ac4171f,POLICY_A,2026-01-08T03:11:27+00:00,2,1200,-9.842022696356349,-28.0,8.0,82,17,-17,99,WIN,20,19,1,,True,False,SCENARIO — NOT OBSERVED FILL
2552258eb6255e8e,POLICY_A,2026-01-09T00:47:34+00:00,2,840,-23.853784964119665,-44.0,-4.0,65,34,-31,99,WIN,20,16,4,,True,False,SCENARIO — NOT OBSERVED FILL
30b1ac78fc209527,POLICY_A,2026-01-10T17:50:25+00:00,1,0,-80.0,-80.0,-80.0,79,20,-1,99,WIN,20,0,20,,True,False,SCENARIO — NOT OBSERVED FILL
e917fde8d089fff6,POLICY_A,2026-01-10T18:21:13+00:00,2,600,-37.53710918840712,-56.0,-16.0,58,-3,55,55,LOSS,-80,-25,,55,False,True,SCENARIO — NOT OBSERVED FILL
b7c8409c2540bbbc,POLICY_A,2026-01-10T17:54:17+00:00,1,0,-0.2692327456439063,-16.0,16.0,88,11,-2,99,WIN,20,10,10,,True,False,SCENARIO — NOT OBSERVED FILL
57d5aee55815cd68,POLICY_A,2026-01-10T21:31:49+00:00,1,0,-24.589940212073618,-44.0,-4.0,69,1,13,70,WIN,20,-10,30,,True,False,SCENARIO — NOT OBSERVED FILL
4fa5feba84ffea5d,POLICY_A,2026-01-10T22:20:43+00:00,2,1200,-19.23267993379089,-40.0,0.0,88,11,-6,99,WIN,20,14,6,,True,False,SCENARIO — NOT OBSERVED FILL
ee5e88f2a29da5d0,POLICY_A,2026-01-11T00:00:17+00:00,1,0,-80.0,-80.0,-80.0,91,8,0,99,WIN,20,11,9,,True,False,SCENARIO — NOT OBSERVED FILL
ccb4b57da2a28d48,POLICY_A,2026-01-14T01:08:48+00:00,2,1200,-15.528463484872738,-36.0,4.0,62,37,-26,99,WIN,20,8,12,,True,False,SCENARIO — NOT OBSERVED FILL
4cdea7faa47cd8a0,POLICY_A,2026-01-14T03:12:33+00:00,2,1200,-1.5927867032423717,-20.0,12.0,95,,,,WIN,20,15,5,,True,False,SCENARIO — NOT OBSERVED FILL
2edff8739df98091,POLICY_A,2026-01-15T02:06:58+00:00,2,0,-9.557816951451493,-28.0,8.0,67,-5,5,62,LOSS,-80,-18,,62,False,True,SCENARIO — NOT OBSERVED FILL
50abd8cf8a02fdd8,POLICY_A,2026-01-15T01:04:56+00:00,2,1200,-3.484134045764077,-20.0,12.0,87,-65,65,22,LOSS,-80,-58,,22,False,True,SCENARIO — NOT OBSERVED FILL
16619015f386a4b2,POLICY_A,2026-01-15T02:51:39+00:00,2,1200,-7.5520498649499626,-28.0,8.099999999999909,79,20,-20,99,WIN,20,19,1,,True,False,SCENARIO — NOT OBSERVED FILL
4f1cfeef318f10c9,POLICY_A,2026-01-15T05:08:25+00:00,1,0,-47.490354737075,-64.0,-28.0,63,36,-4,99,WIN,20,-13,33,,True,False,SCENARIO — NOT OBSERVED FILL
4a6c310a9266f6ee,POLICY_A,2026-01-15T05:12:13+00:00,2,1200,-6.002382599310989,-24.0,12.0,91,8,-8,99,WIN,20,19,1,,True,False,SCENARIO — NOT OBSERVED FILL
53a941af54c99419,POLICY_A,2026-01-17T18:04:21+00:00,2,1200,-11.67839238695732,-32.0,4.0,85,7,84,92,LOSS,-80,12,,92,False,True,SCENARIO — NOT OBSERVED FILL
a4307c0519ec522b,POLICY_A,2026-01-17T17:49:57+00:00,1,0,-75.76093560580811,-80.0,-68.0,84,15,0,99,WIN,20,4,16,,True,False,SCENARIO — NOT OBSERVED FILL
d2c9f936d8887f23,POLICY_A,2026-01-17T22:07:08+00:00,2,1200,-13.741949998560546,-32.0,4.0,83,16,-16,99,WIN,20,19,1,,True,False,SCENARIO — NOT OBSERVED FILL
d1d5e91212f8c11d,POLICY_A,2026-01-18T02:15:29+00:00,1,0,-69.17463620035466,-80.0,-56.0,70,-2,49,68,LOSS,-80,-12,,68,False,True,SCENARIO — NOT OBSERVED FILL
b05c00e26d4dbf83,POLICY_A,2026-01-21T02:51:27+00:00,1,120,-24.567859935082208,-44.0,-4.0,84,15,6,99,WIN,20,0,20,,True,False,SCENARIO — NOT OBSERVED FILL
4e9f2aaf642a4465,POLICY_A,2026-01-21T03:14:06+00:00,2,1200,-3.2212695272144076,-20.0,12.0,82,13,10,95,WIN,20,-8,28,,True,False,SCENARIO — NOT OBSERVED FILL
eb84767c95d5f96c,POLICY_A,2026-01-22T02:47:19+00:00,1,0,-42.650194236274004,-60.0,-24.0,66,-9,64,57,LOSS,-80,-23,,57,False,True,SCENARIO — NOT OBSERVED FILL
605cd9a880ceb9ec,POLICY_A,2026-01-22T02:51:30+00:00,1,0,-35.6181400914486,-56.0,-16.0,75,2,70,77,LOSS,-80,-6,,74,False,True,SCENARIO — NOT OBSERVED FILL
7c81e3f934d907fb,POLICY_A,2026-01-24T17:53:35+00:00,1,0,-76.43246593663807,-80.0,-68.0,65,34,16,99,WIN,20,-10,30,,True,False,SCENARIO — NOT OBSERVED FILL
c2d7d4ac59413768,POLICY_A,2026-01-25T02:24:28+00:00,1,0,-49.739541453622785,-68.0,-32.0,67,-1,65,66,LOSS,-80,-14,,66,False,True,SCENARIO — NOT OBSERVED FILL
299557bc5c47afb8,POLICY_A,2026-01-28T00:20:29+00:00,1,0,-80.0,-80.0,-80.0,58,34,44,92,WIN,20,-20,40,,True,False,SCENARIO — NOT OBSERVED FILL
a5aed87e1b755a26,POLICY_A,2026-01-28T03:25:52+00:00,2,240,-29.214895714544213,-48.0,-12.0,43,56,-19,99,WIN,20,-18,38,,True,False,SCENARIO — NOT OBSERVED FILL
7b152b354b3fa7c6,POLICY_B,2025-11-10T02:39:50+00:00,2,1200,0.22433318212777087,-16.0,12.0,83,16,-14,99,WIN,20,17,3,,True,False,SCENARIO — NOT OBSERVED FILL
00befb799c90c40d,POLICY_B,2025-11-12T01:11:49+00:00,2,1200,-55.443780837326095,-72.0,-36.0,78,,,,WIN,20,-2,22,,True,False,SCENARIO — NOT OBSERVED FILL
1b95993f4b64a1d7,POLICY_B,2025-11-12T02:06:27+00:00,2,1200,-7.365559320579838,-28.0,8.0,81,18,-18,99,WIN,20,19,1,,True,False,SCENARIO — NOT OBSERVED FILL
b8c80caa49242cc1,POLICY_B,2025-11-12T02:51:52+00:00,2,1200,-13.145671754460116,-32.0,4.0,88,11,11,99,WIN,20,-3,23,,True,False,SCENARIO — NOT OBSERVED FILL
6418fcd22fce92f3,POLICY_B,2025-11-14T00:03:48+00:00,2,1200,-8.906133689703779,-28.0,8.0,89,10,-10,99,WIN,20,19,1,,True,False,SCENARIO — NOT OBSERVED FILL
d834607c08cd9710,POLICY_B,2025-11-15T03:17:55+00:00,2,1200,-3.441459911359874,-20.0,12.0,87,12,-11,99,WIN,20,18,2,,True,False,SCENARIO — NOT OBSERVED FILL
69040d9f3369ada7,POLICY_B,2025-11-16T01:47:48+00:00,2,480,-72.79525667177968,-80.0,-63.90000000000009,17,,,,LOSS,-80,-63,,17,False,True,SCENARIO — NOT OBSERVED FILL
61ea9069a5d7cec5,POLICY_B,2025-11-16T21:01:22+00:00,1,0,-42.48248384412481,-60.0,-24.0,75,5,-4,80,WIN,20,0,20,,True,False,SCENARIO — NOT OBSERVED FILL
63a57a9affd5d10f,POLICY_B,2025-11-19T00:25:39+00:00,1,0,-40.803434756865514,-60.0,-20.0,86,13,-2,99,WIN,20,8,12,,True,False,SCENARIO — NOT OBSERVED FILL
7e044171c955b155,POLICY_B,2025-11-19T03:17:21+00:00,2,1200,-7.216926441351909,-24.0,8.0,90,9,-9,99,WIN,20,19,1,,True,False,SCENARIO — NOT OBSERVED FILL
45afbde2ad4d407a,POLICY_B,2025-11-21T22:58:54+00:00,1,0,-17.233861705482276,-36.0,0.0,82,17,44,99,WIN,20,-3,23,,True,False,SCENARIO — NOT OBSERVED FILL
b0913dbf7abd5848,POLICY_B,2025-11-22T03:36:21+00:00,2,1200,-3.6531566854114494,-20.0,12.0,81,-50,50,31,WIN,20,-49,69,,True,False,SCENARIO — NOT OBSERVED FILL
bbbd545585b72d40,POLICY_B,2025-11-23T22:48:35+00:00,1,0,-80.00000000000001,-80.0,-80.0,66,33,0,99,WIN,20,-14,34,,True,False,SCENARIO — NOT OBSERVED FILL
ad36cf233dd1eff6,POLICY_B,2025-11-24T21:21:45+00:00,1,120,-51.967456457141104,-68.0,-32.0,86,13,3,99,WIN,20,8,12,,True,False,SCENARIO — NOT OBSERVED FILL
86e0d0af9d033fc6,POLICY_B,2025-11-25T01:18:06+00:00,3,180,-23.316433142086463,-44.0,-4.0,67,,,,WIN,20,-13,33,,True,False,SCENARIO — NOT OBSERVED FILL
18aa32a2a18ab92a,POLICY_B,2025-11-26T00:02:22+00:00,1,0,-43.94267571351401,-64.0,-24.0,66,4,60,70,LOSS,-80,-10,,70,False,True,SCENARIO — NOT OBSERVED FILL
8b94b3a8edd2c980,POLICY_B,2025-11-28T22:58:29+00:00,2,840,-2.5117172989312437,-20.0,12.0,81,18,-18,99,WIN,20,19,1,,True,False,SCENARIO — NOT OBSERVED FILL
9c1b4fdb45dc0e9a,POLICY_B,2025-12-03T00:52:32+00:00,1,0,-41.43882575877494,-60.0,-24.0,94,5,0,99,WIN,20,14,6,,True,False,SCENARIO — NOT OBSERVED FILL
0d652c71820f3bcf,POLICY_B,2025-12-03T03:14:04+00:00,2,1200,-8.756320370067426,-28.0,8.0,93,6,2,99,WIN,20,11,9,,True,False,SCENARIO — NOT OBSERVED FILL
6fb8c068ee4c641f,POLICY_B,2025-12-03T03:19:22+00:00,2,1080,-41.69071886199853,-60.0,-24.0,58,-4,19,54,LOSS,-80,-26,,54,False,True,SCENARIO — NOT OBSERVED FILL
6b487333bf807bcd,POLICY_B,2025-12-04T01:35:19+00:00,2,1200,-3.3343386681231713,-20.0,12.0,90,9,14,99,WIN,20,-4,24,,True,False,SCENARIO — NOT OBSERVED FILL
48a9d4d204dbc4d1,POLICY_B,2025-12-04T03:01:19+00:00,1,0,-1.1921583915937504,-20.0,12.099999999999909,90,3,-3,93,WIN,20,13,7,,True,False,SCENARIO — NOT OBSERVED FILL
b8c2e88f06df43e3,POLICY_B,2025-12-07T04:06:13+00:00,1,0,-27.397860571987792,-48.0,-8.0,93,6,2,99,WIN,20,11,9,,True,False,SCENARIO — NOT OBSERVED FILL
11eaf91f973232d2,POLICY_B,2025-12-07T23:53:03+00:00,2,480,-33.499834051833766,-52.0,-12.0,69,17,29,86,WIN,20,6,14,,True,False,SCENARIO — NOT OBSERVED FILL
cba7e831ab3ba84e,POLICY_B,2025-12-10T02:02:12+00:00,2,0,-20.468821905666644,-40.0,0.0,32,,,,LOSS,-80,-48,,32,False,True,SCENARIO — NOT OBSERVED FILL
6ccda2ea9da1df79,POLICY_B,2025-12-10T01:21:49+00:00,1,0,-23.094155936022073,-44.0,-4.0,78,21,3,99,WIN,20,-3,23,,True,False,SCENARIO — NOT OBSERVED FILL
ccef1b8251c252ac,POLICY_B,2025-12-11T03:09:48+00:00,2,1200,-0.05961946966435927,-16.0,12.0,91,8,-3,99,WIN,20,14,6,,True,False,SCENARIO — NOT OBSERVED FILL
339cb9486ec36c54,POLICY_B,2025-12-14T02:12:09+00:00,1,0,-56.825327652648845,-72.0,-40.0,80,0,0,80,WIN,20,0,20,,True,False,SCENARIO — NOT OBSERVED FILL
792ec93ba0bf5eb1,POLICY_B,2025-12-14T02:16:58+00:00,1,240,-3.8681800404907696,-20.0,12.0,79,20,20,99,WIN,20,-21,41,,True,False,SCENARIO — NOT OBSERVED FILL
f9654c885fdb0841,POLICY_B,2025-12-21T00:05:58+00:00,2,1200,-3.822134039305106,-24.0,12.0,92,7,-2,99,WIN,20,14,6,,True,False,SCENARIO — NOT OBSERVED FILL
2e58cabf0ad0ffa0,POLICY_B,2025-12-21T18:45:07+00:00,2,120,0.013109843037142355,-16.0,16.0,99,,,,WIN,20,19,1,,True,False,SCENARIO — NOT OBSERVED FILL
e89a44c4339ee6af,POLICY_B,2025-12-21T21:02:08+00:00,1,0,-18.667400320938263,-40.0,0.0,84,12,68,96,LOSS,-80,4,,84,False,True,SCENARIO — NOT OBSERVED FILL
0fddb47f73afb527,POLICY_B,2026-01-03T20:01:10+00:00,1,0,-15.02498227664725,-32.0,0.09999999999990905,73,26,-2,99,WIN,20,-5,25,,True,False,SCENARIO — NOT OBSERVED FILL
9f47ec88cb960c2b,POLICY_B,2026-01-03T21:18:06+00:00,1,0,-67.4751909685269,-80.0,-52.0,72,27,0,99,WIN,20,-8,28,,True,False,SCENARIO — NOT OBSERVED FILL
f5099282fcad5ae9,POLICY_B,2026-01-03T21:57:40+00:00,2,1200,-3.4134705788949997,-20.09999999999991,12.0,85,14,-14,99,WIN,20,19,1,,True,False,SCENARIO — NOT OBSERVED FILL
a4a396d73b1d8101,POLICY_B,2026-01-03T23:17:17+00:00,2,1200,-18.73595034389679,-36.0,0.0,77,22,-22,99,WIN,20,19,1,,True,False,SCENARIO — NOT OBSERVED FILL
e531376d4e082828,POLICY_B,2026-01-06T02:05:03+00:00,2,0,-58.174775921566166,-72.0,-40.0,35,16,-16,51,LOSS,-80,-29,,51,False,True,SCENARIO — NOT OBSERVED FILL
3ce7e101debc0081,POLICY_B,2026-01-07T00:52:06+00:00,1,0,-8.13657226672472,-28.0,8.0,58,41,1,99,WIN,20,-23,43,,True,False,SCENARIO — NOT OBSERVED FILL
2d6652334abc6dcc,POLICY_B,2026-01-07T01:21:07+00:00,2,840,0.8953368585768807,-16.0,16.0,95,4,7,99,WIN,20,8,12,,True,False,SCENARIO — NOT OBSERVED FILL
9463c12fa059c27e,POLICY_B,2026-01-07T03:24:37+00:00,2,1200,-10.29700656893217,-32.0,8.0,68,31,10,99,WIN,20,-22,42,,True,False,SCENARIO — NOT OBSERVED FILL
6e0f373eef010edf,POLICY_B,2026-01-07T04:00:14+00:00,2,360,-80.0,-80.0,-80.0,6,49,-22,55,WIN,20,-52,72,,True,False,SCENARIO — NOT OBSERVED FILL
1844ab6448912e77,POLICY_B,2026-01-08T00:24:58+00:00,1,0,-17.836052604549728,-36.0,0.0,84,15,10,99,WIN,20,3,17,,True,False,SCENARIO — NOT OBSERVED FILL
258ac10ef11c9361,POLICY_B,2026-01-08T03:06:05+00:00,1,0,-2.039452579156045,-20.0,12.0,52,4,4,56,WIN,20,-24,44,,True,False,SCENARIO — NOT OBSERVED FILL
2cc5c41b0ac4171f,POLICY_B,2026-01-08T03:11:27+00:00,2,1200,-9.842022696356349,-28.0,8.0,82,17,-17,99,WIN,20,19,1,,True,False,SCENARIO — NOT OBSERVED FILL
2552258eb6255e8e,POLICY_B,2026-01-09T00:33:46+00:00,2,1200,0.6485491808150625,-16.0,16.0,63,36,-2,99,WIN,20,-15,35,,True,False,SCENARIO — NOT OBSERVED FILL
30b1ac78fc209527,POLICY_B,2026-01-10T17:50:25+00:00,1,0,-80.0,-80.0,-80.0,79,20,-1,99,WIN,20,0,20,,True,False,SCENARIO — NOT OBSERVED FILL
e917fde8d089fff6,POLICY_B,2026-01-10T18:21:13+00:00,2,600,-37.53710918840712,-56.0,-16.0,58,-3,55,55,LOSS,-80,-25,,55,False,True,SCENARIO — NOT OBSERVED FILL
b7c8409c2540bbbc,POLICY_B,2026-01-10T17:54:17+00:00,1,0,-0.2692327456439063,-16.0,16.0,88,11,-2,99,WIN,20,10,10,,True,False,SCENARIO — NOT OBSERVED FILL
57d5aee55815cd68,POLICY_B,2026-01-10T21:31:49+00:00,1,0,-24.589940212073618,-44.0,-4.0,69,1,13,70,WIN,20,-10,30,,True,False,SCENARIO — NOT OBSERVED FILL
4fa5feba84ffea5d,POLICY_B,2026-01-10T22:20:43+00:00,2,1200,-19.23267993379089,-40.0,0.0,88,11,-6,99,WIN,20,14,6,,True,False,SCENARIO — NOT OBSERVED FILL
ee5e88f2a29da5d0,POLICY_B,2026-01-11T00:00:17+00:00,1,0,-80.0,-80.0,-80.0,91,8,0,99,WIN,20,11,9,,True,False,SCENARIO — NOT OBSERVED FILL
ccb4b57da2a28d48,POLICY_B,2026-01-14T01:08:48+00:00,2,1200,-15.528463484872738,-36.0,4.0,62,37,-26,99,WIN,20,8,12,,True,False,SCENARIO — NOT OBSERVED FILL
4cdea7faa47cd8a0,POLICY_B,2026-01-14T03:12:33+00:00,2,1200,-1.5927867032423717,-20.0,12.0,95,,,,WIN,20,15,5,,True,False,SCENARIO — NOT OBSERVED FILL
2edff8739df98091,POLICY_B,2026-01-15T02:06:58+00:00,2,0,-9.557816951451493,-28.0,8.0,67,-5,5,62,LOSS,-80,-18,,62,False,True,SCENARIO — NOT OBSERVED FILL
50abd8cf8a02fdd8,POLICY_B,2026-01-15T01:04:56+00:00,2,1200,-3.484134045764077,-20.0,12.0,87,-65,65,22,LOSS,-80,-58,,22,False,True,SCENARIO — NOT OBSERVED FILL
16619015f386a4b2,POLICY_B,2026-01-15T02:51:39+00:00,2,1200,-7.5520498649499626,-28.0,8.099999999999909,79,20,-20,99,WIN,20,19,1,,True,False,SCENARIO — NOT OBSERVED FILL
4f1cfeef318f10c9,POLICY_B,2026-01-15T05:08:25+00:00,1,0,-47.490354737075,-64.0,-28.0,63,36,-4,99,WIN,20,-13,33,,True,False,SCENARIO — NOT OBSERVED FILL
4a6c310a9266f6ee,POLICY_B,2026-01-15T05:12:13+00:00,2,1200,-6.002382599310989,-24.0,12.0,91,8,-8,99,WIN,20,19,1,,True,False,SCENARIO — NOT OBSERVED FILL
53a941af54c99419,POLICY_B,2026-01-17T18:04:21+00:00,2,1200,-11.67839238695732,-32.0,4.0,85,7,84,92,LOSS,-80,12,,92,False,True,SCENARIO — NOT OBSERVED FILL
a4307c0519ec522b,POLICY_B,2026-01-17T17:49:57+00:00,1,0,-75.76093560580811,-80.0,-68.0,84,15,0,99,WIN,20,4,16,,True,False,SCENARIO — NOT OBSERVED FILL
d2c9f936d8887f23,POLICY_B,2026-01-17T22:07:08+00:00,2,1200,-13.741949998560546,-32.0,4.0,83,16,-16,99,WIN,20,19,1,,True,False,SCENARIO — NOT OBSERVED FILL
d1d5e91212f8c11d,POLICY_B,2026-01-18T02:15:29+00:00,1,0,-69.17463620035466,-80.0,-56.0,70,-2,49,68,LOSS,-80,-12,,68,False,True,SCENARIO — NOT OBSERVED FILL
b05c00e26d4dbf83,POLICY_B,2026-01-21T02:51:27+00:00,1,120,-24.567859935082208,-44.0,-4.0,84,15,6,99,WIN,20,0,20,,True,False,SCENARIO — NOT OBSERVED FILL
4e9f2aaf642a4465,POLICY_B,2026-01-21T03:14:06+00:00,2,1200,-3.2212695272144076,-20.0,12.0,82,13,10,95,WIN,20,-8,28,,True,False,SCENARIO — NOT OBSERVED FILL
eb84767c95d5f96c,POLICY_B,2026-01-22T02:47:19+00:00,1,0,-42.650194236274004,-60.0,-24.0,66,-9,64,57,LOSS,-80,-23,,57,False,True,SCENARIO — NOT OBSERVED FILL
605cd9a880ceb9ec,POLICY_B,2026-01-22T02:51:30+00:00,1,0,-35.6181400914486,-56.0,-16.0,75,2,70,77,LOSS,-80,-6,,74,False,True,SCENARIO — NOT OBSERVED FILL
7c81e3f934d907fb,POLICY_B,2026-01-24T17:53:35+00:00,1,0,-76.43246593663807,-80.0,-68.0,65,34,16,99,WIN,20,-10,30,,True,False,SCENARIO — NOT OBSERVED FILL
c2d7d4ac59413768,POLICY_B,2026-01-25T02:24:28+00:00,1,0,-49.739541453622785,-68.0,-32.0,67,-1,65,66,LOSS,-80,-14,,66,False,True,SCENARIO — NOT OBSERVED FILL
299557bc5c47afb8,POLICY_B,2026-01-28T00:20:29+00:00,1,0,-80.0,-80.0,-80.0,58,34,44,92,WIN,20,-20,40,,True,False,SCENARIO — NOT OBSERVED FILL
a5aed87e1b755a26,POLICY_B,2026-01-28T03:25:52+00:00,2,240,-29.214895714544213,-48.0,-12.0,43,56,-19,99,WIN,20,-18,38,,True,False,SCENARIO — NOT OBSERVED FILL
7b152b354b3fa7c6,POLICY_C,2025-11-10T02:39:50+00:00,2,1200,0.22433318212777087,-16.0,12.0,83,16,-14,99,WIN,20,17,3,,True,False,SCENARIO — NOT OBSERVED FILL
00befb799c90c40d,POLICY_C,2025-11-12T01:11:49+00:00,2,1200,-55.443780837326095,-72.0,-36.0,78,,,,WIN,20,-2,22,,True,False,SCENARIO — NOT OBSERVED FILL
1b95993f4b64a1d7,POLICY_C,2025-11-12T02:06:27+00:00,2,1200,-7.365559320579838,-28.0,8.0,81,18,-18,99,WIN,20,19,1,,True,False,SCENARIO — NOT OBSERVED FILL
b8c80caa49242cc1,POLICY_C,2025-11-12T02:51:52+00:00,2,1200,-13.145671754460116,-32.0,4.0,88,11,11,99,WIN,20,-3,23,,True,False,SCENARIO — NOT OBSERVED FILL
6418fcd22fce92f3,POLICY_C,2025-11-14T00:03:48+00:00,2,1200,-8.906133689703779,-28.0,8.0,89,10,-10,99,WIN,20,19,1,,True,False,SCENARIO — NOT OBSERVED FILL
d834607c08cd9710,POLICY_C,2025-11-15T03:17:55+00:00,2,1200,-3.441459911359874,-20.0,12.0,87,12,-11,99,WIN,20,18,2,,True,False,SCENARIO — NOT OBSERVED FILL
69040d9f3369ada7,POLICY_C,2025-11-16T01:47:48+00:00,2,480,-72.79525667177968,-80.0,-63.90000000000009,17,,,,LOSS,-80,-63,,17,False,True,SCENARIO — NOT OBSERVED FILL
61ea9069a5d7cec5,POLICY_C,2025-11-16T20:47:49+00:00,1,240,3.4556551197104923,-12.0,16.0,84,-4,9,80,WIN,20,-5,25,,True,False,SCENARIO — NOT OBSERVED FILL
63a57a9affd5d10f,POLICY_C,2025-11-19T00:25:39+00:00,1,0,-40.803434756865514,-60.0,-20.0,86,13,-2,99,WIN,20,8,12,,True,False,SCENARIO — NOT OBSERVED FILL
7e044171c955b155,POLICY_C,2025-11-19T03:17:21+00:00,2,1200,-7.216926441351909,-24.0,8.0,90,9,-9,99,WIN,20,19,1,,True,False,SCENARIO — NOT OBSERVED FILL
45afbde2ad4d407a,POLICY_C,2025-11-21T22:58:54+00:00,1,0,-17.233861705482276,-36.0,0.0,82,17,44,99,WIN,20,-3,23,,True,False,SCENARIO — NOT OBSERVED FILL
b0913dbf7abd5848,POLICY_C,2025-11-22T03:36:21+00:00,2,1200,-3.6531566854114494,-20.0,12.0,81,-50,50,31,WIN,20,-49,69,,True,False,SCENARIO — NOT OBSERVED FILL
59fd43c9c6903edc,POLICY_C,2025-11-22T03:52:12+00:00,2,1200,4.175999378990032,-12.0,16.0,98,1,-1,99,WIN,20,19,1,,True,False,SCENARIO — NOT OBSERVED FILL
bbbd545585b72d40,POLICY_C,2025-11-23T22:48:35+00:00,1,0,-80.00000000000001,-80.0,-80.0,66,33,0,99,WIN,20,-14,34,,True,False,SCENARIO — NOT OBSERVED FILL
ad36cf233dd1eff6,POLICY_C,2025-11-24T21:21:45+00:00,1,120,-51.967456457141104,-68.0,-32.0,86,13,3,99,WIN,20,8,12,,True,False,SCENARIO — NOT OBSERVED FILL
86e0d0af9d033fc6,POLICY_C,2025-11-25T00:39:07+00:00,2,720,2.3755132396827343,-16.0,16.0,86,-14,19,72,WIN,20,-8,28,,True,False,SCENARIO — NOT OBSERVED FILL
18aa32a2a18ab92a,POLICY_C,2025-11-26T00:02:22+00:00,1,0,-43.94267571351401,-64.0,-24.0,66,4,60,70,LOSS,-80,-10,,70,False,True,SCENARIO — NOT OBSERVED FILL
8b94b3a8edd2c980,POLICY_C,2025-11-28T22:58:29+00:00,2,840,-2.5117172989312437,-20.0,12.0,81,18,-18,99,WIN,20,19,1,,True,False,SCENARIO — NOT OBSERVED FILL
9c1b4fdb45dc0e9a,POLICY_C,2025-12-03T00:52:32+00:00,1,0,-41.43882575877494,-60.0,-24.0,94,5,0,99,WIN,20,14,6,,True,False,SCENARIO — NOT OBSERVED FILL
0d652c71820f3bcf,POLICY_C,2025-12-03T03:14:04+00:00,2,1200,-8.756320370067426,-28.0,8.0,93,6,2,99,WIN,20,11,9,,True,False,SCENARIO — NOT OBSERVED FILL
6fb8c068ee4c641f,POLICY_C,2025-12-03T03:19:22+00:00,2,1080,-41.69071886199853,-60.0,-24.0,58,-4,19,54,LOSS,-80,-26,,54,False,True,SCENARIO — NOT OBSERVED FILL
6b487333bf807bcd,POLICY_C,2025-12-04T01:35:19+00:00,2,1200,-3.3343386681231713,-20.0,12.0,90,9,14,99,WIN,20,-4,24,,True,False,SCENARIO — NOT OBSERVED FILL
48a9d4d204dbc4d1,POLICY_C,2025-12-04T03:01:19+00:00,1,0,-1.1921583915937504,-20.0,12.099999999999909,90,3,-3,93,WIN,20,13,7,,True,False,SCENARIO — NOT OBSERVED FILL
b8c2e88f06df43e3,POLICY_C,2025-12-07T04:06:13+00:00,1,0,-27.397860571987792,-48.0,-8.0,93,6,2,99,WIN,20,11,9,,True,False,SCENARIO — NOT OBSERVED FILL
11eaf91f973232d2,POLICY_C,2025-12-07T23:53:03+00:00,2,480,-33.499834051833766,-52.0,-12.0,69,17,29,86,WIN,20,6,14,,True,False,SCENARIO — NOT OBSERVED FILL
cba7e831ab3ba84e,POLICY_C,2025-12-10T00:46:47+00:00,2,1200,4.659713925629523,-12.0,16.0,92,-60,60,32,LOSS,-80,-48,,32,False,True,SCENARIO — NOT OBSERVED FILL
6ccda2ea9da1df79,POLICY_C,2025-12-10T01:21:49+00:00,1,0,-23.094155936022073,-44.0,-4.0,78,21,3,99,WIN,20,-3,23,,True,False,SCENARIO — NOT OBSERVED FILL
ccef1b8251c252ac,POLICY_C,2025-12-11T03:09:48+00:00,2,1200,-0.05961946966435927,-16.0,12.0,91,8,-3,99,WIN,20,14,6,,True,False,SCENARIO — NOT OBSERVED FILL
339cb9486ec36c54,POLICY_C,2025-12-14T02:12:09+00:00,1,0,-56.825327652648845,-72.0,-40.0,80,0,0,80,WIN,20,0,20,,True,False,SCENARIO — NOT OBSERVED FILL
792ec93ba0bf5eb1,POLICY_C,2025-12-14T02:16:58+00:00,1,240,-3.8681800404907696,-20.0,12.0,79,20,20,99,WIN,20,-21,41,,True,False,SCENARIO — NOT OBSERVED FILL
f9654c885fdb0841,POLICY_C,2025-12-21T00:05:58+00:00,2,1200,-3.822134039305106,-24.0,12.0,92,7,-2,99,WIN,20,14,6,,True,False,SCENARIO — NOT OBSERVED FILL
2e58cabf0ad0ffa0,POLICY_C,2025-12-21T18:45:07+00:00,2,120,0.013109843037142355,-16.0,16.0,99,,,,WIN,20,19,1,,True,False,SCENARIO — NOT OBSERVED FILL
e89a44c4339ee6af,POLICY_C,2025-12-21T21:02:08+00:00,1,0,-18.667400320938263,-40.0,0.0,84,12,68,96,LOSS,-80,4,,84,False,True,SCENARIO — NOT OBSERVED FILL
0fddb47f73afb527,POLICY_C,2026-01-03T20:01:10+00:00,1,0,-15.02498227664725,-32.0,0.09999999999990905,73,26,-2,99,WIN,20,-5,25,,True,False,SCENARIO — NOT OBSERVED FILL
9f47ec88cb960c2b,POLICY_C,2026-01-03T21:18:06+00:00,1,0,-67.4751909685269,-80.0,-52.0,72,27,0,99,WIN,20,-8,28,,True,False,SCENARIO — NOT OBSERVED FILL
f5099282fcad5ae9,POLICY_C,2026-01-03T21:57:40+00:00,2,1200,-3.4134705788949997,-20.09999999999991,12.0,85,14,-14,99,WIN,20,19,1,,True,False,SCENARIO — NOT OBSERVED FILL
a4a396d73b1d8101,POLICY_C,2026-01-03T23:17:17+00:00,2,1200,-18.73595034389679,-36.0,0.0,77,22,-22,99,WIN,20,19,1,,True,False,SCENARIO — NOT OBSERVED FILL
e531376d4e082828,POLICY_C,2026-01-06T02:05:03+00:00,2,0,-58.174775921566166,-72.0,-40.0,35,16,-16,51,LOSS,-80,-29,,51,False,True,SCENARIO — NOT OBSERVED FILL
3ce7e101debc0081,POLICY_C,2026-01-07T00:52:06+00:00,1,0,-8.13657226672472,-28.0,8.0,58,41,1,99,WIN,20,-23,43,,True,False,SCENARIO — NOT OBSERVED FILL
2d6652334abc6dcc,POLICY_C,2026-01-07T01:21:07+00:00,2,840,0.8953368585768807,-16.0,16.0,95,4,7,99,WIN,20,8,12,,True,False,SCENARIO — NOT OBSERVED FILL
4f3625f82edbccb6,POLICY_C,2026-01-07T03:13:32+00:00,2,0,4.68863075010887,-12.0,16.0,99,,,,WIN,20,19,1,,True,False,SCENARIO — NOT OBSERVED FILL
9463c12fa059c27e,POLICY_C,2026-01-07T03:24:37+00:00,2,1200,-10.29700656893217,-32.0,8.0,68,31,10,99,WIN,20,-22,42,,True,False,SCENARIO — NOT OBSERVED FILL
6e0f373eef010edf,POLICY_C,2026-01-07T04:00:14+00:00,2,360,-80.0,-80.0,-80.0,6,49,-22,55,WIN,20,-52,72,,True,False,SCENARIO — NOT OBSERVED FILL
1844ab6448912e77,POLICY_C,2026-01-08T00:24:58+00:00,1,0,-17.836052604549728,-36.0,0.0,84,15,10,99,WIN,20,3,17,,True,False,SCENARIO — NOT OBSERVED FILL
258ac10ef11c9361,POLICY_C,2026-01-08T03:06:05+00:00,1,0,-2.039452579156045,-20.0,12.0,52,4,4,56,WIN,20,-24,44,,True,False,SCENARIO — NOT OBSERVED FILL
2cc5c41b0ac4171f,POLICY_C,2026-01-08T03:11:27+00:00,2,1200,-9.842022696356349,-28.0,8.0,82,17,-17,99,WIN,20,19,1,,True,False,SCENARIO — NOT OBSERVED FILL
2552258eb6255e8e,POLICY_C,2026-01-09T00:33:46+00:00,2,1200,0.6485491808150625,-16.0,16.0,63,36,-2,99,WIN,20,-15,35,,True,False,SCENARIO — NOT OBSERVED FILL
30b1ac78fc209527,POLICY_C,2026-01-10T17:50:25+00:00,1,0,-80.0,-80.0,-80.0,79,20,-1,99,WIN,20,0,20,,True,False,SCENARIO — NOT OBSERVED FILL
e917fde8d089fff6,POLICY_C,2026-01-10T18:21:13+00:00,2,600,-37.53710918840712,-56.0,-16.0,58,-3,55,55,LOSS,-80,-25,,55,False,True,SCENARIO — NOT OBSERVED FILL
b7c8409c2540bbbc,POLICY_C,2026-01-10T17:54:17+00:00,1,0,-0.2692327456439063,-16.0,16.0,88,11,-2,99,WIN,20,10,10,,True,False,SCENARIO — NOT OBSERVED FILL
144dc576920915c3,POLICY_C,2026-01-10T19:15:28+00:00,2,1200,4.201141084729655,-12.0,16.0,80,19,-19,99,WIN,20,19,1,,True,False,SCENARIO — NOT OBSERVED FILL
57d5aee55815cd68,POLICY_C,2026-01-10T21:31:49+00:00,1,0,-24.589940212073618,-44.0,-4.0,69,1,13,70,WIN,20,-10,30,,True,False,SCENARIO — NOT OBSERVED FILL
4fa5feba84ffea5d,POLICY_C,2026-01-10T22:20:43+00:00,2,1200,-19.23267993379089,-40.0,0.0,88,11,-6,99,WIN,20,14,6,,True,False,SCENARIO — NOT OBSERVED FILL
ee5e88f2a29da5d0,POLICY_C,2026-01-11T00:00:17+00:00,1,0,-80.0,-80.0,-80.0,91,8,0,99,WIN,20,11,9,,True,False,SCENARIO — NOT OBSERVED FILL
ccb4b57da2a28d48,POLICY_C,2026-01-14T01:08:48+00:00,2,1200,-15.528463484872738,-36.0,4.0,62,37,-26,99,WIN,20,8,12,,True,False,SCENARIO — NOT OBSERVED FILL
4cdea7faa47cd8a0,POLICY_C,2026-01-14T03:12:33+00:00,2,1200,-1.5927867032423717,-20.0,12.0,95,,,,WIN,20,15,5,,True,False,SCENARIO — NOT OBSERVED FILL
2edff8739df98091,POLICY_C,2026-01-15T01:06:37+00:00,2,1200,3.7581172809295444,-12.0,16.0,88,-3,26,85,LOSS,-80,5,,85,False,True,SCENARIO — NOT OBSERVED FILL
50abd8cf8a02fdd8,POLICY_C,2026-01-15T01:04:56+00:00,2,1200,-3.484134045764077,-20.0,12.0,87,-65,65,22,LOSS,-80,-58,,22,False,True,SCENARIO — NOT OBSERVED FILL
16619015f386a4b2,POLICY_C,2026-01-15T02:51:39+00:00,2,1200,-7.5520498649499626,-28.0,8.099999999999909,79,20,-20,99,WIN,20,19,1,,True,False,SCENARIO — NOT OBSERVED FILL
4f1cfeef318f10c9,POLICY_C,2026-01-15T05:08:25+00:00,1,0,-47.490354737075,-64.0,-28.0,63,36,-4,99,WIN,20,-13,33,,True,False,SCENARIO — NOT OBSERVED FILL
4a6c310a9266f6ee,POLICY_C,2026-01-15T05:12:13+00:00,2,1200,-6.002382599310989,-24.0,12.0,91,8,-8,99,WIN,20,19,1,,True,False,SCENARIO — NOT OBSERVED FILL
53a941af54c99419,POLICY_C,2026-01-17T18:04:21+00:00,2,1200,-11.67839238695732,-32.0,4.0,85,7,84,92,LOSS,-80,12,,92,False,True,SCENARIO — NOT OBSERVED FILL
a4307c0519ec522b,POLICY_C,2026-01-17T17:49:57+00:00,1,0,-75.76093560580811,-80.0,-68.0,84,15,0,99,WIN,20,4,16,,True,False,SCENARIO — NOT OBSERVED FILL
65dfaa7dbfb7b380,POLICY_C,2026-01-17T21:20:24+00:00,1,0,4.291197609165723,-12.0,16.0,75,4,-4,79,WIN,20,-1,21,,True,False,SCENARIO — NOT OBSERVED FILL
d2c9f936d8887f23,POLICY_C,2026-01-17T22:07:08+00:00,2,1200,-13.741949998560546,-32.0,4.0,83,16,-16,99,WIN,20,19,1,,True,False,SCENARIO — NOT OBSERVED FILL
d1d5e91212f8c11d,POLICY_C,2026-01-18T02:15:29+00:00,1,0,-69.17463620035466,-80.0,-56.0,70,-2,49,68,LOSS,-80,-12,,68,False,True,SCENARIO — NOT OBSERVED FILL
b05c00e26d4dbf83,POLICY_C,2026-01-21T02:51:27+00:00,1,120,-24.567859935082208,-44.0,-4.0,84,15,6,99,WIN,20,0,20,,True,False,SCENARIO — NOT OBSERVED FILL
3dcbc8ce3f690f82,POLICY_C,2026-01-21T04:19:04+00:00,2,0,4.52603378194664,-8.0,16.0,99,,,,WIN,20,19,1,,True,False,SCENARIO — NOT OBSERVED FILL
4e9f2aaf642a4465,POLICY_C,2026-01-21T03:14:06+00:00,2,1200,-3.2212695272144076,-20.0,12.0,82,13,10,95,WIN,20,-8,28,,True,False,SCENARIO — NOT OBSERVED FILL
eb84767c95d5f96c,POLICY_C,2026-01-22T02:47:19+00:00,1,0,-42.650194236274004,-60.0,-24.0,66,-9,64,57,LOSS,-80,-23,,57,False,True,SCENARIO — NOT OBSERVED FILL
605cd9a880ceb9ec,POLICY_C,2026-01-22T02:51:30+00:00,1,0,-35.6181400914486,-56.0,-16.0,75,2,70,77,LOSS,-80,-6,,74,False,True,SCENARIO — NOT OBSERVED FILL
7c81e3f934d907fb,POLICY_C,2026-01-24T17:53:35+00:00,1,0,-76.43246593663807,-80.0,-68.0,65,34,16,99,WIN,20,-10,30,,True,False,SCENARIO — NOT OBSERVED FILL
c2d7d4ac59413768,POLICY_C,2026-01-25T02:24:28+00:00,1,0,-49.739541453622785,-68.0,-32.0,67,-1,65,66,LOSS,-80,-14,,66,False,True,SCENARIO — NOT OBSERVED FILL
299557bc5c47afb8,POLICY_C,2026-01-28T00:20:29+00:00,1,0,-80.0,-80.0,-80.0,58,34,44,92,WIN,20,-20,40,,True,False,SCENARIO — NOT OBSERVED FILL
a5aed87e1b755a26,POLICY_C,2026-01-28T02:44:04+00:00,2,1200,4.144675642077547,-8.0,16.0,86,13,43,99,WIN,20,-3,23,,True,False,SCENARIO — NOT OBSERVED FILL
7b152b354b3fa7c6,POLICY_D,2025-11-10T02:39:50+00:00,2,1200,0.22433318212777087,-16.0,12.0,83,16,-14,99,WIN,20,17,3,,True,False,SCENARIO — NOT OBSERVED FILL
00befb799c90c40d,POLICY_D,2025-11-12T01:11:49+00:00,2,1200,-55.443780837326095,-72.0,-36.0,78,,,,WIN,20,-2,22,,True,False,SCENARIO — NOT OBSERVED FILL
1b95993f4b64a1d7,POLICY_D,2025-11-12T02:06:27+00:00,2,1200,-7.365559320579838,-28.0,8.0,81,18,-18,99,WIN,20,19,1,,True,False,SCENARIO — NOT OBSERVED FILL
b8c80caa49242cc1,POLICY_D,2025-11-12T02:51:52+00:00,2,1200,-13.145671754460116,-32.0,4.0,88,11,11,99,WIN,20,-3,23,,True,False,SCENARIO — NOT OBSERVED FILL
6418fcd22fce92f3,POLICY_D,2025-11-14T00:03:48+00:00,2,1200,-8.906133689703779,-28.0,8.0,89,10,-10,99,WIN,20,19,1,,True,False,SCENARIO — NOT OBSERVED FILL
d834607c08cd9710,POLICY_D,2025-11-15T03:17:55+00:00,2,1200,-3.441459911359874,-20.0,12.0,87,12,-11,99,WIN,20,18,2,,True,False,SCENARIO — NOT OBSERVED FILL
69040d9f3369ada7,POLICY_D,2025-11-16T01:47:48+00:00,2,480,-72.79525667177968,-80.0,-63.90000000000009,17,,,,LOSS,-80,-63,,17,False,True,SCENARIO — NOT OBSERVED FILL
61ea9069a5d7cec5,POLICY_D,2025-11-16T21:01:22+00:00,1,0,-42.48248384412481,-60.0,-24.0,75,5,-4,80,WIN,20,0,20,,True,False,SCENARIO — NOT OBSERVED FILL
7e044171c955b155,POLICY_D,2025-11-19T03:17:21+00:00,2,1200,-7.216926441351909,-24.0,8.0,90,9,-9,99,WIN,20,19,1,,True,False,SCENARIO — NOT OBSERVED FILL
45afbde2ad4d407a,POLICY_D,2025-11-21T23:31:50+00:00,2,840,-36.113003838722484,-56.0,-16.0,38,61,-14,99,WIN,20,-28,48,,True,False,SCENARIO — NOT OBSERVED FILL
b0913dbf7abd5848,POLICY_D,2025-11-22T03:36:21+00:00,2,1200,-3.6531566854114494,-20.0,12.0,81,-50,50,31,WIN,20,-49,69,,True,False,SCENARIO — NOT OBSERVED FILL
59fd43c9c6903edc,POLICY_D,2025-11-22T03:52:12+00:00,2,1200,4.175999378990032,-12.0,16.0,98,1,-1,99,WIN,20,19,1,,True,False,SCENARIO — NOT OBSERVED FILL
86e0d0af9d033fc6,POLICY_D,2025-11-25T00:39:07+00:00,2,720,2.3755132396827343,-16.0,16.0,86,-14,19,72,WIN,20,-8,28,,True,False,SCENARIO — NOT OBSERVED FILL
18aa32a2a18ab92a,POLICY_D,2025-11-26T01:19:13+00:00,2,0,-69.87606895182537,-80.0,-56.0,6,,,,LOSS,-80,-74,,6,False,True,SCENARIO — NOT OBSERVED FILL
8b94b3a8edd2c980,POLICY_D,2025-11-28T22:58:29+00:00,2,840,-2.5117172989312437,-20.0,12.0,81,18,-18,99,WIN,20,19,1,,True,False,SCENARIO — NOT OBSERVED FILL
0d652c71820f3bcf,POLICY_D,2025-12-03T03:14:04+00:00,2,1200,-8.756320370067426,-28.0,8.0,93,6,2,99,WIN,20,11,9,,True,False,SCENARIO — NOT OBSERVED FILL
6fb8c068ee4c641f,POLICY_D,2025-12-03T03:12:47+00:00,2,1200,11.930680171298404,0.0,20.0,71,-13,32,58,LOSS,-80,-22,,58,False,True,SCENARIO — NOT OBSERVED FILL
6b487333bf807bcd,POLICY_D,2025-12-04T01:35:19+00:00,2,1200,-3.3343386681231713,-20.0,12.0,90,9,14,99,WIN,20,-4,24,,True,False,SCENARIO — NOT OBSERVED FILL
11eaf91f973232d2,POLICY_D,2025-12-07T23:53:03+00:00,2,480,-33.499834051833766,-52.0,-12.0,69,17,29,86,WIN,20,6,14,,True,False,SCENARIO — NOT OBSERVED FILL
cba7e831ab3ba84e,POLICY_D,2025-12-10T00:46:47+00:00,2,1200,4.659713925629523,-12.0,16.0,92,-60,60,32,LOSS,-80,-48,,32,False,True,SCENARIO — NOT OBSERVED FILL
ccef1b8251c252ac,POLICY_D,2025-12-11T03:09:48+00:00,2,1200,-0.05961946966435927,-16.0,12.0,91,8,-3,99,WIN,20,14,6,,True,False,SCENARIO — NOT OBSERVED FILL
792ec93ba0bf5eb1,POLICY_D,2025-12-14T02:16:58+00:00,1,240,-3.8681800404907696,-20.0,12.0,79,20,20,99,WIN,20,-21,41,,True,False,SCENARIO — NOT OBSERVED FILL
f9654c885fdb0841,POLICY_D,2025-12-21T00:05:58+00:00,2,1200,-3.822134039305106,-24.0,12.0,92,7,-2,99,WIN,20,14,6,,True,False,SCENARIO — NOT OBSERVED FILL
2e58cabf0ad0ffa0,POLICY_D,2025-12-21T18:45:07+00:00,2,120,0.013109843037142355,-16.0,16.0,99,,,,WIN,20,19,1,,True,False,SCENARIO — NOT OBSERVED FILL
e89a44c4339ee6af,POLICY_D,2025-12-21T22:17:59+00:00,2,0,-68.57320432839374,-80.0,-56.0,16,,,,LOSS,-80,-64,,16,False,True,SCENARIO — NOT OBSERVED FILL
0fddb47f73afb527,POLICY_D,2026-01-03T20:01:10+00:00,1,0,-15.02498227664725,-32.0,0.09999999999990905,73,26,-2,99,WIN,20,-5,25,,True,False,SCENARIO — NOT OBSERVED FILL
f5099282fcad5ae9,POLICY_D,2026-01-03T21:57:40+00:00,2,1200,-3.4134705788949997,-20.09999999999991,12.0,85,14,-14,99,WIN,20,19,1,,True,False,SCENARIO — NOT OBSERVED FILL
a4a396d73b1d8101,POLICY_D,2026-01-03T23:17:17+00:00,2,1200,-18.73595034389679,-36.0,0.0,77,22,-22,99,WIN,20,19,1,,True,False,SCENARIO — NOT OBSERVED FILL
e531376d4e082828,POLICY_D,2026-01-06T01:08:27+00:00,2,1200,11.847104750047645,0.0,20.0,82,-31,47,51,LOSS,-80,-45,,35,False,True,SCENARIO — NOT OBSERVED FILL
3ce7e101debc0081,POLICY_D,2026-01-07T01:08:06+00:00,2,1200,-32.800920488079434,-52.0,-12.0,57,42,-42,99,WIN,20,19,1,,True,False,SCENARIO — NOT OBSERVED FILL
2d6652334abc6dcc,POLICY_D,2026-01-07T01:21:07+00:00,2,840,0.8953368585768807,-16.0,16.0,95,4,7,99,WIN,20,8,12,,True,False,SCENARIO — NOT OBSERVED FILL
2edcfb8754626492,POLICY_D,2026-01-07T01:10:58+00:00,2,1200,8.294283432749628,-8.0,20.0,89,10,-10,99,WIN,20,19,1,,True,False,SCENARIO — NOT OBSERVED FILL
4f3625f82edbccb6,POLICY_D,2026-01-07T02:09:53+00:00,2,1200,11.909787988693632,0.0,20.0,74,25,-13,99,WIN,20,7,13,,True,False,SCENARIO — NOT OBSERVED FILL
9463c12fa059c27e,POLICY_D,2026-01-07T03:24:37+00:00,2,1200,-10.29700656893217,-32.0,8.0,68,31,10,99,WIN,20,-22,42,,True,False,SCENARIO — NOT OBSERVED FILL
cb8b7d9f42b3c43b,POLICY_D,2026-01-07T04:30:01+00:00,2,0,7.608523279194225,-8.0,20.0,85,,,,LOSS,-80,5,,85,False,True,SCENARIO — NOT OBSERVED FILL
6e0f373eef010edf,POLICY_D,2026-01-07T04:00:14+00:00,2,360,-80.0,-80.0,-80.0,6,49,-22,55,WIN,20,-52,72,,True,False,SCENARIO — NOT OBSERVED FILL
1844ab6448912e77,POLICY_D,2026-01-08T00:45:37+00:00,2,1080,-61.43061761602371,-76.0,-44.0,74,25,-3,99,WIN,20,-3,23,,True,False,SCENARIO — NOT OBSERVED FILL
258ac10ef11c9361,POLICY_D,2026-01-08T03:22:22+00:00,2,1200,-20.110091036809546,-40.0,0.0,56,-8,8,48,WIN,20,-32,52,,True,False,SCENARIO — NOT OBSERVED FILL
2cc5c41b0ac4171f,POLICY_D,2026-01-08T03:11:27+00:00,2,1200,-9.842022696356349,-28.0,8.0,82,17,-17,99,WIN,20,19,1,,True,False,SCENARIO — NOT OBSERVED FILL
2552258eb6255e8e,POLICY_D,2026-01-09T00:33:46+00:00,2,1200,0.6485491808150625,-16.0,16.0,63,36,-2,99,WIN,20,-15,35,,True,False,SCENARIO — NOT OBSERVED FILL
e917fde8d089fff6,POLICY_D,2026-01-10T18:21:13+00:00,2,600,-37.53710918840712,-56.0,-16.0,58,-3,55,55,LOSS,-80,-25,,55,False,True,SCENARIO — NOT OBSERVED FILL
144dc576920915c3,POLICY_D,2026-01-10T19:15:28+00:00,2,1200,4.201141084729655,-12.0,16.0,80,19,-19,99,WIN,20,19,1,,True,False,SCENARIO — NOT OBSERVED FILL
57d5aee55815cd68,POLICY_D,2026-01-10T21:43:47+00:00,2,1200,-37.44514701085004,-56.0,-16.0,70,-14,14,56,WIN,20,-24,44,,True,False,SCENARIO — NOT OBSERVED FILL
4fa5feba84ffea5d,POLICY_D,2026-01-10T22:20:43+00:00,2,1200,-19.23267993379089,-40.0,0.0,88,11,-6,99,WIN,20,14,6,,True,False,SCENARIO — NOT OBSERVED FILL
ccb4b57da2a28d48,POLICY_D,2026-01-14T01:08:48+00:00,2,1200,-15.528463484872738,-36.0,4.0,62,37,-26,99,WIN,20,8,12,,True,False,SCENARIO — NOT OBSERVED FILL
4cdea7faa47cd8a0,POLICY_D,2026-01-14T03:12:33+00:00,2,1200,-1.5927867032423717,-20.0,12.0,95,,,,WIN,20,15,5,,True,False,SCENARIO — NOT OBSERVED FILL
f23c26565c2538fa,POLICY_D,2026-01-15T01:06:30+00:00,2,1200,9.067199126404507,-4.0,20.0,96,3,-3,99,WIN,20,19,1,,True,False,SCENARIO — NOT OBSERVED FILL
2edff8739df98091,POLICY_D,2026-01-15T01:06:37+00:00,2,1200,3.7581172809295444,-12.0,16.0,88,-3,26,85,LOSS,-80,5,,85,False,True,SCENARIO — NOT OBSERVED FILL
50abd8cf8a02fdd8,POLICY_D,2026-01-15T01:04:56+00:00,2,1200,-3.484134045764077,-20.0,12.0,87,-65,65,22,LOSS,-80,-58,,22,False,True,SCENARIO — NOT OBSERVED FILL
16619015f386a4b2,POLICY_D,2026-01-15T02:51:39+00:00,2,1200,-7.5520498649499626,-28.0,8.099999999999909,79,20,-20,99,WIN,20,19,1,,True,False,SCENARIO — NOT OBSERVED FILL
4a6c310a9266f6ee,POLICY_D,2026-01-15T05:12:13+00:00,2,1200,-6.002382599310989,-24.0,12.0,91,8,-8,99,WIN,20,19,1,,True,False,SCENARIO — NOT OBSERVED FILL
53a941af54c99419,POLICY_D,2026-01-17T18:04:21+00:00,2,1200,-11.67839238695732,-32.0,4.0,85,7,84,92,LOSS,-80,12,,92,False,True,SCENARIO — NOT OBSERVED FILL
d2c9f936d8887f23,POLICY_D,2026-01-17T22:07:08+00:00,2,1200,-13.741949998560546,-32.0,4.0,83,16,-16,99,WIN,20,19,1,,True,False,SCENARIO — NOT OBSERVED FILL
3dcbc8ce3f690f82,POLICY_D,2026-01-21T03:09:12+00:00,2,1200,8.137622015059407,-8.0,20.0,63,36,-36,99,WIN,20,19,1,,True,False,SCENARIO — NOT OBSERVED FILL
4e9f2aaf642a4465,POLICY_D,2026-01-21T03:14:06+00:00,2,1200,-3.2212695272144076,-20.0,12.0,82,13,10,95,WIN,20,-8,28,,True,False,SCENARIO — NOT OBSERVED FILL
eb84767c95d5f96c,POLICY_D,2026-01-22T03:53:38+00:00,2,120,-61.50134956670941,-76.0,-44.0,2,0,0,2,LOSS,-80,-78,,2,False,True,SCENARIO — NOT OBSERVED FILL
605cd9a880ceb9ec,POLICY_D,2026-01-22T04:22:00+00:00,2,0,-66.10257044517454,-76.09999999999991,-52.0,5,,,,LOSS,-80,-75,,5,False,True,SCENARIO — NOT OBSERVED FILL
adb56bdef6b74eb5,POLICY_D,2026-01-24T22:34:06+00:00,2,840,5.67424468484877,-8.0,16.0,78,21,-21,99,WIN,20,19,1,,True,False,SCENARIO — NOT OBSERVED FILL
c2d7d4ac59413768,POLICY_D,2026-01-25T03:45:50+00:00,2,0,-79.99999999999999,-80.0,-80.0,2,,,,LOSS,-80,-78,,2,False,True,SCENARIO — NOT OBSERVED FILL
a5aed87e1b755a26,POLICY_D,2026-01-28T02:44:04+00:00,2,1200,4.144675642077547,-8.0,16.0,86,13,43,99,WIN,20,-3,23,,True,False,SCENARIO — NOT OBSERVED FILL
00befb799c90c40d,POLICY_E,2025-11-12T01:11:49+00:00,2,1200,-55.443780837326095,-72.0,-36.0,78,,,,WIN,20,-2,22,,True,False,SCENARIO — NOT OBSERVED FILL
69040d9f3369ada7,POLICY_E,2025-11-16T01:47:48+00:00,2,480,-72.79525667177968,-80.0,-63.90000000000009,17,,,,LOSS,-80,-63,,17,False,True,SCENARIO — NOT OBSERVED FILL
61ea9069a5d7cec5,POLICY_E,2025-11-16T21:01:22+00:00,1,0,-42.48248384412481,-60.0,-24.0,75,5,-4,80,WIN,20,0,20,,True,False,SCENARIO — NOT OBSERVED FILL
63a57a9affd5d10f,POLICY_E,2025-11-19T00:25:39+00:00,1,0,-40.803434756865514,-60.0,-20.0,86,13,-2,99,WIN,20,8,12,,True,False,SCENARIO — NOT OBSERVED FILL
45afbde2ad4d407a,POLICY_E,2025-11-21T23:31:50+00:00,2,840,-36.113003838722484,-56.0,-16.0,38,61,-14,99,WIN,20,-28,48,,True,False,SCENARIO — NOT OBSERVED FILL
b0913dbf7abd5848,POLICY_E,2025-11-22T04:13:56+00:00,2,360,-63.69829338771502,-76.0,-48.0,31,,,,WIN,20,-49,69,,True,False,SCENARIO — NOT OBSERVED FILL
bbbd545585b72d40,POLICY_E,2025-11-23T22:48:35+00:00,1,0,-80.00000000000001,-80.0,-80.0,66,33,0,99,WIN,20,-14,34,,True,False,SCENARIO — NOT OBSERVED FILL
ad36cf233dd1eff6,POLICY_E,2025-11-24T21:21:45+00:00,1,120,-51.967456457141104,-68.0,-32.0,86,13,3,99,WIN,20,8,12,,True,False,SCENARIO — NOT OBSERVED FILL
86e0d0af9d033fc6,POLICY_E,2025-11-25T01:18:06+00:00,3,180,-23.316433142086463,-44.0,-4.0,67,,,,WIN,20,-13,33,,True,False,SCENARIO — NOT OBSERVED FILL
18aa32a2a18ab92a,POLICY_E,2025-11-26T00:02:22+00:00,1,0,-43.94267571351401,-64.0,-24.0,66,4,60,70,LOSS,-80,-10,,70,False,True,SCENARIO — NOT OBSERVED FILL
9c1b4fdb45dc0e9a,POLICY_E,2025-12-03T00:52:32+00:00,1,0,-41.43882575877494,-60.0,-24.0,94,5,0,99,WIN,20,14,6,,True,False,SCENARIO — NOT OBSERVED FILL
6fb8c068ee4c641f,POLICY_E,2025-12-03T03:19:22+00:00,2,1080,-41.69071886199853,-60.0,-24.0,58,-4,19,54,LOSS,-80,-26,,54,False,True,SCENARIO — NOT OBSERVED FILL
b8c2e88f06df43e3,POLICY_E,2025-12-07T04:06:13+00:00,1,0,-27.397860571987792,-48.0,-8.0,93,6,2,99,WIN,20,11,9,,True,False,SCENARIO — NOT OBSERVED FILL
11eaf91f973232d2,POLICY_E,2025-12-07T23:53:03+00:00,2,480,-33.499834051833766,-52.0,-12.0,69,17,29,86,WIN,20,6,14,,True,False,SCENARIO — NOT OBSERVED FILL
6ccda2ea9da1df79,POLICY_E,2025-12-10T01:21:49+00:00,1,0,-23.094155936022073,-44.0,-4.0,78,21,3,99,WIN,20,-3,23,,True,False,SCENARIO — NOT OBSERVED FILL
339cb9486ec36c54,POLICY_E,2025-12-14T02:12:09+00:00,1,0,-56.825327652648845,-72.0,-40.0,80,0,0,80,WIN,20,0,20,,True,False,SCENARIO — NOT OBSERVED FILL
792ec93ba0bf5eb1,POLICY_E,2025-12-14T02:25:02+00:00,1,0,-33.79005534053954,-52.0,-16.0,59,40,-2,99,WIN,20,-19,39,,True,False,SCENARIO — NOT OBSERVED FILL
e89a44c4339ee6af,POLICY_E,2025-12-21T22:17:59+00:00,2,0,-68.57320432839374,-80.0,-56.0,16,,,,LOSS,-80,-64,,16,False,True,SCENARIO — NOT OBSERVED FILL
0fddb47f73afb527,POLICY_E,2026-01-03T20:14:12+00:00,2,1200,-24.841722722975486,-44.0,-4.0,75,24,-24,99,WIN,20,19,1,,True,False,SCENARIO — NOT OBSERVED FILL
9f47ec88cb960c2b,POLICY_E,2026-01-03T21:18:06+00:00,1,0,-67.4751909685269,-80.0,-52.0,72,27,0,99,WIN,20,-8,28,,True,False,SCENARIO — NOT OBSERVED FILL
e531376d4e082828,POLICY_E,2026-01-06T02:05:03+00:00,2,0,-58.174775921566166,-72.0,-40.0,35,16,-16,51,LOSS,-80,-29,,51,False,True,SCENARIO — NOT OBSERVED FILL
3ce7e101debc0081,POLICY_E,2026-01-07T01:08:06+00:00,2,1200,-32.800920488079434,-52.0,-12.0,57,42,-42,99,WIN,20,19,1,,True,False,SCENARIO — NOT OBSERVED FILL
6e0f373eef010edf,POLICY_E,2026-01-07T04:00:14+00:00,2,360,-80.0,-80.0,-80.0,6,49,-22,55,WIN,20,-52,72,,True,False,SCENARIO — NOT OBSERVED FILL
1844ab6448912e77,POLICY_E,2026-01-08T00:45:37+00:00,2,1080,-61.43061761602371,-76.0,-44.0,74,25,-3,99,WIN,20,-3,23,,True,False,SCENARIO — NOT OBSERVED FILL
258ac10ef11c9361,POLICY_E,2026-01-08T03:43:46+00:00,2,840,-29.196524375175162,-48.0,-8.0,48,,,,WIN,20,-32,52,,True,False,SCENARIO — NOT OBSERVED FILL
2552258eb6255e8e,POLICY_E,2026-01-09T00:47:34+00:00,2,840,-23.853784964119665,-44.0,-4.0,65,34,-31,99,WIN,20,16,4,,True,False,SCENARIO — NOT OBSERVED FILL
30b1ac78fc209527,POLICY_E,2026-01-10T17:50:25+00:00,1,0,-80.0,-80.0,-80.0,79,20,-1,99,WIN,20,0,20,,True,False,SCENARIO — NOT OBSERVED FILL
e917fde8d089fff6,POLICY_E,2026-01-10T18:21:13+00:00,2,600,-37.53710918840712,-56.0,-16.0,58,-3,55,55,LOSS,-80,-25,,55,False,True,SCENARIO — NOT OBSERVED FILL
57d5aee55815cd68,POLICY_E,2026-01-10T21:31:49+00:00,1,0,-24.589940212073618,-44.0,-4.0,69,1,13,70,WIN,20,-10,30,,True,False,SCENARIO — NOT OBSERVED FILL
ee5e88f2a29da5d0,POLICY_E,2026-01-11T00:00:17+00:00,1,0,-80.0,-80.0,-80.0,91,8,0,99,WIN,20,11,9,,True,False,SCENARIO — NOT OBSERVED FILL
2edff8739df98091,POLICY_E,2026-01-15T02:09:18+00:00,3,180,-41.56148151307666,-60.0,-24.0,62,,,,LOSS,-80,-18,,62,False,True,SCENARIO — NOT OBSERVED FILL
4f1cfeef318f10c9,POLICY_E,2026-01-15T05:08:25+00:00,1,0,-47.490354737075,-64.0,-28.0,63,36,-4,99,WIN,20,-13,33,,True,False,SCENARIO — NOT OBSERVED FILL
53a941af54c99419,POLICY_E,2026-01-17T19:19:06+00:00,2,0,-55.25402192763879,-72.0,-36.0,1,,,,LOSS,-80,-79,,1,False,True,SCENARIO — NOT OBSERVED FILL
a4307c0519ec522b,POLICY_E,2026-01-17T17:49:57+00:00,1,0,-75.76093560580811,-80.0,-68.0,84,15,0,99,WIN,20,4,16,,True,False,SCENARIO — NOT OBSERVED FILL
d1d5e91212f8c11d,POLICY_E,2026-01-18T02:15:29+00:00,1,0,-69.17463620035466,-80.0,-56.0,70,-2,49,68,LOSS,-80,-12,,68,False,True,SCENARIO — NOT OBSERVED FILL
b05c00e26d4dbf83,POLICY_E,2026-01-21T02:51:27+00:00,1,120,-24.567859935082208,-44.0,-4.0,84,15,6,99,WIN,20,0,20,,True,False,SCENARIO — NOT OBSERVED FILL
eb84767c95d5f96c,POLICY_E,2026-01-22T02:47:19+00:00,1,0,-42.650194236274004,-60.0,-24.0,66,-9,64,57,LOSS,-80,-23,,57,False,True,SCENARIO — NOT OBSERVED FILL
605cd9a880ceb9ec,POLICY_E,2026-01-22T02:51:30+00:00,1,0,-35.6181400914486,-56.0,-16.0,75,2,70,77,LOSS,-80,-6,,74,False,True,SCENARIO — NOT OBSERVED FILL
7c81e3f934d907fb,POLICY_E,2026-01-24T17:53:35+00:00,1,0,-76.43246593663807,-80.0,-68.0,65,34,16,99,WIN,20,-10,30,,True,False,SCENARIO — NOT OBSERVED FILL
c2d7d4ac59413768,POLICY_E,2026-01-25T02:24:28+00:00,1,0,-49.739541453622785,-68.0,-32.0,67,-1,65,66,LOSS,-80,-14,,66,False,True,SCENARIO — NOT OBSERVED FILL
299557bc5c47afb8,POLICY_E,2026-01-28T00:20:29+00:00,1,0,-80.0,-80.0,-80.0,58,34,44,92,WIN,20,-20,40,,True,False,SCENARIO — NOT OBSERVED FILL
a5aed87e1b755a26,POLICY_E,2026-01-28T03:25:52+00:00,2,240,-29.214895714544213,-48.0,-12.0,43,56,-19,99,WIN,20,-18,38,,True,False,SCENARIO — NOT OBSERVED FILL
1b95993f4b64a1d7,POLICY_F,2025-11-12T02:06:27+00:00,2,1200,-7.365559320579838,-28.0,8.0,81,18,-18,99,WIN,20,19,1,,True,False,SCENARIO — NOT OBSERVED FILL
b8c80caa49242cc1,POLICY_F,2025-11-12T02:51:52+00:00,2,1200,-13.145671754460116,-32.0,4.0,88,11,11,99,WIN,20,-3,23,,True,False,SCENARIO — NOT OBSERVED FILL
6418fcd22fce92f3,POLICY_F,2025-11-14T00:03:48+00:00,2,1200,-8.906133689703779,-28.0,8.0,89,10,-10,99,WIN,20,19,1,,True,False,SCENARIO — NOT OBSERVED FILL
d834607c08cd9710,POLICY_F,2025-11-15T03:17:55+00:00,2,1200,-3.441459911359874,-20.0,12.0,87,12,-11,99,WIN,20,18,2,,True,False,SCENARIO — NOT OBSERVED FILL
63a57a9affd5d10f,POLICY_F,2025-11-19T00:42:34+00:00,2,1200,-9.99887060305865,-28.0,8.0,88,11,-9,99,WIN,20,17,3,,True,False,SCENARIO — NOT OBSERVED FILL
7e044171c955b155,POLICY_F,2025-11-19T03:17:21+00:00,2,1200,-7.216926441351909,-24.0,8.0,90,9,-9,99,WIN,20,19,1,,True,False,SCENARIO — NOT OBSERVED FILL
b0913dbf7abd5848,POLICY_F,2025-11-22T03:36:21+00:00,2,1200,-3.6531566854114494,-20.0,12.0,81,-50,50,31,WIN,20,-49,69,,True,False,SCENARIO — NOT OBSERVED FILL
ad36cf233dd1eff6,POLICY_F,2025-11-24T22:04:10+00:00,2,600,-5.181670477653608,-24.0,12.0,83,16,-16,99,WIN,20,19,1,,True,False,SCENARIO — NOT OBSERVED FILL
8b94b3a8edd2c980,POLICY_F,2025-11-28T22:58:29+00:00,2,840,-2.5117172989312437,-20.0,12.0,81,18,-18,99,WIN,20,19,1,,True,False,SCENARIO — NOT OBSERVED FILL
0d652c71820f3bcf,POLICY_F,2025-12-03T03:14:04+00:00,2,1200,-8.756320370067426,-28.0,8.0,93,6,2,99,WIN,20,11,9,,True,False,SCENARIO — NOT OBSERVED FILL
6fb8c068ee4c641f,POLICY_F,2025-12-03T04:08:05+00:00,2,120,-13.698151520271477,-32.0,4.0,54,-15,15,39,LOSS,-80,-41,,39,False,True,SCENARIO — NOT OBSERVED FILL
6b487333bf807bcd,POLICY_F,2025-12-04T01:35:19+00:00,2,1200,-3.3343386681231713,-20.0,12.0,90,9,14,99,WIN,20,-4,24,,True,False,SCENARIO — NOT OBSERVED FILL
48a9d4d204dbc4d1,POLICY_F,2025-12-04T03:01:19+00:00,1,0,-1.1921583915937504,-20.0,12.099999999999909,90,3,-3,93,WIN,20,13,7,,True,False,SCENARIO — NOT OBSERVED FILL
b8c2e88f06df43e3,POLICY_F,2025-12-07T04:24:08+00:00,2,1200,-9.348187642080289,-28.0,8.0,91,8,-8,99,WIN,20,19,1,,True,False,SCENARIO — NOT OBSERVED FILL
11eaf91f973232d2,POLICY_F,2025-12-08T00:21:07+00:00,3,300,-4.94244038852087,-24.0,12.0,46,,,,WIN,20,-34,54,,True,False,SCENARIO — NOT OBSERVED FILL
ccef1b8251c252ac,POLICY_F,2025-12-11T03:09:48+00:00,2,1200,-0.05961946966435927,-16.0,12.0,91,8,-3,99,WIN,20,14,6,,True,False,SCENARIO — NOT OBSERVED FILL
792ec93ba0bf5eb1,POLICY_F,2025-12-14T02:16:58+00:00,1,240,-3.8681800404907696,-20.0,12.0,79,20,20,99,WIN,20,-21,41,,True,False,SCENARIO — NOT OBSERVED FILL
f9654c885fdb0841,POLICY_F,2025-12-21T00:05:58+00:00,2,1200,-3.822134039305106,-24.0,12.0,92,7,-2,99,WIN,20,14,6,,True,False,SCENARIO — NOT OBSERVED FILL
e89a44c4339ee6af,POLICY_F,2025-12-21T21:17:00+00:00,2,1200,-2.3955330820402914,-20.0,12.0,84,12,68,96,LOSS,-80,14,,94,False,True,SCENARIO — NOT OBSERVED FILL
0fddb47f73afb527,POLICY_F,2026-01-03T20:01:10+00:00,1,0,-15.02498227664725,-32.0,0.09999999999990905,73,26,-2,99,WIN,20,-5,25,,True,False,SCENARIO — NOT OBSERVED FILL
f5099282fcad5ae9,POLICY_F,2026-01-03T21:57:40+00:00,2,1200,-3.4134705788949997,-20.09999999999991,12.0,85,14,-14,99,WIN,20,19,1,,True,False,SCENARIO — NOT OBSERVED FILL
3ce7e101debc0081,POLICY_F,2026-01-07T00:52:06+00:00,1,0,-8.13657226672472,-28.0,8.0,58,41,1,99,WIN,20,-23,43,,True,False,SCENARIO — NOT OBSERVED FILL
9463c12fa059c27e,POLICY_F,2026-01-07T03:24:37+00:00,2,1200,-10.29700656893217,-32.0,8.0,68,31,10,99,WIN,20,-22,42,,True,False,SCENARIO — NOT OBSERVED FILL
6e0f373eef010edf,POLICY_F,2026-01-07T04:30:34+00:00,3,300,-15.482429174977542,-36.0,4.0,55,,,,WIN,20,-25,45,,True,False,SCENARIO — NOT OBSERVED FILL
258ac10ef11c9361,POLICY_F,2026-01-08T03:06:05+00:00,1,0,-2.039452579156045,-20.0,12.0,52,4,4,56,WIN,20,-24,44,,True,False,SCENARIO — NOT OBSERVED FILL
2cc5c41b0ac4171f,POLICY_F,2026-01-08T03:11:27+00:00,2,1200,-9.842022696356349,-28.0,8.0,82,17,-17,99,WIN,20,19,1,,True,False,SCENARIO — NOT OBSERVED FILL
b7c8409c2540bbbc,POLICY_F,2026-01-10T17:54:17+00:00,1,0,-0.2692327456439063,-16.0,16.0,88,11,-2,99,WIN,20,10,10,,True,False,SCENARIO — NOT OBSERVED FILL
ee5e88f2a29da5d0,POLICY_F,2026-01-11T00:15:42+00:00,2,1200,-0.3900262896697999,-16.0,12.0,91,8,-8,99,WIN,20,19,1,,True,False,SCENARIO — NOT OBSERVED FILL
ccb4b57da2a28d48,POLICY_F,2026-01-14T01:08:48+00:00,2,1200,-15.528463484872738,-36.0,4.0,62,37,-26,99,WIN,20,8,12,,True,False,SCENARIO — NOT OBSERVED FILL
4cdea7faa47cd8a0,POLICY_F,2026-01-14T03:12:33+00:00,2,1200,-1.5927867032423717,-20.0,12.0,95,,,,WIN,20,15,5,,True,False,SCENARIO — NOT OBSERVED FILL
2edff8739df98091,POLICY_F,2026-01-15T02:06:58+00:00,2,0,-9.557816951451493,-28.0,8.0,67,-5,5,62,LOSS,-80,-18,,62,False,True,SCENARIO — NOT OBSERVED FILL
50abd8cf8a02fdd8,POLICY_F,2026-01-15T01:04:56+00:00,2,1200,-3.484134045764077,-20.0,12.0,87,-65,65,22,LOSS,-80,-58,,22,False,True,SCENARIO — NOT OBSERVED FILL
16619015f386a4b2,POLICY_F,2026-01-15T02:51:39+00:00,2,1200,-7.5520498649499626,-28.0,8.099999999999909,79,20,-20,99,WIN,20,19,1,,True,False,SCENARIO — NOT OBSERVED FILL
4f1cfeef318f10c9,POLICY_F,2026-01-15T05:24:52+00:00,2,1200,-11.956679732085876,-32.0,4.0,67,32,-32,99,WIN,20,19,1,,True,False,SCENARIO — NOT OBSERVED FILL
4a6c310a9266f6ee,POLICY_F,2026-01-15T05:12:13+00:00,2,1200,-6.002382599310989,-24.0,12.0,91,8,-8,99,WIN,20,19,1,,True,False,SCENARIO — NOT OBSERVED FILL
53a941af54c99419,POLICY_F,2026-01-17T18:04:21+00:00,2,1200,-11.67839238695732,-32.0,4.0,85,7,84,92,LOSS,-80,12,,92,False,True,SCENARIO — NOT OBSERVED FILL
a4307c0519ec522b,POLICY_F,2026-01-17T18:04:56+00:00,2,1200,-14.657455757848002,-32.0,4.0,84,15,-2,99,WIN,20,6,14,,True,False,SCENARIO — NOT OBSERVED FILL
d2c9f936d8887f23,POLICY_F,2026-01-17T22:07:08+00:00,2,1200,-13.741949998560546,-32.0,4.0,83,16,-16,99,WIN,20,19,1,,True,False,SCENARIO — NOT OBSERVED FILL
b05c00e26d4dbf83,POLICY_F,2026-01-21T03:09:18+00:00,2,1200,-0.21476485584539395,-16.0,16.0,78,21,-5,99,WIN,20,3,17,,True,False,SCENARIO — NOT OBSERVED FILL
4e9f2aaf642a4465,POLICY_F,2026-01-21T03:14:06+00:00,2,1200,-3.2212695272144076,-20.0,12.0,82,13,10,95,WIN,20,-8,28,,True,False,SCENARIO — NOT OBSERVED FILL
605cd9a880ceb9ec,POLICY_F,2026-01-22T03:20:28+00:00,2,840,-10.289804579790538,-28.0,8.0,77,-19,72,58,LOSS,-80,-22,,58,False,True,SCENARIO — NOT OBSERVED FILL
7c81e3f934d907fb,POLICY_F,2026-01-24T18:08:31+00:00,2,1200,-13.965135862121656,-32.0,4.0,70,29,21,99,WIN,20,-17,37,,True,False,SCENARIO — NOT OBSERVED FILL
299557bc5c47afb8,POLICY_F,2026-01-28T00:37:52+00:00,2,1200,-4.394743347188894,-20.0,12.0,60,32,46,92,WIN,20,-38,58,,True,False,SCENARIO — NOT OBSERVED FILL
