period,n,gross_pnl_cents,net_pnl_cents,wins,losses,flats
1,1,38610,38082,1,0,0
2,6,180477,176483,5,1,0
3,3,65571,63011,2,1,0
4,2,23254,21166,1,1,0
5,3,72468,69638,2,1,0
6,4,-25080,-30469,1,3,0
7,4,-25399,-30857,1,3,0
8,2,26378,24008,1,1,0
9,6,160314,154054,4,2,0
10,3,162316,160099,3,0,0
11,3,88341,84893,2,1,0
12,4,-32043,-38927,1,3,0
13,4,63272,57590,2,2,0
14,3,96129,92376,2,1,0
15,1,-33275,-35355,0,1,0
18,1,72534,71543,1,0,0
19,10,-39512,-60032,3,7,0
20,2,39006,35503,1,1,0
21,6,-122958,-136585,1,5,0
22,5,281787,274897,4,1,0
23,7,87186,72713,3,4,0
24,2,174372,171990,2,0,0
25,8,178816,162756,4,4,0
26,4,86042,77802,2,2,0
27,4,240845,233886,3,1,0
28,6,292666,281056,4,2,0
29,4,-54450,-66146,1,3,0
30,3,0,-8398,1,2,0
31,6,176022,160218,3,3,0
32,3,-182754,-194175,0,3,0
33,3,0,-9392,1,2,0
35,7,340725,320504,4,3,0
36,2,70719,64369,1,1,0
37,4,-71588,-86965,1,3,0
38,1,145024,143044,1,0,0
39,7,145915,121638,3,4,0
40,4,146806,133192,2,2,0
41,7,-79046,-107345,2,5,0
42,10,391688,356664,5,5,0
43,10,886809,856163,7,3,0
44,6,7238,-19234,2,4,0
45,8,356026,323875,4,4,0
46,2,90761,82612,1,1,0
47,5,376860,357365,3,2,0
48,2,391336,385994,2,0,0
49,9,936639,900078,6,3,0
50,2,-217470,-231058,0,2,0
51,7,545710,513330,4,3,0
52,5,1133440,1117965,5,0,0
53,4,-505780,-537380,0,4,0
54,8,890109,850218,5,3,0
55,6,761574,731434,4,2,0
56,3,0,-22008,1,2,0
57,5,994884,970726,4,1,0
58,7,277816,226765,3,4,0
59,2,156937,142846,1,1,0
60,4,325952,296686,2,2,0
61,2,660132,651120,2,0,0
62,1,334290,329726,1,0,0
63,1,355762,350905,1,0,0
64,1,396792,391375,1,0,0
