audit_id,affected_module,verified_defect_or_disagreement,old_behavior,corrected_behavior,regression_test,impacted_outputs,final_status
Q01,research/first78_67_portfolio_v1/complete_plan_outputs.py,VERIFIED in v1. OOS inference.py already used a studentized centered bootstrap; that earlier OOS p-value is not copied forward.,Resample the observed mean and count means <= 0.,Studentized centered day-cluster bootstrap or P_VALUE_NOT_ESTIMABLE. Holm only on the fixed four-test family.,test_zero_mean_cluster_is_not_significant,primary_inference.csv; claims_withdrawn_or_replaced.csv,FIXED_AND_VERIFIED
Q02,research/first78_67_portfolio_v1/src/first78/stats.py and oos_adverse/scenarios.py block_summaries,VERIFIED in both. Each active day is anchored to its first signal and then advanced by 86400*block+5. Empty days are omitted.,Distorted calendar and the 12255-path quantiles.,Contiguous local-day blocks on a complete calendar. A B-day block advances B destination local days. Identity replay matches the deterministic book.,test_calendar_identity_and_empty_day,calendar_maps.csv; simulation_summaries.csv,FIXED_AND_VERIFIED
Q03,research/first78_67_portfolio_v1/src/first78/materialize.py,VERIFIED. Next-bar changes price and leaves signal_ts. OOS latency moves signal_ts but still exports price through portfolio.py.,$65,814.78 uses a future price at the earlier timestamp.,Action timestamp moves with the selected bar. Stop evidence must be strictly later. The old dollar figure is withdrawn. A full 936 next-bar re-extract needs paths that are not in the saved trade file.,test_latency_moves_timestamp_and_recomputes_stop,claims_withdrawn_or_replaced.csv,FIXED_AND_VERIFIED
Q04,finish_report_artifacts.py and oos minute marks,VERIFIED. v1 marks sit on events. OOS can carry a bid into the day-end series.,Event-only marks and silent carry-forward.,Every minute is kept. Missing bids stay missing with quote age and reason. Realized event-only and full-grid drawdowns are separate. The 7.44% figure stays a comparison diagnostic.,test_missing_mark_row_is_kept,minute_equity.csv; drawdown.json,FIXED_AND_VERIFIED
Q05,contract population label,LIMITATION. The 936 book is conditional on later FIRST80 membership. That is not a code defect.,Labeled as the study universe.,Relabeled LEGACY_FIRST80_CONDITIONED_936. Ex-ante OOS stays a separate population.,test_population_labels,population_funnel.csv,LIMITATION_REMAINS
Q06,trades and fill logs,LIMITATION. No order or fill log. Depth is not a queue.,Assumed 78/67 fills.,fill_markouts.csv records MEASURED_ADVERSE_SELECTION_UNAVAILABLE.,test_fill_markout_status,fill_markouts.csv,LIMITATION_REMAINS
Q07,complete_plan_outputs.py within-game model,VERIFIED. One row per trade. Duration was last close minus first close.,Presented as a survival deliverable.,Relabeled empirical baseline. Snapshot diagnostic uses event-time duration and does not change entries. Nested refit runs only where snapshot rows exist.,test_model_does_not_change_entries,model_validation.json,FIXED_AND_VERIFIED
Q08,report sections 02-07,VERIFIED. The same trade rollup was copied into several sections.,Folder presence treated as completion.,deliverable_coverage.csv distinguishes missing implementation from missing data. Repeated rollups are not substituted for the calendar or the model.,test_deliverable_coverage_flags,deliverable_coverage.csv,FIXED_AND_VERIFIED
Q09,run_backtest.py Sharpe,VERIFIED in v1. OOS account Sharpe already used prior-day equity.,Daily dollar P&L divided by the original $20,000.,E_end/E_previous-1 on the full Pacific grid. Realized and marked series stay separate. sqrt(365) is a label.,test_account_return_uses_prior_equity,daily_returns.csv,FIXED_AND_VERIFIED
Q10,portfolio.py trade export,VERIFIED and inherited by OOS play() which calls replay without the scenario price.,Sizes at the candidate price and exports the function default 78.,The ledger stores the price that funded principal. An 82 cent probe must export 82.,test_eightytwo_cent_export,trades.csv,FIXED_AND_VERIFIED
Q11,materialize.py build_candidates,VERIFIED. UNRESOLVED rows are dropped before admission. The audit found no baseline cases.,Future exit availability removes the candidate.,An admitted holding with no future exit stays open. Realized equity does not invent a terminal value.,test_unresolved_holding_stays_open,lifecycle.csv,FIXED_AND_VERIFIED
Q12,portfolio.py heap insertion order,VERIFIED. Equal timestamps follow input order.,Insertion sequence.,Sort by timestamp event_priority game_id contract_id stable_event_id. Exits then cash then entries.,test_order_independent_ties,portfolio_events.csv,FIXED_AND_VERIFIED
Q13,manifest.json,VERIFIED. Four hashes and GIT_UNAVAILABLE. Root and run contracts differ.,Supplements rewrote one run id. A protocol field is not a preregistration.,New run directory. Hash consumed inputs. Record the original contract mismatch. Do not rewrite either original.,test_original_runs_not_required,manifest.json,FIXED_AND_VERIFIED
Q14,clocks.py,LIMITATION. NBA walls are interpolated. No disagreement with the audit.,As-of lookup described as alignment.,Labeled MODELED_AVAILABILITY. Diagnostic volatility stops before settlement.,test_clock_label,lifecycle.csv,LIMITATION_REMAINS
Q15,assumptions.md versus ncaab_pbp_align.entry_bucket,PROSE DEFECT. Code is the authority. H1 remaining <= 600 is H1_2. H2 remaining > 600 is H2_1. Exactly 600 in H2 is H2_2. The audit's description of the code matches; the v1 sentence about the first ten minutes does not.,Prose contradicted the reference function.,Repair contract states the code boundaries. The reference function is not edited.,test_ncaab_600_boundary,repair_contract.json,FIXED_AND_VERIFIED
Q-OOS-LOW,oos_adverse/eligibility.py,VERIFIED inheritance of a rule this repair reverses. A low <= 67 inside the entry bar rejected the close up-cross.,CHRONOLOGY_UNRESOLVED exclusion.,Flag INTRABAR_AMBIGUITY and require a later close for the stop. October's candidate count may change.,test_intrabar_low_does_not_reject,population_funnel.csv,FIXED_AND_VERIFIED
Q-OOS-FAIL,oos_adverse/oracle.py stop_fail_ids,VERIFIED. k = round(rate * number of stops). April's four stops produced k = 0.,Integer quota.,Independent Bernoulli draws. A four-stop fixture matches 1-(1-p)^4.,test_bernoulli_four_stop_enumeration,stress_comparison.csv,FIXED_AND_VERIFIED
