path,source_day,dest_day,instance_id,block_days,test_id,population_id,run_id,sport,scenario_id
0,2025-12-22,2025-11-01,34c1ba3fb5069c7fdbc29bfff5e15052#p0#c0,1,LEGACY_936,LEGACY_FIRST80_CONDITIONED_936,audit_repair_20260926T090447Z,ALL,BLOCK_MAP
0,2025-12-22,2025-11-01,80f25dde5b2a3f9a858210af49741265#p0#c1,1,LEGACY_936,LEGACY_FIRST80_CONDITIONED_936,audit_repair_20260926T090447Z,ALL,BLOCK_MAP
0,2025-11-04,2025-11-02,02bc31ef8c55679f1b7528581e731e5c#p0#c2,1,LEGACY_936,LEGACY_FIRST80_CONDITIONED_936,audit_repair_20260926T090447Z,ALL,BLOCK_MAP
0,2025-11-04,2025-11-02,ff65b6bdb0416c977fcffa35ac536cd8#p0#c3,1,LEGACY_936,LEGACY_FIRST80_CONDITIONED_936,audit_repair_20260926T090447Z,ALL,BLOCK_MAP
0,2025-11-04,2025-11-02,e8a23aaf0c37610b0704ffa2ee3acb27#p0#c4,1,LEGACY_936,LEGACY_FIRST80_CONDITIONED_936,audit_repair_20260926T090447Z,ALL,BLOCK_MAP
0,2026-04-01,2025-11-03,7031e8291af817c1aced41d97eac6906#p0#c5,1,LEGACY_936,LEGACY_FIRST80_CONDITIONED_936,audit_repair_20260926T090447Z,ALL,BLOCK_MAP
0,2026-04-01,2025-11-03,9bf8c9aa3030a1ad7d395c1f75f58dfd#p0#c6,1,LEGACY_936,LEGACY_FIRST80_CONDITIONED_936,audit_repair_20260926T090447Z,ALL,BLOCK_MAP
0,2026-04-01,2025-11-03,e70b4bd49b3a5e9db4405fb78b5ccb5b#p0#c7,1,LEGACY_936,LEGACY_FIRST80_CONDITIONED_936,audit_repair_20260926T090447Z,ALL,BLOCK_MAP
0,2026-04-01,2025-11-03,6a1e3280e81f3927720d13c1b23d6512#p0#c8,1,LEGACY_936,LEGACY_FIRST80_CONDITIONED_936,audit_repair_20260926T090447Z,ALL,BLOCK_MAP
0,2025-11-14,2025-11-04,75681416e8d507f5fdc98ff94aceb025#p0#c9,1,LEGACY_936,LEGACY_FIRST80_CONDITIONED_936,audit_repair_20260926T090447Z,ALL,BLOCK_MAP
0,2025-11-14,2025-11-04,2661aa65574b7163f7b6439c104a9d3b#p0#c10,1,LEGACY_936,LEGACY_FIRST80_CONDITIONED_936,audit_repair_20260926T090447Z,ALL,BLOCK_MAP
0,2025-11-14,2025-11-04,12210d06ef21bff06cfb3b33263d3b91#p0#c11,1,LEGACY_936,LEGACY_FIRST80_CONDITIONED_936,audit_repair_20260926T090447Z,ALL,BLOCK_MAP
0,2026-02-09,2025-11-05,1188b8d6e819ed4ba8d85160c5a10aa5#p0#c12,1,LEGACY_936,LEGACY_FIRST80_CONDITIONED_936,audit_repair_20260926T090447Z,ALL,BLOCK_MAP
0,2026-02-09,2025-11-05,244e57771e0f4bd919fd6b13c9c1a880#p0#c13,1,LEGACY_936,LEGACY_FIRST80_CONDITIONED_936,audit_repair_20260926T090447Z,ALL,BLOCK_MAP
0,2026-02-09,2025-11-05,4de62c7ceda059b0ceb54c5cb9989638#p0#c14,1,LEGACY_936,LEGACY_FIRST80_CONDITIONED_936,audit_repair_20260926T090447Z,ALL,BLOCK_MAP
0,2026-02-09,2025-11-05,93c8a0f150b11561af0eaf2ec7fe911a#p0#c15,1,LEGACY_936,LEGACY_FIRST80_CONDITIONED_936,audit_repair_20260926T090447Z,ALL,BLOCK_MAP
0,2026-02-09,2025-11-05,ba6cadf39ab8c7bffd11ab00ad454ad2#p0#c16,1,LEGACY_936,LEGACY_FIRST80_CONDITIONED_936,audit_repair_20260926T090447Z,ALL,BLOCK_MAP
0,2025-11-06,2025-11-06,17464e139787bc5399b2252fcebaa68b#p0#c17,1,LEGACY_936,LEGACY_FIRST80_CONDITIONED_936,audit_repair_20260926T090447Z,ALL,BLOCK_MAP
0,2026-01-28,2025-11-07,f8d095fe40ddb229e78b289cb623cb35#p0#c18,1,LEGACY_936,LEGACY_FIRST80_CONDITIONED_936,audit_repair_20260926T090447Z,ALL,BLOCK_MAP
0,2026-01-28,2025-11-07,ca1a83cb5e15b9cc72c6b13b575cdbe4#p0#c19,1,LEGACY_936,LEGACY_FIRST80_CONDITIONED_936,audit_repair_20260926T090447Z,ALL,BLOCK_MAP
0,2026-01-28,2025-11-07,7e3f55afc57a627071b78d83fc6fac46#p0#c20,1,LEGACY_936,LEGACY_FIRST80_CONDITIONED_936,audit_repair_20260926T090447Z,ALL,BLOCK_MAP
0,2026-01-28,2025-11-07,db181ea0d8bb535e07258bf88484b333#p0#c21,1,LEGACY_936,LEGACY_FIRST80_CONDITIONED_936,audit_repair_20260926T090447Z,ALL,BLOCK_MAP
0,2026-01-28,2025-11-07,448c7ec96caa8dbc7cd6f1a312bde131#p0#c22,1,LEGACY_936,LEGACY_FIRST80_CONDITIONED_936,audit_repair_20260926T090447Z,ALL,BLOCK_MAP
0,2026-01-28,2025-11-07,64dee69ad602d3009eb0be7bbace8091#p0#c23,1,LEGACY_936,LEGACY_FIRST80_CONDITIONED_936,audit_repair_20260926T090447Z,ALL,BLOCK_MAP
0,2026-01-28,2025-11-07,71c89ee38642aaa381048d78b678f5a4#p0#c24,1,LEGACY_936,LEGACY_FIRST80_CONDITIONED_936,audit_repair_20260926T090447Z,ALL,BLOCK_MAP
0,2026-01-28,2025-11-07,35ec1529235465f9e9f5623c13aeda22#p0#c25,1,LEGACY_936,LEGACY_FIRST80_CONDITIONED_936,audit_repair_20260926T090447Z,ALL,BLOCK_MAP
0,2026-01-28,2025-11-07,287ef9eb08eab9ece2c967ce55588738#p0#c26,1,LEGACY_936,LEGACY_FIRST80_CONDITIONED_936,audit_repair_20260926T090447Z,ALL,BLOCK_MAP
0,2025-11-05,2025-11-08,5a2e22a4ec71e92f10b4ccad7637c03a#p0#c27,1,LEGACY_936,LEGACY_FIRST80_CONDITIONED_936,audit_repair_20260926T090447Z,ALL,BLOCK_MAP
0,2025-11-05,2025-11-08,9e6e10456b2b412d4d6cc3f0688816c6#p0#c28,1,LEGACY_936,LEGACY_FIRST80_CONDITIONED_936,audit_repair_20260926T090447Z,ALL,BLOCK_MAP
0,2026-01-22,2025-11-09,18963c9a2ee143234e48710aca63a9f9#p0#c29,1,LEGACY_936,LEGACY_FIRST80_CONDITIONED_936,audit_repair_20260926T090447Z,ALL,BLOCK_MAP
0,2026-01-22,2025-11-09,d89de480c5d06d516b6300557629b142#p0#c30,1,LEGACY_936,LEGACY_FIRST80_CONDITIONED_936,audit_repair_20260926T090447Z,ALL,BLOCK_MAP
0,2026-01-22,2025-11-09,d703af6ace648be4445d65f66aa099a2#p0#c31,1,LEGACY_936,LEGACY_FIRST80_CONDITIONED_936,audit_repair_20260926T090447Z,ALL,BLOCK_MAP
0,2026-01-22,2025-11-09,999b1e86cc6e636ecf083c5acc200a70#p0#c32,1,LEGACY_936,LEGACY_FIRST80_CONDITIONED_936,audit_repair_20260926T090447Z,ALL,BLOCK_MAP
0,2025-11-17,2025-11-10,e8e09109738b9dae71059efc9a77c9c8#p0#c33,1,LEGACY_936,LEGACY_FIRST80_CONDITIONED_936,audit_repair_20260926T090447Z,ALL,BLOCK_MAP
0,2025-12-17,2025-11-11,ccf03f859fdb09a1b078d85f586840b9#p0#c34,1,LEGACY_936,LEGACY_FIRST80_CONDITIONED_936,audit_repair_20260926T090447Z,ALL,BLOCK_MAP
0,2026-03-13,2025-11-12,a2c247d24685edb1c4eb988ae1db17ea#p0#c35,1,LEGACY_936,LEGACY_FIRST80_CONDITIONED_936,audit_repair_20260926T090447Z,ALL,BLOCK_MAP
0,2026-03-13,2025-11-12,a3f2ee607097b20efd8954b713e82db4#p0#c36,1,LEGACY_936,LEGACY_FIRST80_CONDITIONED_936,audit_repair_20260926T090447Z,ALL,BLOCK_MAP
0,2026-03-13,2025-11-12,67089ef90316a2f2edd2aee157d885b7#p0#c37,1,LEGACY_936,LEGACY_FIRST80_CONDITIONED_936,audit_repair_20260926T090447Z,ALL,BLOCK_MAP
0,2025-12-01,2025-11-13,3d75bb00993932e148d2eff100abe106#p0#c38,1,LEGACY_936,LEGACY_FIRST80_CONDITIONED_936,audit_repair_20260926T090447Z,ALL,BLOCK_MAP
0,2026-03-30,2025-11-14,4bb4ac23f3e7de6423296e6fe62efe49#p0#c39,1,LEGACY_936,LEGACY_FIRST80_CONDITIONED_936,audit_repair_20260926T090447Z,ALL,BLOCK_MAP
0,2026-03-30,2025-11-14,00df01c565dec39d72438333656117db#p0#c40,1,LEGACY_936,LEGACY_FIRST80_CONDITIONED_936,audit_repair_20260926T090447Z,ALL,BLOCK_MAP
0,2025-11-21,2025-11-15,3ea3fdac8adf3db489925b0e530122c3#p0#c41,1,LEGACY_936,LEGACY_FIRST80_CONDITIONED_936,audit_repair_20260926T090447Z,ALL,BLOCK_MAP
0,2025-11-21,2025-11-15,6f98276ae1bf20aa61988fac5a359993#p0#c42,1,LEGACY_936,LEGACY_FIRST80_CONDITIONED_936,audit_repair_20260926T090447Z,ALL,BLOCK_MAP
0,2025-11-21,2025-11-15,5194eb7823790fe4144fce8b23568d17#p0#c43,1,LEGACY_936,LEGACY_FIRST80_CONDITIONED_936,audit_repair_20260926T090447Z,ALL,BLOCK_MAP
0,2025-11-21,2025-11-15,a677e39a2b8703d37cf97d82f8c867bf#p0#c44,1,LEGACY_936,LEGACY_FIRST80_CONDITIONED_936,audit_repair_20260926T090447Z,ALL,BLOCK_MAP
0,2025-11-21,2025-11-15,e4cebf8e58f019ab9118b12c1ea61533#p0#c45,1,LEGACY_936,LEGACY_FIRST80_CONDITIONED_936,audit_repair_20260926T090447Z,ALL,BLOCK_MAP
0,2026-03-04,2025-11-16,2b2314b5426be70ae9d931b0d1028dae#p0#c46,1,LEGACY_936,LEGACY_FIRST80_CONDITIONED_936,audit_repair_20260926T090447Z,ALL,BLOCK_MAP
0,2026-03-04,2025-11-16,039e9a0ad93d36e56bd979ac5a339e38#p0#c47,1,LEGACY_936,LEGACY_FIRST80_CONDITIONED_936,audit_repair_20260926T090447Z,ALL,BLOCK_MAP
0,2026-03-04,2025-11-16,2a7785d32aa476d869ce055929295d95#p0#c48,1,LEGACY_936,LEGACY_FIRST80_CONDITIONED_936,audit_repair_20260926T090447Z,ALL,BLOCK_MAP
0,2026-03-04,2025-11-16,d9d448afc4dc259887f0f49bd4d0587a#p0#c49,1,LEGACY_936,LEGACY_FIRST80_CONDITIONED_936,audit_repair_20260926T090447Z,ALL,BLOCK_MAP
0,2026-03-25,2025-11-01,ceb05a570b461e216820eb038d3f8f54#p0#c0,3,LEGACY_936,LEGACY_FIRST80_CONDITIONED_936,audit_repair_20260926T090447Z,ALL,BLOCK_MAP
0,2026-03-25,2025-11-01,5cac05ef8cb760be17b26d2c53a9dc4d#p0#c1,3,LEGACY_936,LEGACY_FIRST80_CONDITIONED_936,audit_repair_20260926T090447Z,ALL,BLOCK_MAP
0,2026-03-25,2025-11-01,c48f8f890e567dc434e1a21392b52bc4#p0#c2,3,LEGACY_936,LEGACY_FIRST80_CONDITIONED_936,audit_repair_20260926T090447Z,ALL,BLOCK_MAP
0,2026-03-25,2025-11-01,fe7380abcaba49522e0b45b15f1233c8#p0#c3,3,LEGACY_936,LEGACY_FIRST80_CONDITIONED_936,audit_repair_20260926T090447Z,ALL,BLOCK_MAP
0,2026-03-26,2025-11-02,141f6c05018cdd1fa66bb194d1266aa7#p0#c4,3,LEGACY_936,LEGACY_FIRST80_CONDITIONED_936,audit_repair_20260926T090447Z,ALL,BLOCK_MAP
0,2026-03-26,2025-11-02,337d4e714a1a0bb4ef9ae66bbe3ac2f6#p0#c5,3,LEGACY_936,LEGACY_FIRST80_CONDITIONED_936,audit_repair_20260926T090447Z,ALL,BLOCK_MAP
0,2026-03-26,2025-11-02,89cb98b193328d2f51f9ef631cc974a7#p0#c6,3,LEGACY_936,LEGACY_FIRST80_CONDITIONED_936,audit_repair_20260926T090447Z,ALL,BLOCK_MAP
0,2026-03-27,2025-11-03,63075306dd7b1c7e177f13f0bb103e0b#p0#c7,3,LEGACY_936,LEGACY_FIRST80_CONDITIONED_936,audit_repair_20260926T090447Z,ALL,BLOCK_MAP
0,2026-03-27,2025-11-03,30e236c97a8d2e1380d848ce6a8c869e#p0#c8,3,LEGACY_936,LEGACY_FIRST80_CONDITIONED_936,audit_repair_20260926T090447Z,ALL,BLOCK_MAP
0,2026-03-27,2025-11-03,1721445a424d27915251b149aa1793aa#p0#c9,3,LEGACY_936,LEGACY_FIRST80_CONDITIONED_936,audit_repair_20260926T090447Z,ALL,BLOCK_MAP
0,2026-03-27,2025-11-03,bb8e3ae3dab106b7f9b49aed1906cd98#p0#c10,3,LEGACY_936,LEGACY_FIRST80_CONDITIONED_936,audit_repair_20260926T090447Z,ALL,BLOCK_MAP
0,2026-03-21,2025-11-04,2d4b596b5758b1c22afc5a9f42756a0d#p0#c11,3,LEGACY_936,LEGACY_FIRST80_CONDITIONED_936,audit_repair_20260926T090447Z,ALL,BLOCK_MAP
0,2026-03-21,2025-11-04,3a275f421c52a5ae4b6df774b586e53b#p0#c12,3,LEGACY_936,LEGACY_FIRST80_CONDITIONED_936,audit_repair_20260926T090447Z,ALL,BLOCK_MAP
0,2026-03-21,2025-11-04,6c4c83a049f03809ca3ffb7378974ab1#p0#c13,3,LEGACY_936,LEGACY_FIRST80_CONDITIONED_936,audit_repair_20260926T090447Z,ALL,BLOCK_MAP
0,2026-03-22,2025-11-05,392b2e001f60e1ab81ab8b93a3693212#p0#c14,3,LEGACY_936,LEGACY_FIRST80_CONDITIONED_936,audit_repair_20260926T090447Z,ALL,BLOCK_MAP
0,2026-03-22,2025-11-05,6eb3c4e852418bddc01e1c32adf8ea49#p0#c15,3,LEGACY_936,LEGACY_FIRST80_CONDITIONED_936,audit_repair_20260926T090447Z,ALL,BLOCK_MAP
0,2026-03-23,2025-11-06,1eba3bcb6893cffe717b9177d88521ca#p0#c16,3,LEGACY_936,LEGACY_FIRST80_CONDITIONED_936,audit_repair_20260926T090447Z,ALL,BLOCK_MAP
0,2026-03-23,2025-11-06,73c34d884f90a1788b30b87dab3e462b#p0#c17,3,LEGACY_936,LEGACY_FIRST80_CONDITIONED_936,audit_repair_20260926T090447Z,ALL,BLOCK_MAP
0,2026-03-23,2025-11-06,65cd9741afb98d15f7b5c84e3d874d57#p0#c18,3,LEGACY_936,LEGACY_FIRST80_CONDITIONED_936,audit_repair_20260926T090447Z,ALL,BLOCK_MAP
0,2026-01-22,2025-11-07,18963c9a2ee143234e48710aca63a9f9#p0#c19,3,LEGACY_936,LEGACY_FIRST80_CONDITIONED_936,audit_repair_20260926T090447Z,ALL,BLOCK_MAP
0,2026-01-22,2025-11-07,d89de480c5d06d516b6300557629b142#p0#c20,3,LEGACY_936,LEGACY_FIRST80_CONDITIONED_936,audit_repair_20260926T090447Z,ALL,BLOCK_MAP
0,2026-01-22,2025-11-07,d703af6ace648be4445d65f66aa099a2#p0#c21,3,LEGACY_936,LEGACY_FIRST80_CONDITIONED_936,audit_repair_20260926T090447Z,ALL,BLOCK_MAP
0,2026-01-22,2025-11-07,999b1e86cc6e636ecf083c5acc200a70#p0#c22,3,LEGACY_936,LEGACY_FIRST80_CONDITIONED_936,audit_repair_20260926T090447Z,ALL,BLOCK_MAP
0,2026-01-23,2025-11-08,d88919128e8e304e1a3f1ba26f54067f#p0#c23,3,LEGACY_936,LEGACY_FIRST80_CONDITIONED_936,audit_repair_20260926T090447Z,ALL,BLOCK_MAP
0,2026-01-23,2025-11-08,3f6e3a70342346b4f974aa5656430a9b#p0#c24,3,LEGACY_936,LEGACY_FIRST80_CONDITIONED_936,audit_repair_20260926T090447Z,ALL,BLOCK_MAP
0,2026-01-23,2025-11-08,55af72b7d0d9e20fd158564d712ab051#p0#c25,3,LEGACY_936,LEGACY_FIRST80_CONDITIONED_936,audit_repair_20260926T090447Z,ALL,BLOCK_MAP
0,2026-01-23,2025-11-08,c9a708d7d7da23bcd914ce386bf3f595#p0#c26,3,LEGACY_936,LEGACY_FIRST80_CONDITIONED_936,audit_repair_20260926T090447Z,ALL,BLOCK_MAP
0,2026-01-23,2025-11-08,f17ed2ef65ce330bc347763ac955b0e0#p0#c27,3,LEGACY_936,LEGACY_FIRST80_CONDITIONED_936,audit_repair_20260926T090447Z,ALL,BLOCK_MAP
0,2026-01-24,2025-11-09,f9ca1853b06800789f96a7f2581e9998#p0#c28,3,LEGACY_936,LEGACY_FIRST80_CONDITIONED_936,audit_repair_20260926T090447Z,ALL,BLOCK_MAP
0,2026-01-24,2025-11-09,dcfb54c900a80523da94580fd7d86b5c#p0#c29,3,LEGACY_936,LEGACY_FIRST80_CONDITIONED_936,audit_repair_20260926T090447Z,ALL,BLOCK_MAP
0,2026-01-24,2025-11-09,8a733e5bfae8054cb278c50d0c790e29#p0#c30,3,LEGACY_936,LEGACY_FIRST80_CONDITIONED_936,audit_repair_20260926T090447Z,ALL,BLOCK_MAP
0,2026-01-24,2025-11-09,a8aeb54bfdb82aabdf137d6808592795#p0#c31,3,LEGACY_936,LEGACY_FIRST80_CONDITIONED_936,audit_repair_20260926T090447Z,ALL,BLOCK_MAP
0,2026-01-24,2025-11-09,84386d583212ba73d37529ca427917c5#p0#c32,3,LEGACY_936,LEGACY_FIRST80_CONDITIONED_936,audit_repair_20260926T090447Z,ALL,BLOCK_MAP
0,2026-01-24,2025-11-09,0dab1dd352182d6db8ed91aa7d2714ec#p0#c33,3,LEGACY_936,LEGACY_FIRST80_CONDITIONED_936,audit_repair_20260926T090447Z,ALL,BLOCK_MAP
0,2026-01-24,2025-11-09,589610b7a34bd673449d17a85e82426e#p0#c34,3,LEGACY_936,LEGACY_FIRST80_CONDITIONED_936,audit_repair_20260926T090447Z,ALL,BLOCK_MAP
0,2026-01-24,2025-11-09,844edd81c9f601c3ccd97fe8628ae89a#p0#c35,3,LEGACY_936,LEGACY_FIRST80_CONDITIONED_936,audit_repair_20260926T090447Z,ALL,BLOCK_MAP
0,2026-01-24,2025-11-09,9047cda13e9f80004faf7ba895c497b4#p0#c36,3,LEGACY_936,LEGACY_FIRST80_CONDITIONED_936,audit_repair_20260926T090447Z,ALL,BLOCK_MAP
0,2026-01-24,2025-11-09,6c01b0792e11183fe8ab83924b78ff6c#p0#c37,3,LEGACY_936,LEGACY_FIRST80_CONDITIONED_936,audit_repair_20260926T090447Z,ALL,BLOCK_MAP
0,2025-11-21,2025-11-10,3ea3fdac8adf3db489925b0e530122c3#p0#c38,3,LEGACY_936,LEGACY_FIRST80_CONDITIONED_936,audit_repair_20260926T090447Z,ALL,BLOCK_MAP
0,2025-11-21,2025-11-10,6f98276ae1bf20aa61988fac5a359993#p0#c39,3,LEGACY_936,LEGACY_FIRST80_CONDITIONED_936,audit_repair_20260926T090447Z,ALL,BLOCK_MAP
0,2025-11-21,2025-11-10,5194eb7823790fe4144fce8b23568d17#p0#c40,3,LEGACY_936,LEGACY_FIRST80_CONDITIONED_936,audit_repair_20260926T090447Z,ALL,BLOCK_MAP
0,2025-11-21,2025-11-10,a677e39a2b8703d37cf97d82f8c867bf#p0#c41,3,LEGACY_936,LEGACY_FIRST80_CONDITIONED_936,audit_repair_20260926T090447Z,ALL,BLOCK_MAP
0,2025-11-21,2025-11-10,e4cebf8e58f019ab9118b12c1ea61533#p0#c42,3,LEGACY_936,LEGACY_FIRST80_CONDITIONED_936,audit_repair_20260926T090447Z,ALL,BLOCK_MAP
0,2025-11-22,2025-11-11,a24ecafe4260dc1dc768677270464195#p0#c43,3,LEGACY_936,LEGACY_FIRST80_CONDITIONED_936,audit_repair_20260926T090447Z,ALL,BLOCK_MAP
0,2025-11-23,2025-11-12,7064e9cf373fb7f4220868dce42d06e7#p0#c44,3,LEGACY_936,LEGACY_FIRST80_CONDITIONED_936,audit_repair_20260926T090447Z,ALL,BLOCK_MAP
0,2025-11-23,2025-11-12,2b705ed8990275548828dfca831767a4#p0#c45,3,LEGACY_936,LEGACY_FIRST80_CONDITIONED_936,audit_repair_20260926T090447Z,ALL,BLOCK_MAP
0,2025-11-23,2025-11-12,cfe480b5067f810907dd0e42be689c4a#p0#c46,3,LEGACY_936,LEGACY_FIRST80_CONDITIONED_936,audit_repair_20260926T090447Z,ALL,BLOCK_MAP
0,2025-11-23,2025-11-12,e33bc12cfa36c46432364ba37f6a1293#p0#c47,3,LEGACY_936,LEGACY_FIRST80_CONDITIONED_936,audit_repair_20260926T090447Z,ALL,BLOCK_MAP
0,2026-01-06,2025-11-13,256e612f9dc89305291984a56387cb4a#p0#c48,3,LEGACY_936,LEGACY_FIRST80_CONDITIONED_936,audit_repair_20260926T090447Z,ALL,BLOCK_MAP
0,2026-01-06,2025-11-13,ea71376ca9c94252d05f4aa1bcbe599b#p0#c49,3,LEGACY_936,LEGACY_FIRST80_CONDITIONED_936,audit_repair_20260926T090447Z,ALL,BLOCK_MAP
0,2026-03-08,2025-11-01,225af9693fbe47700d2c4de415b40239#p0#c0,7,LEGACY_936,LEGACY_FIRST80_CONDITIONED_936,audit_repair_20260926T090447Z,ALL,BLOCK_MAP
0,2026-03-08,2025-11-01,7be3adc63ce47d794cd18d96e6a778e4#p0#c1,7,LEGACY_936,LEGACY_FIRST80_CONDITIONED_936,audit_repair_20260926T090447Z,ALL,BLOCK_MAP
0,2026-03-08,2025-11-01,7f60d3f898e7a0d8767b2a90536e2f2f#p0#c2,7,LEGACY_936,LEGACY_FIRST80_CONDITIONED_936,audit_repair_20260926T090447Z,ALL,BLOCK_MAP
0,2026-03-08,2025-11-01,9c1b91a914476106b1513adaa98d899a#p0#c3,7,LEGACY_936,LEGACY_FIRST80_CONDITIONED_936,audit_repair_20260926T090447Z,ALL,BLOCK_MAP
0,2026-03-09,2025-11-02,d3be5446f130f1a417baca6aeb96d259#p0#c4,7,LEGACY_936,LEGACY_FIRST80_CONDITIONED_936,audit_repair_20260926T090447Z,ALL,BLOCK_MAP
0,2026-03-10,2025-11-03,d1614bd0c92cfcd4f127d0b51ee5ac4e#p0#c5,7,LEGACY_936,LEGACY_FIRST80_CONDITIONED_936,audit_repair_20260926T090447Z,ALL,BLOCK_MAP
0,2026-03-10,2025-11-03,99b0c9637ec57f535c6deb96a60ca130#p0#c6,7,LEGACY_936,LEGACY_FIRST80_CONDITIONED_936,audit_repair_20260926T090447Z,ALL,BLOCK_MAP
0,2026-03-10,2025-11-03,c4941e7ae076838402df5bafce39daba#p0#c7,7,LEGACY_936,LEGACY_FIRST80_CONDITIONED_936,audit_repair_20260926T090447Z,ALL,BLOCK_MAP
0,2026-03-10,2025-11-03,262a2baa24d5c29dc905ac3ce87c5b7e#p0#c8,7,LEGACY_936,LEGACY_FIRST80_CONDITIONED_936,audit_repair_20260926T090447Z,ALL,BLOCK_MAP
0,2026-03-10,2025-11-03,6898ab25abbe583ae134f7973d7b8ed1#p0#c9,7,LEGACY_936,LEGACY_FIRST80_CONDITIONED_936,audit_repair_20260926T090447Z,ALL,BLOCK_MAP
0,2026-03-10,2025-11-03,ad4cf26eab9a91681211b3429803bf74#p0#c10,7,LEGACY_936,LEGACY_FIRST80_CONDITIONED_936,audit_repair_20260926T090447Z,ALL,BLOCK_MAP
0,2026-03-10,2025-11-03,1c59538b126c7387a878f4ee5925a48e#p0#c11,7,LEGACY_936,LEGACY_FIRST80_CONDITIONED_936,audit_repair_20260926T090447Z,ALL,BLOCK_MAP
0,2026-03-10,2025-11-03,51ec7c288a423781cde685df4211b4e1#p0#c12,7,LEGACY_936,LEGACY_FIRST80_CONDITIONED_936,audit_repair_20260926T090447Z,ALL,BLOCK_MAP
0,2026-03-10,2025-11-03,015d7cf8fa3565dc3763d1e54adf2807#p0#c13,7,LEGACY_936,LEGACY_FIRST80_CONDITIONED_936,audit_repair_20260926T090447Z,ALL,BLOCK_MAP
0,2026-03-10,2025-11-03,7d5461a15203492cb1e934e449d417c0#p0#c14,7,LEGACY_936,LEGACY_FIRST80_CONDITIONED_936,audit_repair_20260926T090447Z,ALL,BLOCK_MAP
0,2026-03-10,2025-11-03,e78f015c51c9fe98e67d67ce0ad2f235#p0#c15,7,LEGACY_936,LEGACY_FIRST80_CONDITIONED_936,audit_repair_20260926T090447Z,ALL,BLOCK_MAP
0,2026-03-10,2025-11-03,97457ad34e3ab1e49b2184482ab8d2fa#p0#c16,7,LEGACY_936,LEGACY_FIRST80_CONDITIONED_936,audit_repair_20260926T090447Z,ALL,BLOCK_MAP
0,2026-03-11,2025-11-04,8934823e19a1ba56083cfce509f69bb8#p0#c17,7,LEGACY_936,LEGACY_FIRST80_CONDITIONED_936,audit_repair_20260926T090447Z,ALL,BLOCK_MAP
0,2026-03-11,2025-11-04,a0ac53c927f08fc4d2829beaa09968bf#p0#c18,7,LEGACY_936,LEGACY_FIRST80_CONDITIONED_936,audit_repair_20260926T090447Z,ALL,BLOCK_MAP
0,2026-03-11,2025-11-04,90c3391d3f8830a06aaa6f22efa09491#p0#c19,7,LEGACY_936,LEGACY_FIRST80_CONDITIONED_936,audit_repair_20260926T090447Z,ALL,BLOCK_MAP
0,2026-03-11,2025-11-04,aee9716be49cb03a126114ac42510abf#p0#c20,7,LEGACY_936,LEGACY_FIRST80_CONDITIONED_936,audit_repair_20260926T090447Z,ALL,BLOCK_MAP
0,2026-03-11,2025-11-04,d2be53be52253c387d7fbd0acbc29165#p0#c21,7,LEGACY_936,LEGACY_FIRST80_CONDITIONED_936,audit_repair_20260926T090447Z,ALL,BLOCK_MAP
0,2026-03-11,2025-11-04,30a495310802b0b0243c552722fc0374#p0#c22,7,LEGACY_936,LEGACY_FIRST80_CONDITIONED_936,audit_repair_20260926T090447Z,ALL,BLOCK_MAP
0,2026-03-11,2025-11-04,7cf17142a39cc4a09c610605e93987b7#p0#c23,7,LEGACY_936,LEGACY_FIRST80_CONDITIONED_936,audit_repair_20260926T090447Z,ALL,BLOCK_MAP
0,2026-03-11,2025-11-04,7889e9ded8502364db02fb887076c6de#p0#c24,7,LEGACY_936,LEGACY_FIRST80_CONDITIONED_936,audit_repair_20260926T090447Z,ALL,BLOCK_MAP
0,2026-03-11,2025-11-04,592b0dc725f6e756d74f2f9b6abc59cb#p0#c25,7,LEGACY_936,LEGACY_FIRST80_CONDITIONED_936,audit_repair_20260926T090447Z,ALL,BLOCK_MAP
0,2026-03-12,2025-11-05,38d697c17fc0de3cac18f9798d7e2dbc#p0#c26,7,LEGACY_936,LEGACY_FIRST80_CONDITIONED_936,audit_repair_20260926T090447Z,ALL,BLOCK_MAP
0,2026-03-12,2025-11-05,ef322337512cd441c5900ce393e56b9b#p0#c27,7,LEGACY_936,LEGACY_FIRST80_CONDITIONED_936,audit_repair_20260926T090447Z,ALL,BLOCK_MAP
0,2026-03-12,2025-11-05,5f1e26ec03359ce035f2f9df41450ab4#p0#c28,7,LEGACY_936,LEGACY_FIRST80_CONDITIONED_936,audit_repair_20260926T090447Z,ALL,BLOCK_MAP
0,2026-03-12,2025-11-05,87b7bcc35a4171f3ed68ea0f0bc96e60#p0#c29,7,LEGACY_936,LEGACY_FIRST80_CONDITIONED_936,audit_repair_20260926T090447Z,ALL,BLOCK_MAP
0,2026-03-12,2025-11-05,bdd7f1d6272ff83082f81592f379e5dd#p0#c30,7,LEGACY_936,LEGACY_FIRST80_CONDITIONED_936,audit_repair_20260926T090447Z,ALL,BLOCK_MAP
0,2026-03-12,2025-11-05,9f653d8143728bcd6cce7ff8f428a2cb#p0#c31,7,LEGACY_936,LEGACY_FIRST80_CONDITIONED_936,audit_repair_20260926T090447Z,ALL,BLOCK_MAP
0,2026-03-12,2025-11-05,f09be5bcc32becc267a365e2ad7bfb74#p0#c32,7,LEGACY_936,LEGACY_FIRST80_CONDITIONED_936,audit_repair_20260926T090447Z,ALL,BLOCK_MAP
0,2026-03-12,2025-11-05,1889278796d1be179ebe1c4595de6355#p0#c33,7,LEGACY_936,LEGACY_FIRST80_CONDITIONED_936,audit_repair_20260926T090447Z,ALL,BLOCK_MAP
0,2026-03-12,2025-11-05,e5c2c2964a3f12e473c818e0bd700a2d#p0#c34,7,LEGACY_936,LEGACY_FIRST80_CONDITIONED_936,audit_repair_20260926T090447Z,ALL,BLOCK_MAP
0,2026-03-12,2025-11-05,a7b59c9c33efe5ad32b034670bb745cb#p0#c35,7,LEGACY_936,LEGACY_FIRST80_CONDITIONED_936,audit_repair_20260926T090447Z,ALL,BLOCK_MAP
0,2026-03-13,2025-11-06,a2c247d24685edb1c4eb988ae1db17ea#p0#c36,7,LEGACY_936,LEGACY_FIRST80_CONDITIONED_936,audit_repair_20260926T090447Z,ALL,BLOCK_MAP
0,2026-03-13,2025-11-06,a3f2ee607097b20efd8954b713e82db4#p0#c37,7,LEGACY_936,LEGACY_FIRST80_CONDITIONED_936,audit_repair_20260926T090447Z,ALL,BLOCK_MAP
0,2026-03-13,2025-11-06,67089ef90316a2f2edd2aee157d885b7#p0#c38,7,LEGACY_936,LEGACY_FIRST80_CONDITIONED_936,audit_repair_20260926T090447Z,ALL,BLOCK_MAP
0,2026-03-14,2025-11-07,79dd361b5c873fdd280c1a53433c4c83#p0#c39,7,LEGACY_936,LEGACY_FIRST80_CONDITIONED_936,audit_repair_20260926T090447Z,ALL,BLOCK_MAP
0,2026-03-14,2025-11-07,d824b6f16dc34ab1de20eac4088bf5cb#p0#c40,7,LEGACY_936,LEGACY_FIRST80_CONDITIONED_936,audit_repair_20260926T090447Z,ALL,BLOCK_MAP
0,2026-03-14,2025-11-07,bc12fe6f1fcc916ccc4ee68c859c7d38#p0#c41,7,LEGACY_936,LEGACY_FIRST80_CONDITIONED_936,audit_repair_20260926T090447Z,ALL,BLOCK_MAP
0,2026-03-14,2025-11-07,983af522c18150216c2dd97c0d9794dd#p0#c42,7,LEGACY_936,LEGACY_FIRST80_CONDITIONED_936,audit_repair_20260926T090447Z,ALL,BLOCK_MAP
0,2026-03-14,2025-11-07,f67ac231e3e0fae30bb14915625bd725#p0#c43,7,LEGACY_936,LEGACY_FIRST80_CONDITIONED_936,audit_repair_20260926T090447Z,ALL,BLOCK_MAP
0,2026-02-28,2025-11-08,390f2d3ba840d76224feb31d012bd37b#p0#c44,7,LEGACY_936,LEGACY_FIRST80_CONDITIONED_936,audit_repair_20260926T090447Z,ALL,BLOCK_MAP
0,2026-02-28,2025-11-08,efcf7e1f81faf7b16c88657728b56b93#p0#c45,7,LEGACY_936,LEGACY_FIRST80_CONDITIONED_936,audit_repair_20260926T090447Z,ALL,BLOCK_MAP
0,2026-02-28,2025-11-08,afea5a2599881f78b7db2565411ce821#p0#c46,7,LEGACY_936,LEGACY_FIRST80_CONDITIONED_936,audit_repair_20260926T090447Z,ALL,BLOCK_MAP
0,2026-02-28,2025-11-08,9269045c781b1a718f2ea9a19706269c#p0#c47,7,LEGACY_936,LEGACY_FIRST80_CONDITIONED_936,audit_repair_20260926T090447Z,ALL,BLOCK_MAP
0,2026-02-28,2025-11-08,1b932bb74dd23eff3b70de4865a34482#p0#c48,7,LEGACY_936,LEGACY_FIRST80_CONDITIONED_936,audit_repair_20260926T090447Z,ALL,BLOCK_MAP
0,2026-02-28,2025-11-08,738ae22cea898837acf30c97b519dfc6#p0#c49,7,LEGACY_936,LEGACY_FIRST80_CONDITIONED_936,audit_repair_20260926T090447Z,ALL,BLOCK_MAP
