trade_id,internal_game_id,source_experiment_id,negative_ev_class,won,terminal_loss,future_T40,future_MAE,future_min_price,time_to_T40,time_to_worst_price,time_to_settlement,pnl_hold_after_t0
00befb799c90c40d,NCAAB_20251111_FSU_FLA,NCAAB_H1_2_AUSTIN_TRANSFER_V1,PERSISTENT_NEGATIVE_EV,True,False,True,0,78,0.0,0.0,18.0,20.0
1b95993f4b64a1d7,NCAAB_20251111_UK_LOU,NCAAB_H1_2_AUSTIN_TRANSFER_V1,TEMPORARY_NEGATIVE_EV,True,False,True,0,81,0.0,0.0,20.0,20.0
b8c80caa49242cc1,NCAAB_20251111_TTU_ILL,NCAAB_H1_2_AUSTIN_TRANSFER_V1,TEMPORARY_NEGATIVE_EV,True,False,True,11,77,0.0,14.0,20.0,20.0
6418fcd22fce92f3,NCAAB_20251113_PITT_WVU,NCAAB_H1_2_AUSTIN_TRANSFER_V1,TEMPORARY_NEGATIVE_EV,True,False,True,0,89,0.0,0.0,20.0,20.0
d834607c08cd9710,NCAAB_20251114_GT_UGA,NCAAB_H1_2_AUSTIN_TRANSFER_V1,TEMPORARY_NEGATIVE_EV,True,False,True,0,87,0.0,0.0,20.0,20.0
69040d9f3369ada7,NCAAB_20251115_OKLA_NEB,NCAAB_H1_2_AUSTIN_TRANSFER_V1,TEMPORARY_NEGATIVE_EV,False,True,True,-51,68,0.0,0.0,6.0,-80.0
61ea9069a5d7cec5,NCAAB_20251116_HOU_AUB,NCAAB_H1_2_AUSTIN_TRANSFER_V1,TEMPORARY_NEGATIVE_EV,True,False,True,-4,79,0.0,0.0,18.0,20.0
63a57a9affd5d10f,NCAAB_20251118_MSU_UK,NCAAB_H1_2_AUSTIN_TRANSFER_V1,TEMPORARY_NEGATIVE_EV,True,False,True,-2,88,0.0,0.0,20.0,20.0
7e044171c955b155,NCAAB_20251118_KU_DUKE,NCAAB_H1_2_AUSTIN_TRANSFER_V1,TEMPORARY_NEGATIVE_EV,True,False,True,0,90,0.0,0.0,20.0,20.0
45afbde2ad4d407a,NCAAB_20251121_NW_UVA,NCAAB_H1_2_AUSTIN_TRANSFER_V1,TEMPORARY_NEGATIVE_EV,True,False,True,44,38,0.0,6.0,20.0,20.0
b0913dbf7abd5848,NCAAB_20251121_KSU_NEB,NCAAB_H1_2_AUSTIN_TRANSFER_V1,PERSISTENT_NEGATIVE_EV,True,False,True,50,31,0.0,14.0,18.0,20.0
bbbd545585b72d40,NCAAB_20251123_NW_SCAR,NCAAB_H1_2_AUSTIN_TRANSFER_V1,TEMPORARY_NEGATIVE_EV,True,False,True,0,66,0.0,0.0,20.0,20.0
ad36cf233dd1eff6,NCAAB_20251124_KU_ND,NCAAB_H1_2_AUSTIN_TRANSFER_V1,TEMPORARY_NEGATIVE_EV,True,False,True,3,83,2.0,12.0,22.0,20.0
86e0d0af9d033fc6,NCAAB_20251124_HOU_SYR,NCAAB_H1_2_AUSTIN_TRANSFER_V1,PERSISTENT_NEGATIVE_EV,True,False,True,0,67,2.0,0.0,2.0,20.0
18aa32a2a18ab92a,NCAAB_20251125_TENN_HOU,NCAAB_H1_2_AUSTIN_TRANSFER_V1,TEMPORARY_NEGATIVE_EV,False,True,True,60,6,0.0,20.0,20.0,-80.0
8b94b3a8edd2c980,NCAAB_20251128_WASH_COLO,NCAAB_H1_2_AUSTIN_TRANSFER_V1,TEMPORARY_NEGATIVE_EV,True,False,True,-10,91,0.0,0.0,14.0,20.0
9c1b4fdb45dc0e9a,NCAAB_20251202_IOWA_MSU,NCAAB_H1_2_AUSTIN_TRANSFER_V1,TEMPORARY_NEGATIVE_EV,True,False,True,0,94,0.0,0.0,20.0,20.0
0d652c71820f3bcf,NCAAB_20251202_MIA_MISS,NCAAB_H1_2_AUSTIN_TRANSFER_V1,TEMPORARY_NEGATIVE_EV,True,False,True,2,91,0.0,6.0,20.0,20.0
6fb8c068ee4c641f,NCAAB_20251202_MIZZ_ND,NCAAB_H1_2_AUSTIN_TRANSFER_V1,TEMPORARY_NEGATIVE_EV,False,True,True,19,39,0.0,18.0,18.0,-80.0
6b487333bf807bcd,NCAAB_20251203_LOU_ARK,NCAAB_H1_2_AUSTIN_TRANSFER_V1,TEMPORARY_NEGATIVE_EV,True,False,True,14,76,0.0,10.0,20.0,20.0
48a9d4d204dbc4d1,NCAAB_20251203_SMU_VAN,NCAAB_H1_2_AUSTIN_TRANSFER_V1,TEMPORARY_NEGATIVE_EV,True,False,True,-3,93,0.0,0.0,18.0,20.0
b8c2e88f06df43e3,NCAAB_20251206_OKLA_ASU,NCAAB_H1_2_AUSTIN_TRANSFER_V1,PERSISTENT_NEGATIVE_EV,True,False,True,2,91,0.0,0.0,18.0,20.0
11eaf91f973232d2,NCAAB_20251207_SMU_TXAM,NCAAB_H1_2_AUSTIN_TRANSFER_V1,TEMPORARY_NEGATIVE_EV,True,False,True,29,40,0.0,8.0,12.0,20.0
cba7e831ab3ba84e,NCAAB_20251209_CLEM_BYU,NCAAB_H1_2_AUSTIN_TRANSFER_V1,UNRESOLVED_NO_LATER_VALID_EV,False,True,True,UNAVAILABLE,UNAVAILABLE,0.0,0.0,0.0,-80.0
6ccda2ea9da1df79,NCAAB_20251209_ILL_OSU,NCAAB_H1_2_AUSTIN_TRANSFER_V1,TEMPORARY_NEGATIVE_EV,True,False,True,3,75,0.0,8.0,20.0,20.0
ccef1b8251c252ac,NCAAB_20251210_WIS_NEB,NCAAB_H1_2_AUSTIN_TRANSFER_V1,TEMPORARY_NEGATIVE_EV,True,False,True,0,91,0.0,0.0,20.0,20.0
339cb9486ec36c54,NCAAB_20251213_MICH_MD,NCAAB_H1_2_AUSTIN_TRANSFER_V1,PERSISTENT_NEGATIVE_EV,True,False,True,0,80,0.0,0.0,18.0,20.0
792ec93ba0bf5eb1,NCAAB_20251213_SMU_LSU,NCAAB_H1_2_AUSTIN_TRANSFER_V1,TEMPORARY_NEGATIVE_EV,True,False,True,29,50,0.0,2.0,24.0,20.0
f9654c885fdb0841,NCAAB_20251220_MD_UVA,NCAAB_H1_2_AUSTIN_TRANSFER_V1,TEMPORARY_NEGATIVE_EV,True,False,True,0,92,0.0,0.0,20.0,20.0
e89a44c4339ee6af,NCAAB_20251221_ORST_ASU,NCAAB_H1_2_AUSTIN_TRANSFER_V1,TEMPORARY_NEGATIVE_EV,False,True,True,68,16,0.0,20.0,20.0,-80.0
0fddb47f73afb527,NCAAB_20260103_BC_GT,NCAAB_H1_2_AUSTIN_TRANSFER_V1,TEMPORARY_NEGATIVE_EV,True,False,True,-2,75,0.0,0.0,20.0,20.0
9f47ec88cb960c2b,NCAAB_20260103_MISS_OKLA,NCAAB_H1_2_AUSTIN_TRANSFER_V1,TEMPORARY_NEGATIVE_EV,True,False,True,0,72,0.0,0.0,20.0,20.0
f5099282fcad5ae9,NCAAB_20260103_DUKE_FSU,NCAAB_H1_2_AUSTIN_TRANSFER_V1,TEMPORARY_NEGATIVE_EV,True,False,True,0,85,2.0,0.0,20.0,20.0
a4a396d73b1d8101,NCAAB_20260103_COLO_ASU,NCAAB_H1_2_AUSTIN_TRANSFER_V1,TEMPORARY_NEGATIVE_EV,True,False,True,0,77,0.0,0.0,20.0,20.0
e531376d4e082828,NCAAB_20260105_ORE_RUTG,NCAAB_H1_2_AUSTIN_TRANSFER_V1,PERSISTENT_NEGATIVE_EV,False,True,True,-16,51,0.0,0.0,4.0,-80.0
3ce7e101debc0081,NCAAB_20260106_CIN_WVU,NCAAB_H1_2_AUSTIN_TRANSFER_V1,TEMPORARY_NEGATIVE_EV,True,False,True,1,57,0.0,0.0,20.0,20.0
9463c12fa059c27e,NCAAB_20260106_TTU_HOU,NCAAB_H1_2_AUSTIN_TRANSFER_V1,TEMPORARY_NEGATIVE_EV,True,False,True,10,58,0.0,8.0,20.0,20.0
6e0f373eef010edf,NCAAB_20260106_TCU_KU,NCAAB_H1_2_AUSTIN_TRANSFER_V1,TEMPORARY_NEGATIVE_EV,True,False,True,-22,28,0.0,0.0,10.0,20.0
1844ab6448912e77,NCAAB_20260107_IND_MD,NCAAB_H1_2_AUSTIN_TRANSFER_V1,TEMPORARY_NEGATIVE_EV,True,False,True,10,74,0.0,2.0,20.0,20.0
258ac10ef11c9361,NCAAB_20260107_ALA_VAN,NCAAB_H1_2_AUSTIN_TRANSFER_V1,PERSISTENT_NEGATIVE_EV,True,False,True,4,48,0.0,6.0,18.0,20.0
2cc5c41b0ac4171f,NCAAB_20260107_SMU_CLEM,NCAAB_H1_2_AUSTIN_TRANSFER_V1,TEMPORARY_NEGATIVE_EV,True,False,True,0,82,0.0,0.0,20.0,20.0
2552258eb6255e8e,NCAAB_20260108_NW_MSU,NCAAB_H1_2_AUSTIN_TRANSFER_V1,TEMPORARY_NEGATIVE_EV,True,False,True,2,63,0.0,2.0,14.0,20.0
30b1ac78fc209527,NCAAB_20260110_BC_LOU,NCAAB_H1_2_AUSTIN_TRANSFER_V1,TEMPORARY_NEGATIVE_EV,True,False,True,-1,80,0.0,0.0,20.0,20.0
e917fde8d089fff6,NCAAB_20260110_NEB_IND,NCAAB_H1_2_AUSTIN_TRANSFER_V1,TEMPORARY_NEGATIVE_EV,False,True,True,55,3,0.0,10.0,10.0,-80.0
b7c8409c2540bbbc,NCAAB_20260110_TENN_FLA,NCAAB_H1_2_AUSTIN_TRANSFER_V1,TEMPORARY_NEGATIVE_EV,True,False,True,-2,90,0.0,0.0,20.0,20.0
57d5aee55815cd68,NCAAB_20260110_OKLA_TXAM,NCAAB_H1_2_AUSTIN_TRANSFER_V1,PERSISTENT_NEGATIVE_EV,True,False,True,13,56,0.0,14.0,18.0,20.0
4fa5feba84ffea5d,NCAAB_20260110_OKST_ISU,NCAAB_H1_2_AUSTIN_TRANSFER_V1,TEMPORARY_NEGATIVE_EV,True,False,True,0,88,0.0,0.0,20.0,20.0
ee5e88f2a29da5d0,NCAAB_20260110_ARK_AUB,NCAAB_H1_2_AUSTIN_TRANSFER_V1,TEMPORARY_NEGATIVE_EV,True,False,True,0,91,0.0,0.0,20.0,20.0
ccb4b57da2a28d48,NCAAB_20260113_MIA_ND,NCAAB_H1_2_AUSTIN_TRANSFER_V1,TEMPORARY_NEGATIVE_EV,True,False,True,0,62,0.0,0.0,20.0,20.0
4cdea7faa47cd8a0,NCAAB_20260113_ORE_NEB,NCAAB_H1_2_AUSTIN_TRANSFER_V1,PERSISTENT_NEGATIVE_EV,True,False,True,0,95,0.0,0.0,18.0,20.0
2edff8739df98091,NCAAB_20260114_MISS_UGA,NCAAB_H1_2_AUSTIN_TRANSFER_V1,PERSISTENT_NEGATIVE_EV,False,True,True,5,62,0.0,2.0,4.0,-80.0
50abd8cf8a02fdd8,NCAAB_20260114_UK_LSU,NCAAB_H1_2_AUSTIN_TRANSFER_V1,PERSISTENT_NEGATIVE_EV,False,True,True,65,22,0.0,20.0,20.0,-80.0
16619015f386a4b2,NCAAB_20260114_UCLA_PSU,NCAAB_H1_2_AUSTIN_TRANSFER_V1,TEMPORARY_NEGATIVE_EV,True,False,True,0,79,0.0,0.0,20.0,20.0
4f1cfeef318f10c9,NCAAB_20260114_TCU_BYU,NCAAB_H1_2_AUSTIN_TRANSFER_V1,TEMPORARY_NEGATIVE_EV,True,False,True,-4,67,0.0,0.0,20.0,20.0
4a6c310a9266f6ee,NCAAB_20260114_DUKE_CAL,NCAAB_H1_2_AUSTIN_TRANSFER_V1,TEMPORARY_NEGATIVE_EV,True,False,True,0,91,0.0,0.0,20.0,20.0
53a941af54c99419,NCAAB_20260117_GT_NCST,NCAAB_H1_2_AUSTIN_TRANSFER_V1,TEMPORARY_NEGATIVE_EV,False,True,True,84,1,0.0,20.0,20.0,-80.0
a4307c0519ec522b,NCAAB_20260117_MINN_ILL,NCAAB_H1_2_AUSTIN_TRANSFER_V1,PERSISTENT_NEGATIVE_EV,True,False,True,0,84,0.0,0.0,20.0,20.0
d2c9f936d8887f23,NCAAB_20260117_UNC_CAL,NCAAB_H1_2_AUSTIN_TRANSFER_V1,TEMPORARY_NEGATIVE_EV,True,False,True,0,83,0.0,0.0,20.0,20.0
d1d5e91212f8c11d,NCAAB_20260117_MISS_MSST,NCAAB_H1_2_AUSTIN_TRANSFER_V1,PERSISTENT_NEGATIVE_EV,False,True,True,49,21,0.0,18.0,20.0,-80.0
b05c00e26d4dbf83,NCAAB_20260120_VAN_ARK,NCAAB_H1_2_AUSTIN_TRANSFER_V1,TEMPORARY_NEGATIVE_EV,True,False,True,6,78,0.0,2.0,22.0,20.0
4e9f2aaf642a4465,NCAAB_20260120_MSU_ORE,NCAAB_H1_2_AUSTIN_TRANSFER_V1,TEMPORARY_NEGATIVE_EV,True,False,True,10,72,0.0,4.0,18.0,20.0
eb84767c95d5f96c,NCAAB_20260121_WVU_ASU,NCAAB_H1_2_AUSTIN_TRANSFER_V1,PERSISTENT_NEGATIVE_EV,False,True,True,64,2,0.0,18.0,20.0,-80.0
605cd9a880ceb9ec,NCAAB_20260121_VT_SYR,NCAAB_H1_2_AUSTIN_TRANSFER_V1,TEMPORARY_NEGATIVE_EV,False,True,True,70,5,0.0,20.0,20.0,-80.0
7c81e3f934d907fb,NCAAB_20260124_NCST_PITT,NCAAB_H1_2_AUSTIN_TRANSFER_V1,TEMPORARY_NEGATIVE_EV,True,False,True,16,49,0.0,12.0,20.0,20.0
c2d7d4ac59413768,NCAAB_20260124_TENN_ALA,NCAAB_H1_2_AUSTIN_TRANSFER_V1,PERSISTENT_NEGATIVE_EV,False,True,True,65,2,0.0,20.0,20.0,-80.0
299557bc5c47afb8,NCAAB_20260127_MSU_RUTG,NCAAB_H1_2_AUSTIN_TRANSFER_V1,TEMPORARY_NEGATIVE_EV,True,False,True,44,14,0.0,20.0,24.0,20.0
a5aed87e1b755a26,NCAAB_20260127_KSU_WVU,NCAAB_H1_2_AUSTIN_TRANSFER_V1,TEMPORARY_NEGATIVE_EV,True,False,True,-19,62,0.0,0.0,4.0,20.0
37cf41dbdbe0a4cf,NCAAB_20251112_MINN_MIZZ,NCAAB_H2_1_AUSTIN_TRANSFER_V1,UNRESOLVED_NO_LATER_VALID_EV,True,False,True,11,73,0.0,2.0,4.0,20.0
6bc2f0f82dfeb942,NCAAB_20251121_WVU_CLEM,NCAAB_H2_1_AUSTIN_TRANSFER_V1,UNRESOLVED_NO_LATER_VALID_EV,False,True,True,UNAVAILABLE,UNAVAILABLE,0.0,0.0,0.0,-80.0
23b638c1e5542f81,NCAAB_20251123_CLEM_UGA,NCAAB_H2_1_AUSTIN_TRANSFER_V1,PERSISTENT_NEGATIVE_EV,True,False,True,0,45,0.0,0.0,4.0,20.0
fcb24755885a9643,NCAAB_20251128_WIS_TCU,NCAAB_H2_1_AUSTIN_TRANSFER_V1,TEMPORARY_NEGATIVE_EV,True,False,True,57,42,0.0,2.0,8.0,20.0
3cd4429a5abc895c,NCAAB_20251128_SMU_MSST,NCAAB_H2_1_AUSTIN_TRANSFER_V1,PERSISTENT_NEGATIVE_EV,False,True,True,16,54,0.0,2.0,4.0,-80.0
59f194e8bb13e9eb,NCAAB_20251202_USC_ORE,NCAAB_H2_1_AUSTIN_TRANSFER_V1,TEMPORARY_NEGATIVE_EV,True,False,True,21,58,0.0,2.0,4.0,20.0
4e4e64849bca13f1,NCAAB_20251213_WVU_OSU,NCAAB_H2_1_AUSTIN_TRANSFER_V1,PERSISTENT_NEGATIVE_EV,False,True,True,8,41,0.0,0.0,9.0,-80.0
99448fa59c926dd8,NCAAB_20260102_ND_CAL,NCAAB_H2_1_AUSTIN_TRANSFER_V1,UNRESOLVED_NO_LATER_VALID_EV,True,False,True,UNAVAILABLE,UNAVAILABLE,0.0,0.0,0.0,20.0
0ad759256ffcbe8b,NCAAB_20260103_CLEM_PITT,NCAAB_H2_1_AUSTIN_TRANSFER_V1,TEMPORARY_NEGATIVE_EV,True,False,True,6,60,0.0,2.0,10.0,20.0
0ee92416e1754f17,NCAAB_20260103_MINN_NW,NCAAB_H2_1_AUSTIN_TRANSFER_V1,UNRESOLVED_NO_LATER_VALID_EV,False,True,True,27,60,0.0,2.0,2.0,-80.0
2fcfab49eaaa3f1e,NCAAB_20260107_STAN_VT,NCAAB_H2_1_AUSTIN_TRANSFER_V1,UNRESOLVED_NO_LATER_VALID_EV,False,True,True,UNAVAILABLE,UNAVAILABLE,0.0,0.0,0.0,-80.0
8e01765cf3c68869,NCAAB_20260107_MIZZ_UK,NCAAB_H2_1_AUSTIN_TRANSFER_V1,UNRESOLVED_NO_LATER_VALID_EV,False,True,True,UNAVAILABLE,UNAVAILABLE,0.0,0.0,0.0,-80.0
b56311a044354b03,NCAAB_20260109_USC_MINN,NCAAB_H2_1_AUSTIN_TRANSFER_V1,PERSISTENT_NEGATIVE_EV,True,False,True,9,47,0.0,0.0,4.0,20.0
1e55fd6f3005511c,NCAAB_20260110_KU_WVU,NCAAB_H2_1_AUSTIN_TRANSFER_V1,UNRESOLVED_NO_LATER_VALID_EV,False,True,True,UNAVAILABLE,UNAVAILABLE,0.0,0.0,0.0,-80.0
f333ff485b989bc2,NCAAB_20260110_WIS_MICH,NCAAB_H2_1_AUSTIN_TRANSFER_V1,PERSISTENT_NEGATIVE_EV,False,True,True,14,15,0.0,2.0,2.0,-80.0
833c7a16a2223840,NCAAB_20260120_RUTG_IOWA,NCAAB_H2_1_AUSTIN_TRANSFER_V1,UNRESOLVED_NO_LATER_VALID_EV,True,False,True,UNAVAILABLE,UNAVAILABLE,0.0,0.0,0.0,20.0
d46cf247bc386126,NCAAB_20260123_OSU_MICH,NCAAB_H2_1_AUSTIN_TRANSFER_V1,TEMPORARY_NEGATIVE_EV,True,False,True,-10,89,0.0,0.0,10.0,20.0
5c8c42fd3b9d2646,NCAAB_20260124_CIN_ASU,NCAAB_H2_1_AUSTIN_TRANSFER_V1,TEMPORARY_NEGATIVE_EV,True,False,True,12,55,0.0,2.0,6.0,20.0
b5f0cea7155c4ba5,NCAAB_20260131_CAL_MIA,NCAAB_H2_1_AUSTIN_TRANSFER_V1,UNRESOLVED_NO_LATER_VALID_EV,False,True,True,11,73,0.0,2.0,2.0,-80.0
fe73251ab6c037f8,NCAAB_20260131_UK_ARK,NCAAB_H2_1_AUSTIN_TRANSFER_V1,UNRESOLVED_NO_LATER_VALID_EV,False,True,True,UNAVAILABLE,UNAVAILABLE,0.0,0.0,0.0,-80.0
cc0f6caa668e02e0,NCAAB_20260202_KU_TTU,NCAAB_H2_1_AUSTIN_TRANSFER_V1,UNRESOLVED_NO_LATER_VALID_EV,False,True,True,UNAVAILABLE,UNAVAILABLE,0.0,0.0,0.0,-80.0
42b0b2306bc97af2,NCAAB_20260204_BYU_OKST,NCAAB_H2_1_AUSTIN_TRANSFER_V1,PERSISTENT_NEGATIVE_EV,False,True,True,66,1,0.0,12.0,14.0,-80.0
