trade_id,source_experiment_id,negative_ev_class,N_VALID_STATES_AFTER_FIRST_NEGATIVE,N_CONSECUTIVE_NEGATIVE_FROM_T0,GAME_CLOCK_MINUTES_NEGATIVE_BEFORE_RECOVERY,GAME_CLOCK_MINUTES_NEGATIVE_BEFORE_SETTLEMENT,FIRST_RECOVERY_TO_EV_GE_0_timestamp,FIRST_RECOVERY_TO_EV_GE_0_period,FIRST_RECOVERY_TO_EV_GE_0_clock,MIN_EV_AFTER_FIRST_NEGATIVE,MAX_EV_AFTER_FIRST_NEGATIVE,EV_RANGE_AFTER_FIRST_NEGATIVE,EV_AREA_BELOW_ZERO,EV_AREA_FORMULA
00befb799c90c40d,NCAAB_H1_2_AUSTIN_TRANSFER_V1,PERSISTENT_NEGATIVE_EV,9,10,UNAVAILABLE,18.0,UNAVAILABLE,UNAVAILABLE,UNAVAILABLE,-55.443780837326095,-55.443780837326095,0.0,997.9880550718696,trapezoid of negative EV on consecutive valid PRIMARY points; dt = NCAAB game-clock minutes; zero-crossing uses the negative linear portion; gaps with dt<=0 skipped; not a policy
1b95993f4b64a1d7,NCAAB_H1_2_AUSTIN_TRANSFER_V1,TEMPORARY_NEGATIVE_EV,10,10,20.0,20.0,2025-11-12T03:24:20+00:00,2,0,-7.365559320579838,11.609049092126694,18.974608412706534,135.43922896760049,trapezoid of negative EV on consecutive valid PRIMARY points; dt = NCAAB game-clock minutes; zero-crossing uses the negative linear portion; gaps with dt<=0 skipped; not a policy
b8c80caa49242cc1,NCAAB_H1_2_AUSTIN_TRANSFER_V1,TEMPORARY_NEGATIVE_EV,10,10,20.0,20.0,2025-11-12T03:54:42+00:00,2,0,-13.145671754460116,20.0,33.14567175446012,239.97414290933156,trapezoid of negative EV on consecutive valid PRIMARY points; dt = NCAAB game-clock minutes; zero-crossing uses the negative linear portion; gaps with dt<=0 skipped; not a policy
6418fcd22fce92f3,NCAAB_H1_2_AUSTIN_TRANSFER_V1,TEMPORARY_NEGATIVE_EV,10,10,20.0,20.0,2025-11-14T01:01:29+00:00,2,0,-8.906133689703779,20.000000000000004,28.906133689703783,163.0544336218462,trapezoid of negative EV on consecutive valid PRIMARY points; dt = NCAAB game-clock minutes; zero-crossing uses the negative linear portion; gaps with dt<=0 skipped; not a policy
d834607c08cd9710,NCAAB_H1_2_AUSTIN_TRANSFER_V1,TEMPORARY_NEGATIVE_EV,10,9,18.0,20.0,2025-11-15T04:16:53+00:00,2,120,-3.441459911359874,20.0,23.441459911359875,55.56860212743654,trapezoid of negative EV on consecutive valid PRIMARY points; dt = NCAAB game-clock minutes; zero-crossing uses the negative linear portion; gaps with dt<=0 skipped; not a policy
69040d9f3369ada7,NCAAB_H1_2_AUSTIN_TRANSFER_V1,TEMPORARY_NEGATIVE_EV,3,1,2.0,6.0,2025-11-16T01:13:54+00:00,2,360,19.999999999999996,19.999999999999996,0.0,57.105821827225235,trapezoid of negative EV on consecutive valid PRIMARY points; dt = NCAAB game-clock minutes; zero-crossing uses the negative linear portion; gaps with dt<=0 skipped; not a policy
61ea9069a5d7cec5,NCAAB_H1_2_AUSTIN_TRANSFER_V1,TEMPORARY_NEGATIVE_EV,10,1,0.0,18.0,2025-11-16T21:17:27+00:00,2,1200,0.9934223438513055,13.142974910470189,12.149552566618883,0.0,trapezoid of negative EV on consecutive valid PRIMARY points; dt = NCAAB game-clock minutes; zero-crossing uses the negative linear portion; gaps with dt<=0 skipped; not a policy
63a57a9affd5d10f,NCAAB_H1_2_AUSTIN_TRANSFER_V1,TEMPORARY_NEGATIVE_EV,11,8,14.0,20.0,2025-11-19T01:19:53+00:00,2,360,-9.99887060305865,20.0,29.99887060305865,154.8253289345409,trapezoid of negative EV on consecutive valid PRIMARY points; dt = NCAAB game-clock minutes; zero-crossing uses the negative linear portion; gaps with dt<=0 skipped; not a policy
7e044171c955b155,NCAAB_H1_2_AUSTIN_TRANSFER_V1,TEMPORARY_NEGATIVE_EV,10,10,20.0,20.0,2025-11-19T04:11:12+00:00,2,0,-7.216926441351909,20.0,27.21692644135191,131.8183390235258,trapezoid of negative EV on consecutive valid PRIMARY points; dt = NCAAB game-clock minutes; zero-crossing uses the negative linear portion; gaps with dt<=0 skipped; not a policy
45afbde2ad4d407a,NCAAB_H1_2_AUSTIN_TRANSFER_V1,TEMPORARY_NEGATIVE_EV,11,1,0.0,20.0,2025-11-21T23:14:36+00:00,2,1200,-44.61845032863811,16.156931280947767,60.77538160958588,144.9100831262162,trapezoid of negative EV on consecutive valid PRIMARY points; dt = NCAAB game-clock minutes; zero-crossing uses the negative linear portion; gaps with dt<=0 skipped; not a policy
b0913dbf7abd5848,NCAAB_H1_2_AUSTIN_TRANSFER_V1,PERSISTENT_NEGATIVE_EV,9,10,UNAVAILABLE,18.0,UNAVAILABLE,UNAVAILABLE,UNAVAILABLE,-63.69829338771502,-3.6531566854114494,60.045136702303566,185.84709374201324,trapezoid of negative EV on consecutive valid PRIMARY points; dt = NCAAB game-clock minutes; zero-crossing uses the negative linear portion; gaps with dt<=0 skipped; not a policy
bbbd545585b72d40,NCAAB_H1_2_AUSTIN_TRANSFER_V1,TEMPORARY_NEGATIVE_EV,11,11,20.0,20.0,2025-11-23T23:59:49+00:00,2,0,-42.495501880963985,20.0,62.495501880963985,387.42856383058046,trapezoid of negative EV on consecutive valid PRIMARY points; dt = NCAAB game-clock minutes; zero-crossing uses the negative linear portion; gaps with dt<=0 skipped; not a policy
ad36cf233dd1eff6,NCAAB_H1_2_AUSTIN_TRANSFER_V1,TEMPORARY_NEGATIVE_EV,12,2,2.0,22.0,2025-11-24T21:43:49+00:00,2,1200,-49.52191897609601,20.000000000000004,69.52191897609602,108.16633886005948,trapezoid of negative EV on consecutive valid PRIMARY points; dt = NCAAB game-clock minutes; zero-crossing uses the negative linear portion; gaps with dt<=0 skipped; not a policy
86e0d0af9d033fc6,NCAAB_H1_2_AUSTIN_TRANSFER_V1,PERSISTENT_NEGATIVE_EV,1,2,UNAVAILABLE,2.0,UNAVAILABLE,UNAVAILABLE,UNAVAILABLE,-23.316433142086463,-23.316433142086463,0.0,46.63286628417293,trapezoid of negative EV on consecutive valid PRIMARY points; dt = NCAAB game-clock minutes; zero-crossing uses the negative linear portion; gaps with dt<=0 skipped; not a policy
18aa32a2a18ab92a,NCAAB_H1_2_AUSTIN_TRANSFER_V1,TEMPORARY_NEGATIVE_EV,11,1,0.0,20.0,2025-11-26T00:18:51+00:00,2,1200,-69.87606895182537,7.705991572305388,77.58206052413077,117.53481629272267,trapezoid of negative EV on consecutive valid PRIMARY points; dt = NCAAB game-clock minutes; zero-crossing uses the negative linear portion; gaps with dt<=0 skipped; not a policy
8b94b3a8edd2c980,NCAAB_H1_2_AUSTIN_TRANSFER_V1,TEMPORARY_NEGATIVE_EV,7,1,2.0,14.0,2025-11-28T22:39:23+00:00,2,720,12.273271792264497,20.000000000000004,7.726728207735507,0.4266978995275162,trapezoid of negative EV on consecutive valid PRIMARY points; dt = NCAAB game-clock minutes; zero-crossing uses the negative linear portion; gaps with dt<=0 skipped; not a policy
9c1b4fdb45dc0e9a,NCAAB_H1_2_AUSTIN_TRANSFER_V1,TEMPORARY_NEGATIVE_EV,11,1,0.0,20.0,2025-12-03T01:08:32+00:00,2,1200,12.15029178892964,20.000000000000004,7.849708211070364,0.0,trapezoid of negative EV on consecutive valid PRIMARY points; dt = NCAAB game-clock minutes; zero-crossing uses the negative linear portion; gaps with dt<=0 skipped; not a policy
0d652c71820f3bcf,NCAAB_H1_2_AUSTIN_TRANSFER_V1,TEMPORARY_NEGATIVE_EV,10,3,6.0,20.0,2025-12-03T03:31:43+00:00,2,840,-8.756320370067426,7.902444906020378,16.658765276087806,143.3385354228316,trapezoid of negative EV on consecutive valid PRIMARY points; dt = NCAAB game-clock minutes; zero-crossing uses the negative linear portion; gaps with dt<=0 skipped; not a policy
6fb8c068ee4c641f,NCAAB_H1_2_AUSTIN_TRANSFER_V1,TEMPORARY_NEGATIVE_EV,9,1,2.0,18.0,2025-12-03T03:12:47+00:00,2,960,-66.78203087232032,11.930680171298404,78.71271104361873,120.21619602396909,trapezoid of negative EV on consecutive valid PRIMARY points; dt = NCAAB game-clock minutes; zero-crossing uses the negative linear portion; gaps with dt<=0 skipped; not a policy
6b487333bf807bcd,NCAAB_H1_2_AUSTIN_TRANSFER_V1,TEMPORARY_NEGATIVE_EV,10,8,16.0,20.0,2025-12-04T02:18:09+00:00,2,240,-6.233889300905311,20.0,26.23388930090531,58.7531839353041,trapezoid of negative EV on consecutive valid PRIMARY points; dt = NCAAB game-clock minutes; zero-crossing uses the negative linear portion; gaps with dt<=0 skipped; not a policy
48a9d4d204dbc4d1,NCAAB_H1_2_AUSTIN_TRANSFER_V1,TEMPORARY_NEGATIVE_EV,10,1,0.0,18.0,2025-12-04T03:17:06+00:00,2,1200,1.91404405322458,1.91404405322458,0.0,0.0,trapezoid of negative EV on consecutive valid PRIMARY points; dt = NCAAB game-clock minutes; zero-crossing uses the negative linear portion; gaps with dt<=0 skipped; not a policy
b8c2e88f06df43e3,NCAAB_H1_2_AUSTIN_TRANSFER_V1,PERSISTENT_NEGATIVE_EV,10,11,UNAVAILABLE,18.0,UNAVAILABLE,UNAVAILABLE,UNAVAILABLE,-9.348187642080289,-6.295896277559841,3.052291364520448,162.1627948284043,trapezoid of negative EV on consecutive valid PRIMARY points; dt = NCAAB game-clock minutes; zero-crossing uses the negative linear portion; gaps with dt<=0 skipped; not a policy
11eaf91f973232d2,NCAAB_H1_2_AUSTIN_TRANSFER_V1,TEMPORARY_NEGATIVE_EV,7,1,2.0,12.0,2025-12-07T23:16:46+00:00,2,360,-76.2790366506119,11.913419254903149,88.19245590551505,110.4563994455196,trapezoid of negative EV on consecutive valid PRIMARY points; dt = NCAAB game-clock minutes; zero-crossing uses the negative linear portion; gaps with dt<=0 skipped; not a policy
cba7e831ab3ba84e,NCAAB_H1_2_AUSTIN_TRANSFER_V1,UNRESOLVED_NO_LATER_VALID_EV,0,1,UNAVAILABLE,UNAVAILABLE,UNAVAILABLE,UNAVAILABLE,UNAVAILABLE,UNAVAILABLE,UNAVAILABLE,UNAVAILABLE,UNAVAILABLE,trapezoid of negative EV on consecutive valid PRIMARY points; dt = NCAAB game-clock minutes; zero-crossing uses the negative linear portion; gaps with dt<=0 skipped; not a policy
6ccda2ea9da1df79,NCAAB_H1_2_AUSTIN_TRANSFER_V1,TEMPORARY_NEGATIVE_EV,11,1,0.0,20.0,2025-12-10T01:38:05+00:00,2,1200,1.1603216453791925,20.0,18.83967835462081,0.0,trapezoid of negative EV on consecutive valid PRIMARY points; dt = NCAAB game-clock minutes; zero-crossing uses the negative linear portion; gaps with dt<=0 skipped; not a policy
ccef1b8251c252ac,NCAAB_H1_2_AUSTIN_TRANSFER_V1,TEMPORARY_NEGATIVE_EV,10,2,4.0,20.0,2025-12-11T03:18:05+00:00,2,960,-0.05961946966435927,20.0,20.05961946966436,0.7161258246903194,trapezoid of negative EV on consecutive valid PRIMARY points; dt = NCAAB game-clock minutes; zero-crossing uses the negative linear portion; gaps with dt<=0 skipped; not a policy
339cb9486ec36c54,NCAAB_H1_2_AUSTIN_TRANSFER_V1,PERSISTENT_NEGATIVE_EV,10,11,UNAVAILABLE,18.0,UNAVAILABLE,UNAVAILABLE,UNAVAILABLE,-47.26003051855834,-47.26003051855834,0.0,850.6805493340499,trapezoid of negative EV on consecutive valid PRIMARY points; dt = NCAAB game-clock minutes; zero-crossing uses the negative linear portion; gaps with dt<=0 skipped; not a policy
792ec93ba0bf5eb1,NCAAB_H1_2_AUSTIN_TRANSFER_V1,TEMPORARY_NEGATIVE_EV,12,12,24.0,24.0,2025-12-14T03:32:45+00:00,2,0,-45.074915281832006,20.0,65.074915281832,917.8866228647348,trapezoid of negative EV on consecutive valid PRIMARY points; dt = NCAAB game-clock minutes; zero-crossing uses the negative linear portion; gaps with dt<=0 skipped; not a policy
f9654c885fdb0841,NCAAB_H1_2_AUSTIN_TRANSFER_V1,TEMPORARY_NEGATIVE_EV,10,10,20.0,20.0,2025-12-21T01:11:08+00:00,2,0,-11.120701179445316,20.000000000000004,31.12070117944532,84.0087879589763,trapezoid of negative EV on consecutive valid PRIMARY points; dt = NCAAB game-clock minutes; zero-crossing uses the negative linear portion; gaps with dt<=0 skipped; not a policy
e89a44c4339ee6af,NCAAB_H1_2_AUSTIN_TRANSFER_V1,TEMPORARY_NEGATIVE_EV,11,3,4.0,20.0,2025-12-21T21:28:13+00:00,2,960,-68.57320432839374,16.590301766377117,85.16350609477087,98.77221754356344,trapezoid of negative EV on consecutive valid PRIMARY points; dt = NCAAB game-clock minutes; zero-crossing uses the negative linear portion; gaps with dt<=0 skipped; not a policy
0fddb47f73afb527,NCAAB_H1_2_AUSTIN_TRANSFER_V1,TEMPORARY_NEGATIVE_EV,11,11,20.0,20.0,2026-01-03T21:21:05+00:00,2,0,-24.841722722975486,20.000000000000007,44.84172272297549,460.9129956271775,trapezoid of negative EV on consecutive valid PRIMARY points; dt = NCAAB game-clock minutes; zero-crossing uses the negative linear portion; gaps with dt<=0 skipped; not a policy
9f47ec88cb960c2b,NCAAB_H1_2_AUSTIN_TRANSFER_V1,TEMPORARY_NEGATIVE_EV,11,11,20.0,20.0,2026-01-03T22:29:06+00:00,2,0,-31.685843413053917,20.0,51.68584341305392,589.7700878793337,trapezoid of negative EV on consecutive valid PRIMARY points; dt = NCAAB game-clock minutes; zero-crossing uses the negative linear portion; gaps with dt<=0 skipped; not a policy
f5099282fcad5ae9,NCAAB_H1_2_AUSTIN_TRANSFER_V1,TEMPORARY_NEGATIVE_EV,10,10,20.0,20.0,2026-01-03T22:59:21+00:00,2,0,-3.4134705788949997,16.21410879838117,19.62757937727617,62.0361137405121,trapezoid of negative EV on consecutive valid PRIMARY points; dt = NCAAB game-clock minutes; zero-crossing uses the negative linear portion; gaps with dt<=0 skipped; not a policy
a4a396d73b1d8101,NCAAB_H1_2_AUSTIN_TRANSFER_V1,TEMPORARY_NEGATIVE_EV,10,10,20.0,20.0,2026-01-04T00:27:31+00:00,2,0,-18.73595034389679,20.0,38.73595034389679,346.3093812130209,trapezoid of negative EV on consecutive valid PRIMARY points; dt = NCAAB game-clock minutes; zero-crossing uses the negative linear portion; gaps with dt<=0 skipped; not a policy
e531376d4e082828,NCAAB_H1_2_AUSTIN_TRANSFER_V1,PERSISTENT_NEGATIVE_EV,3,4,UNAVAILABLE,4.0,UNAVAILABLE,UNAVAILABLE,UNAVAILABLE,-29.594006940488242,-26.083276844345196,3.510730096143046,107.84383747352382,trapezoid of negative EV on consecutive valid PRIMARY points; dt = NCAAB game-clock minutes; zero-crossing uses the negative linear portion; gaps with dt<=0 skipped; not a policy
3ce7e101debc0081,NCAAB_H1_2_AUSTIN_TRANSFER_V1,TEMPORARY_NEGATIVE_EV,11,11,20.0,20.0,2026-01-07T02:12:22+00:00,2,0,-32.800920488079434,19.999999999999996,52.80092048807943,610.7931147797029,trapezoid of negative EV on consecutive valid PRIMARY points; dt = NCAAB game-clock minutes; zero-crossing uses the negative linear portion; gaps with dt<=0 skipped; not a policy
9463c12fa059c27e,NCAAB_H1_2_AUSTIN_TRANSFER_V1,TEMPORARY_NEGATIVE_EV,10,10,20.0,20.0,2026-01-07T04:29:59+00:00,2,0,-19.54108906161296,20.0,39.541089061612965,207.33391425534467,trapezoid of negative EV on consecutive valid PRIMARY points; dt = NCAAB game-clock minutes; zero-crossing uses the negative linear portion; gaps with dt<=0 skipped; not a policy
6e0f373eef010edf,NCAAB_H1_2_AUSTIN_TRANSFER_V1,TEMPORARY_NEGATIVE_EV,6,1,2.0,10.0,2026-01-07T03:21:46+00:00,2,240,-59.71632351493692,11.974402211574931,71.69072572651184,181.2562841346894,trapezoid of negative EV on consecutive valid PRIMARY points; dt = NCAAB game-clock minutes; zero-crossing uses the negative linear portion; gaps with dt<=0 skipped; not a policy
1844ab6448912e77,NCAAB_H1_2_AUSTIN_TRANSFER_V1,TEMPORARY_NEGATIVE_EV,11,1,0.0,20.0,2026-01-08T00:40:42+00:00,2,1200,-61.43061761602371,20.000000000000004,81.43061761602371,114.39290025501826,trapezoid of negative EV on consecutive valid PRIMARY points; dt = NCAAB game-clock minutes; zero-crossing uses the negative linear portion; gaps with dt<=0 skipped; not a policy
258ac10ef11c9361,NCAAB_H1_2_AUSTIN_TRANSFER_V1,PERSISTENT_NEGATIVE_EV,10,11,UNAVAILABLE,18.0,UNAVAILABLE,UNAVAILABLE,UNAVAILABLE,-29.196524375175162,-20.110091036809546,9.086433338365616,380.154505339303,trapezoid of negative EV on consecutive valid PRIMARY points; dt = NCAAB game-clock minutes; zero-crossing uses the negative linear portion; gaps with dt<=0 skipped; not a policy
2cc5c41b0ac4171f,NCAAB_H1_2_AUSTIN_TRANSFER_V1,TEMPORARY_NEGATIVE_EV,10,10,20.0,20.0,2026-01-08T04:21:29+00:00,2,0,-9.842022696356349,20.0,29.84202269635635,180.4023483871248,trapezoid of negative EV on consecutive valid PRIMARY points; dt = NCAAB game-clock minutes; zero-crossing uses the negative linear portion; gaps with dt<=0 skipped; not a policy
2552258eb6255e8e,NCAAB_H1_2_AUSTIN_TRANSFER_V1,TEMPORARY_NEGATIVE_EV,7,1,2.0,14.0,2026-01-09T00:33:46+00:00,2,720,0.6485491808150625,20.0,19.351450819184937,23.222402149473957,trapezoid of negative EV on consecutive valid PRIMARY points; dt = NCAAB game-clock minutes; zero-crossing uses the negative linear portion; gaps with dt<=0 skipped; not a policy
30b1ac78fc209527,NCAAB_H1_2_AUSTIN_TRANSFER_V1,TEMPORARY_NEGATIVE_EV,11,4,6.0,20.0,2026-01-10T18:20:21+00:00,2,840,-40.11737728347226,19.999999999999996,60.11737728347225,644.7981089755408,trapezoid of negative EV on consecutive valid PRIMARY points; dt = NCAAB game-clock minutes; zero-crossing uses the negative linear portion; gaps with dt<=0 skipped; not a policy
e917fde8d089fff6,NCAAB_H1_2_AUSTIN_TRANSFER_V1,TEMPORARY_NEGATIVE_EV,5,1,2.0,10.0,2026-01-10T17:56:33+00:00,2,480,-79.99999999999999,11.95900423429052,91.9590042342905,179.8551472590683,trapezoid of negative EV on consecutive valid PRIMARY points; dt = NCAAB game-clock minutes; zero-crossing uses the negative linear portion; gaps with dt<=0 skipped; not a policy
b7c8409c2540bbbc,NCAAB_H1_2_AUSTIN_TRANSFER_V1,TEMPORARY_NEGATIVE_EV,11,1,0.0,20.0,2026-01-10T18:10:11+00:00,2,1200,3.276179027666927,20.0,16.723820972333073,0.0,trapezoid of negative EV on consecutive valid PRIMARY points; dt = NCAAB game-clock minutes; zero-crossing uses the negative linear portion; gaps with dt<=0 skipped; not a policy
57d5aee55815cd68,NCAAB_H1_2_AUSTIN_TRANSFER_V1,PERSISTENT_NEGATIVE_EV,10,11,UNAVAILABLE,18.0,UNAVAILABLE,UNAVAILABLE,UNAVAILABLE,-37.44514701085004,-16.21299836616339,21.232148644686653,631.5483489059275,trapezoid of negative EV on consecutive valid PRIMARY points; dt = NCAAB game-clock minutes; zero-crossing uses the negative linear portion; gaps with dt<=0 skipped; not a policy
4fa5feba84ffea5d,NCAAB_H1_2_AUSTIN_TRANSFER_V1,TEMPORARY_NEGATIVE_EV,10,4,8.0,20.0,2026-01-10T22:41:58+00:00,2,720,-19.23267993379089,20.000000000000004,39.23267993379089,259.0769445981694,trapezoid of negative EV on consecutive valid PRIMARY points; dt = NCAAB game-clock minutes; zero-crossing uses the negative linear portion; gaps with dt<=0 skipped; not a policy
ee5e88f2a29da5d0,NCAAB_H1_2_AUSTIN_TRANSFER_V1,TEMPORARY_NEGATIVE_EV,11,11,20.0,20.0,2026-01-11T01:15:03+00:00,2,0,-0.3900262896697999,20.0,20.390026289669798,7.02793374914706,trapezoid of negative EV on consecutive valid PRIMARY points; dt = NCAAB game-clock minutes; zero-crossing uses the negative linear portion; gaps with dt<=0 skipped; not a policy
ccb4b57da2a28d48,NCAAB_H1_2_AUSTIN_TRANSFER_V1,TEMPORARY_NEGATIVE_EV,10,2,4.0,20.0,2026-01-14T01:23:20+00:00,2,960,-15.528463484872738,20.000000000000004,35.528463484872745,239.47886577784678,trapezoid of negative EV on consecutive valid PRIMARY points; dt = NCAAB game-clock minutes; zero-crossing uses the negative linear portion; gaps with dt<=0 skipped; not a policy
4cdea7faa47cd8a0,NCAAB_H1_2_AUSTIN_TRANSFER_V1,PERSISTENT_NEGATIVE_EV,9,10,UNAVAILABLE,18.0,UNAVAILABLE,UNAVAILABLE,UNAVAILABLE,-1.5927867032423717,-1.5927867032423717,0.0,28.670160658362686,trapezoid of negative EV on consecutive valid PRIMARY points; dt = NCAAB game-clock minutes; zero-crossing uses the negative linear portion; gaps with dt<=0 skipped; not a policy
2edff8739df98091,NCAAB_H1_2_AUSTIN_TRANSFER_V1,PERSISTENT_NEGATIVE_EV,2,3,UNAVAILABLE,4.0,UNAVAILABLE,UNAVAILABLE,UNAVAILABLE,-41.56148151307666,-41.56148151307666,0.0,134.24226149068147,trapezoid of negative EV on consecutive valid PRIMARY points; dt = NCAAB game-clock minutes; zero-crossing uses the negative linear portion; gaps with dt<=0 skipped; not a policy
50abd8cf8a02fdd8,NCAAB_H1_2_AUSTIN_TRANSFER_V1,PERSISTENT_NEGATIVE_EV,10,11,UNAVAILABLE,20.0,UNAVAILABLE,UNAVAILABLE,UNAVAILABLE,-8.787133926926657,-3.484134045764077,5.30299988116258,74.98568079644411,trapezoid of negative EV on consecutive valid PRIMARY points; dt = NCAAB game-clock minutes; zero-crossing uses the negative linear portion; gaps with dt<=0 skipped; not a policy
16619015f386a4b2,NCAAB_H1_2_AUSTIN_TRANSFER_V1,TEMPORARY_NEGATIVE_EV,10,10,20.0,20.0,2026-01-15T03:45:03+00:00,2,0,-7.5520498649499626,20.0,27.552049864949964,138.00692348159035,trapezoid of negative EV on consecutive valid PRIMARY points; dt = NCAAB game-clock minutes; zero-crossing uses the negative linear portion; gaps with dt<=0 skipped; not a policy
4f1cfeef318f10c9,NCAAB_H1_2_AUSTIN_TRANSFER_V1,TEMPORARY_NEGATIVE_EV,11,11,20.0,20.0,2026-01-15T06:30:28+00:00,2,0,-11.956679732085876,20.000000000000004,31.95667973208588,219.69385982861152,trapezoid of negative EV on consecutive valid PRIMARY points; dt = NCAAB game-clock minutes; zero-crossing uses the negative linear portion; gaps with dt<=0 skipped; not a policy
4a6c310a9266f6ee,NCAAB_H1_2_AUSTIN_TRANSFER_V1,TEMPORARY_NEGATIVE_EV,10,10,20.0,20.0,2026-01-15T06:11:01+00:00,2,0,-6.002382599310989,20.0,26.00238259931099,109.42847507862874,trapezoid of negative EV on consecutive valid PRIMARY points; dt = NCAAB game-clock minutes; zero-crossing uses the negative linear portion; gaps with dt<=0 skipped; not a policy
53a941af54c99419,NCAAB_H1_2_AUSTIN_TRANSFER_V1,TEMPORARY_NEGATIVE_EV,10,4,8.0,20.0,2026-01-17T18:33:11+00:00,2,720,-55.25402192763879,16.149494644841987,71.40351657248078,240.23193464032218,trapezoid of negative EV on consecutive valid PRIMARY points; dt = NCAAB game-clock minutes; zero-crossing uses the negative linear portion; gaps with dt<=0 skipped; not a policy
a4307c0519ec522b,NCAAB_H1_2_AUSTIN_TRANSFER_V1,PERSISTENT_NEGATIVE_EV,11,12,UNAVAILABLE,20.0,UNAVAILABLE,UNAVAILABLE,UNAVAILABLE,-26.444993567277148,-4.034524276629924,22.410469290647224,306.1012592946002,trapezoid of negative EV on consecutive valid PRIMARY points; dt = NCAAB game-clock minutes; zero-crossing uses the negative linear portion; gaps with dt<=0 skipped; not a policy
d2c9f936d8887f23,NCAAB_H1_2_AUSTIN_TRANSFER_V1,TEMPORARY_NEGATIVE_EV,10,10,20.0,20.0,2026-01-17T23:13:45+00:00,2,0,-13.741949998560546,20.000000000000004,33.74194999856055,252.9517293855789,trapezoid of negative EV on consecutive valid PRIMARY points; dt = NCAAB game-clock minutes; zero-crossing uses the negative linear portion; gaps with dt<=0 skipped; not a policy
d1d5e91212f8c11d,NCAAB_H1_2_AUSTIN_TRANSFER_V1,PERSISTENT_NEGATIVE_EV,11,12,UNAVAILABLE,20.0,UNAVAILABLE,UNAVAILABLE,UNAVAILABLE,-47.7342773102381,-30.006993780210852,17.727283530027247,808.1917933425257,trapezoid of negative EV on consecutive valid PRIMARY points; dt = NCAAB game-clock minutes; zero-crossing uses the negative linear portion; gaps with dt<=0 skipped; not a policy
b05c00e26d4dbf83,NCAAB_H1_2_AUSTIN_TRANSFER_V1,TEMPORARY_NEGATIVE_EV,12,1,2.0,22.0,2026-01-21T02:54:37+00:00,1,0,-12.381480872451572,20.000000000000004,32.381480872451576,41.74441863823599,trapezoid of negative EV on consecutive valid PRIMARY points; dt = NCAAB game-clock minutes; zero-crossing uses the negative linear portion; gaps with dt<=0 skipped; not a policy
4e9f2aaf642a4465,NCAAB_H1_2_AUSTIN_TRANSFER_V1,TEMPORARY_NEGATIVE_EV,9,6,12.0,18.0,2026-01-21T03:45:15+00:00,2,480,-10.480118907745354,20.0,30.480118907745354,60.509185326418056,trapezoid of negative EV on consecutive valid PRIMARY points; dt = NCAAB game-clock minutes; zero-crossing uses the negative linear portion; gaps with dt<=0 skipped; not a policy
eb84767c95d5f96c,NCAAB_H1_2_AUSTIN_TRANSFER_V1,PERSISTENT_NEGATIVE_EV,11,12,UNAVAILABLE,20.0,UNAVAILABLE,UNAVAILABLE,UNAVAILABLE,-61.50134956670941,-22.062888970397246,39.43846059631216,963.0600719490653,trapezoid of negative EV on consecutive valid PRIMARY points; dt = NCAAB game-clock minutes; zero-crossing uses the negative linear portion; gaps with dt<=0 skipped; not a policy
605cd9a880ceb9ec,NCAAB_H1_2_AUSTIN_TRANSFER_V1,TEMPORARY_NEGATIVE_EV,11,1,0.0,20.0,2026-01-22T03:03:05+00:00,2,1200,-66.10257044517454,11.66813889748943,77.77070934266396,132.510407798237,trapezoid of negative EV on consecutive valid PRIMARY points; dt = NCAAB game-clock minutes; zero-crossing uses the negative linear portion; gaps with dt<=0 skipped; not a policy
7c81e3f934d907fb,NCAAB_H1_2_AUSTIN_TRANSFER_V1,TEMPORARY_NEGATIVE_EV,11,11,20.0,20.0,2026-01-24T19:14:27+00:00,2,0,-53.90277143560049,19.999999999999996,73.90277143560049,412.44785468230003,trapezoid of negative EV on consecutive valid PRIMARY points; dt = NCAAB game-clock minutes; zero-crossing uses the negative linear portion; gaps with dt<=0 skipped; not a policy
c2d7d4ac59413768,NCAAB_H1_2_AUSTIN_TRANSFER_V1,PERSISTENT_NEGATIVE_EV,11,12,UNAVAILABLE,20.0,UNAVAILABLE,UNAVAILABLE,UNAVAILABLE,-79.99999999999999,-41.42774063566448,38.57225936433551,873.1673372137628,trapezoid of negative EV on consecutive valid PRIMARY points; dt = NCAAB game-clock minutes; zero-crossing uses the negative linear portion; gaps with dt<=0 skipped; not a policy
299557bc5c47afb8,NCAAB_H1_2_AUSTIN_TRANSFER_V1,TEMPORARY_NEGATIVE_EV,14,11,20.0,24.0,2026-01-28T01:36:28+00:00,2,0,-60.343517251839955,19.999999999999996,80.34351725183996,273.0012601910524,trapezoid of negative EV on consecutive valid PRIMARY points; dt = NCAAB game-clock minutes; zero-crossing uses the negative linear portion; gaps with dt<=0 skipped; not a policy
a5aed87e1b755a26,NCAAB_H1_2_AUSTIN_TRANSFER_V1,TEMPORARY_NEGATIVE_EV,2,1,2.0,4.0,2026-01-28T03:34:12+00:00,2,120,7.3584404137811745,20.0,12.641559586218825,23.33695041155039,trapezoid of negative EV on consecutive valid PRIMARY points; dt = NCAAB game-clock minutes; zero-crossing uses the negative linear portion; gaps with dt<=0 skipped; not a policy
37cf41dbdbe0a4cf,NCAAB_H2_1_AUSTIN_TRANSFER_V1,UNRESOLVED_NO_LATER_VALID_EV,0,1,UNAVAILABLE,UNAVAILABLE,UNAVAILABLE,UNAVAILABLE,UNAVAILABLE,UNAVAILABLE,UNAVAILABLE,UNAVAILABLE,UNAVAILABLE,trapezoid of negative EV on consecutive valid PRIMARY points; dt = NCAAB game-clock minutes; zero-crossing uses the negative linear portion; gaps with dt<=0 skipped; not a policy
6bc2f0f82dfeb942,NCAAB_H2_1_AUSTIN_TRANSFER_V1,UNRESOLVED_NO_LATER_VALID_EV,0,1,UNAVAILABLE,UNAVAILABLE,UNAVAILABLE,UNAVAILABLE,UNAVAILABLE,UNAVAILABLE,UNAVAILABLE,UNAVAILABLE,UNAVAILABLE,trapezoid of negative EV on consecutive valid PRIMARY points; dt = NCAAB game-clock minutes; zero-crossing uses the negative linear portion; gaps with dt<=0 skipped; not a policy
23b638c1e5542f81,NCAAB_H2_1_AUSTIN_TRANSFER_V1,PERSISTENT_NEGATIVE_EV,2,3,UNAVAILABLE,4.0,UNAVAILABLE,UNAVAILABLE,UNAVAILABLE,-60.28568603537464,-60.28568603537464,0.0,241.14274414149855,trapezoid of negative EV on consecutive valid PRIMARY points; dt = NCAAB game-clock minutes; zero-crossing uses the negative linear portion; gaps with dt<=0 skipped; not a policy
fcb24755885a9643,NCAAB_H2_1_AUSTIN_TRANSFER_V1,TEMPORARY_NEGATIVE_EV,1,1,8.0,8.0,2025-11-29T00:57:05+00:00,2,0,1.7967608588835629,1.7967608588835629,0.0,0.021407710833362827,trapezoid of negative EV on consecutive valid PRIMARY points; dt = NCAAB game-clock minutes; zero-crossing uses the negative linear portion; gaps with dt<=0 skipped; not a policy
3cd4429a5abc895c,NCAAB_H2_1_AUSTIN_TRANSFER_V1,PERSISTENT_NEGATIVE_EV,2,3,UNAVAILABLE,4.0,UNAVAILABLE,UNAVAILABLE,UNAVAILABLE,-0.043410517261417536,-0.043410517261417536,0.0,46.76227579477967,trapezoid of negative EV on consecutive valid PRIMARY points; dt = NCAAB game-clock minutes; zero-crossing uses the negative linear portion; gaps with dt<=0 skipped; not a policy
59f194e8bb13e9eb,NCAAB_H2_1_AUSTIN_TRANSFER_V1,TEMPORARY_NEGATIVE_EV,1,1,4.0,4.0,2025-12-03T05:20:06+00:00,2,0,6.3436598139294045,6.3436598139294045,0.0,55.74166178617993,trapezoid of negative EV on consecutive valid PRIMARY points; dt = NCAAB game-clock minutes; zero-crossing uses the negative linear portion; gaps with dt<=0 skipped; not a policy
4e4e64849bca13f1,NCAAB_H2_1_AUSTIN_TRANSFER_V1,PERSISTENT_NEGATIVE_EV,5,6,UNAVAILABLE,9.0,UNAVAILABLE,UNAVAILABLE,UNAVAILABLE,-72.38475421217011,-12.27720275605256,60.10755145611755,441.08635781311955,trapezoid of negative EV on consecutive valid PRIMARY points; dt = NCAAB game-clock minutes; zero-crossing uses the negative linear portion; gaps with dt<=0 skipped; not a policy
99448fa59c926dd8,NCAAB_H2_1_AUSTIN_TRANSFER_V1,UNRESOLVED_NO_LATER_VALID_EV,0,1,UNAVAILABLE,UNAVAILABLE,UNAVAILABLE,UNAVAILABLE,UNAVAILABLE,UNAVAILABLE,UNAVAILABLE,UNAVAILABLE,UNAVAILABLE,trapezoid of negative EV on consecutive valid PRIMARY points; dt = NCAAB game-clock minutes; zero-crossing uses the negative linear portion; gaps with dt<=0 skipped; not a policy
0ad759256ffcbe8b,NCAAB_H2_1_AUSTIN_TRANSFER_V1,TEMPORARY_NEGATIVE_EV,2,2,10.0,10.0,2026-01-03T19:13:01+00:00,2,0,-9.242371039577835,20.0,29.242371039577833,95.30974088239843,trapezoid of negative EV on consecutive valid PRIMARY points; dt = NCAAB game-clock minutes; zero-crossing uses the negative linear portion; gaps with dt<=0 skipped; not a policy
0ee92416e1754f17,NCAAB_H2_1_AUSTIN_TRANSFER_V1,UNRESOLVED_NO_LATER_VALID_EV,0,1,UNAVAILABLE,UNAVAILABLE,UNAVAILABLE,UNAVAILABLE,UNAVAILABLE,UNAVAILABLE,UNAVAILABLE,UNAVAILABLE,UNAVAILABLE,trapezoid of negative EV on consecutive valid PRIMARY points; dt = NCAAB game-clock minutes; zero-crossing uses the negative linear portion; gaps with dt<=0 skipped; not a policy
2fcfab49eaaa3f1e,NCAAB_H2_1_AUSTIN_TRANSFER_V1,UNRESOLVED_NO_LATER_VALID_EV,0,1,UNAVAILABLE,UNAVAILABLE,UNAVAILABLE,UNAVAILABLE,UNAVAILABLE,UNAVAILABLE,UNAVAILABLE,UNAVAILABLE,UNAVAILABLE,trapezoid of negative EV on consecutive valid PRIMARY points; dt = NCAAB game-clock minutes; zero-crossing uses the negative linear portion; gaps with dt<=0 skipped; not a policy
8e01765cf3c68869,NCAAB_H2_1_AUSTIN_TRANSFER_V1,UNRESOLVED_NO_LATER_VALID_EV,0,1,UNAVAILABLE,UNAVAILABLE,UNAVAILABLE,UNAVAILABLE,UNAVAILABLE,UNAVAILABLE,UNAVAILABLE,UNAVAILABLE,UNAVAILABLE,trapezoid of negative EV on consecutive valid PRIMARY points; dt = NCAAB game-clock minutes; zero-crossing uses the negative linear portion; gaps with dt<=0 skipped; not a policy
b56311a044354b03,NCAAB_H2_1_AUSTIN_TRANSFER_V1,PERSISTENT_NEGATIVE_EV,3,4,UNAVAILABLE,4.0,UNAVAILABLE,UNAVAILABLE,UNAVAILABLE,-60.53560856490807,-60.53560856490807,0.0,242.14243425963227,trapezoid of negative EV on consecutive valid PRIMARY points; dt = NCAAB game-clock minutes; zero-crossing uses the negative linear portion; gaps with dt<=0 skipped; not a policy
1e55fd6f3005511c,NCAAB_H2_1_AUSTIN_TRANSFER_V1,UNRESOLVED_NO_LATER_VALID_EV,0,1,UNAVAILABLE,UNAVAILABLE,UNAVAILABLE,UNAVAILABLE,UNAVAILABLE,UNAVAILABLE,UNAVAILABLE,UNAVAILABLE,UNAVAILABLE,trapezoid of negative EV on consecutive valid PRIMARY points; dt = NCAAB game-clock minutes; zero-crossing uses the negative linear portion; gaps with dt<=0 skipped; not a policy
f333ff485b989bc2,NCAAB_H2_1_AUSTIN_TRANSFER_V1,PERSISTENT_NEGATIVE_EV,1,2,UNAVAILABLE,2.0,UNAVAILABLE,UNAVAILABLE,UNAVAILABLE,-56.52707600270683,-56.52707600270683,0.0,83.62932299654588,trapezoid of negative EV on consecutive valid PRIMARY points; dt = NCAAB game-clock minutes; zero-crossing uses the negative linear portion; gaps with dt<=0 skipped; not a policy
833c7a16a2223840,NCAAB_H2_1_AUSTIN_TRANSFER_V1,UNRESOLVED_NO_LATER_VALID_EV,0,1,UNAVAILABLE,UNAVAILABLE,UNAVAILABLE,UNAVAILABLE,UNAVAILABLE,UNAVAILABLE,UNAVAILABLE,UNAVAILABLE,UNAVAILABLE,trapezoid of negative EV on consecutive valid PRIMARY points; dt = NCAAB game-clock minutes; zero-crossing uses the negative linear portion; gaps with dt<=0 skipped; not a policy
d46cf247bc386126,NCAAB_H2_1_AUSTIN_TRANSFER_V1,TEMPORARY_NEGATIVE_EV,1,1,10.0,10.0,2026-01-24T03:18:08+00:00,2,0,20.0,20.0,0.0,39.97397517655216,trapezoid of negative EV on consecutive valid PRIMARY points; dt = NCAAB game-clock minutes; zero-crossing uses the negative linear portion; gaps with dt<=0 skipped; not a policy
5c8c42fd3b9d2646,NCAAB_H2_1_AUSTIN_TRANSFER_V1,TEMPORARY_NEGATIVE_EV,1,1,6.0,6.0,2026-01-25T05:11:57+00:00,2,0,0.6233798291224804,0.6233798291224804,0.0,53.1747813452765,trapezoid of negative EV on consecutive valid PRIMARY points; dt = NCAAB game-clock minutes; zero-crossing uses the negative linear portion; gaps with dt<=0 skipped; not a policy
b5f0cea7155c4ba5,NCAAB_H2_1_AUSTIN_TRANSFER_V1,UNRESOLVED_NO_LATER_VALID_EV,0,1,UNAVAILABLE,UNAVAILABLE,UNAVAILABLE,UNAVAILABLE,UNAVAILABLE,UNAVAILABLE,UNAVAILABLE,UNAVAILABLE,UNAVAILABLE,trapezoid of negative EV on consecutive valid PRIMARY points; dt = NCAAB game-clock minutes; zero-crossing uses the negative linear portion; gaps with dt<=0 skipped; not a policy
fe73251ab6c037f8,NCAAB_H2_1_AUSTIN_TRANSFER_V1,UNRESOLVED_NO_LATER_VALID_EV,0,1,UNAVAILABLE,UNAVAILABLE,UNAVAILABLE,UNAVAILABLE,UNAVAILABLE,UNAVAILABLE,UNAVAILABLE,UNAVAILABLE,UNAVAILABLE,trapezoid of negative EV on consecutive valid PRIMARY points; dt = NCAAB game-clock minutes; zero-crossing uses the negative linear portion; gaps with dt<=0 skipped; not a policy
cc0f6caa668e02e0,NCAAB_H2_1_AUSTIN_TRANSFER_V1,UNRESOLVED_NO_LATER_VALID_EV,0,1,UNAVAILABLE,UNAVAILABLE,UNAVAILABLE,UNAVAILABLE,UNAVAILABLE,UNAVAILABLE,UNAVAILABLE,UNAVAILABLE,UNAVAILABLE,trapezoid of negative EV on consecutive valid PRIMARY points; dt = NCAAB game-clock minutes; zero-crossing uses the negative linear portion; gaps with dt<=0 skipped; not a policy
42b0b2306bc97af2,NCAAB_H2_1_AUSTIN_TRANSFER_V1,PERSISTENT_NEGATIVE_EV,3,4,UNAVAILABLE,14.0,UNAVAILABLE,UNAVAILABLE,UNAVAILABLE,-80.0,-79.99999999999999,1.4210854715202004e-14,786.6905080114154,trapezoid of negative EV on consecutive valid PRIMARY points; dt = NCAAB game-clock minutes; zero-crossing uses the negative linear portion; gaps with dt<=0 skipped; not a policy
