record_type,strategy_name,sport,league,season,date_from,date_to,universe,observation_basis,resolution,pit_field,entry_operation,entry_parameters,win_exit_operation,win_exit_parameters,loss_exit_operation,loss_exit_parameters,terminal_behavior,plan_hash,compiler_version,warehouse_version,identity_version,catalog_version,execution_version,data_fingerprint,backtest_status,population,wins,losses,win_rate,loss_rate,average_win,average_loss,risk_reward,gross_ev,internal_game_id,market_id,entry_timestamp,entry_value,entry_operation_row,entry_period,entry_clock,win_exit_timestamp,win_exit_value,win_exit_operation_row,loss_exit_timestamp,loss_exit_value,loss_exit_operation_row,classification,settlement_status,settlement_value,result_hash,risk_mode,risk_seed,risk_result_hash,static_weekly_sizing,initial_bankroll,trade_allocation,trades_per_week,win_return,loss_return,risk_win_probability,target_weekly_ev,weeks_per_year,monte_carlo_paths,capital_per_trade,win_pnl,loss_pnl,R_w,R_l,break_even_probability,trade_ev,trade_ev_dollars,weekly_ev,weekly_ev_dollars,min_wins_for_target,P_target_week,P_below_target,P_negative_week,weekly_volatility,deterministic_compound_if_ev_realized,fees,slippage,fills,net_ev,correlation_status,mc_bankroll_p5,mc_bankroll_p10,mc_bankroll_p25,mc_bankroll_p50,mc_bankroll_p75,mc_bankroll_p90,mc_bankroll_p95,mc_bankroll_p99,mc_bankroll_mean,mc_bankroll_median,mc_bankroll_min,mc_bankroll_max,mc_return_p5,mc_return_p10,mc_return_p25,mc_return_p50,mc_return_p75,mc_return_p90,mc_return_p95,mc_return_p99,mc_return_mean,mc_return_median,mc_return_min,mc_return_max,mc_mdd_p5,mc_mdd_p10,mc_mdd_p25,mc_mdd_p50,mc_mdd_p75,mc_mdd_p90,mc_mdd_p95,mc_mdd_p99,mc_mdd_mean,mc_mdd_median,mc_mdd_min,mc_mdd_max,P_final_ge_1_5x,P_final_lt_B0,P_mdd_le_neg_5,P_mdd_le_neg_10,P_mdd_le_neg_20,risk_not,weekly_wins,weekly_losses,weekly_return,weekly_probability
risk,ITI Stress Q4 CROSS 65 REACH 85 40 ITI-02,NBA,NBA,2025-2026,2025-10-10,2025-10-31,"{""date_from"":""2025-10-10"",""date_to"":""2025-10-31"",""game_data"":[""pbp""],""leagues"":[""NBA""],""market_data"":[""candles""],""markets"":[""kalshi""],""seasons"":[""2025-2026""],""sports"":[""NBA""]}",TRADABLE_YES_BID,1_MINUTE_CANDLE,available_at,CROSS,"{""id"":""entry_iti_stress"",""op"":""CROSS"",""period"":""Q4"",""price_e4"":5900}",REACH,"{""id"":""win_iti_stress"",""op"":""REACH"",""outcome"":""win"",""price_e4"":8500}",REACH,"{""id"":""loss_iti_stress"",""op"":""REACH"",""outcome"":""loss"",""price_e4"":4000}",HOLD_TO_SETTLEMENT,2181a43f020d4f42d4b4f1561254bc0ca5f3ec88cb0e54ccea88bf744dafff51,1.0.0,2026-09-13T06:28:48Z,1.0.0,1.0.0,1.0.0,2026-09-13T06:28:48Z,READY,15,6,7,0.400000,0.466667,2600,1900,1.368421,153.333333,,,,,,,,,,,,,,,,,d0d2cc6f16eb5234240215768cedb527777bc88dc32d36390d3cc26ec182ded4,A,20260913,03aa2039f843a6cc7c094564beeaaaa2c962e913b3b83908c308b6d23a49e19a,true,20000.000000,0.050000,10,0.200000,-0.400000,0.700000,0.010000,52,100000,1000.000000,200.000000,-400.000000,0.010000,-0.020000,0.666667,0.001000,20.000000,0.010000,200.000000,7,0.649611,0.350389,0.350389,0.043474,33553.778429,UNAVAILABLE,UNAVAILABLE,UNAVAILABLE,NOT_COMPUTABLE,CORRELATION_DATA_REQUIRED,19126.525079,21468.837375,25958.319718,32059.137255,39526.248213,47518.108962,53161.755653,65560.602242,33582.938578,32059.137255,7826.941033,122645.286512,-0.043674,0.073442,0.297916,0.602957,0.976312,1.375905,1.658088,2.278030,0.679147,0.602957,-0.608653,5.132264,-0.327662,-0.286117,-0.227463,-0.173266,-0.133501,-0.106706,-0.091040,-0.069000,-0.187003,-0.173266,-0.657810,-0.020000,0.585860,0.066780,0.999660,0.912850,0.361930,candle_path_not_fill,,,,
weekly,ITI Stress Q4 CROSS 65 REACH 85 40 ITI-02,NBA,NBA,2025-2026,2025-10-10,2025-10-31,"{""date_from"":""2025-10-10"",""date_to"":""2025-10-31"",""game_data"":[""pbp""],""leagues"":[""NBA""],""market_data"":[""candles""],""markets"":[""kalshi""],""seasons"":[""2025-2026""],""sports"":[""NBA""]}",TRADABLE_YES_BID,1_MINUTE_CANDLE,available_at,CROSS,"{""id"":""entry_iti_stress"",""op"":""CROSS"",""period"":""Q4"",""price_e4"":5900}",REACH,"{""id"":""win_iti_stress"",""op"":""REACH"",""outcome"":""win"",""price_e4"":8500}",REACH,"{""id"":""loss_iti_stress"",""op"":""REACH"",""outcome"":""loss"",""price_e4"":4000}",HOLD_TO_SETTLEMENT,2181a43f020d4f42d4b4f1561254bc0ca5f3ec88cb0e54ccea88bf744dafff51,1.0.0,2026-09-13T06:28:48Z,1.0.0,1.0.0,1.0.0,2026-09-13T06:28:48Z,READY,15,6,7,0.400000,0.466667,2600,1900,1.368421,153.333333,,,,,,,,,,,,,,,,,d0d2cc6f16eb5234240215768cedb527777bc88dc32d36390d3cc26ec182ded4,,,,,,,,,,,,,,,,,,,,,,,,,,,,,,,,,,,,,,,,,,,,,,,,,,,,,,,,,,,,,,,,,,,,,,,,,,,,,0,10,-0.200000,0.000006
weekly,ITI Stress Q4 CROSS 65 REACH 85 40 ITI-02,NBA,NBA,2025-2026,2025-10-10,2025-10-31,"{""date_from"":""2025-10-10"",""date_to"":""2025-10-31"",""game_data"":[""pbp""],""leagues"":[""NBA""],""market_data"":[""candles""],""markets"":[""kalshi""],""seasons"":[""2025-2026""],""sports"":[""NBA""]}",TRADABLE_YES_BID,1_MINUTE_CANDLE,available_at,CROSS,"{""id"":""entry_iti_stress"",""op"":""CROSS"",""period"":""Q4"",""price_e4"":5900}",REACH,"{""id"":""win_iti_stress"",""op"":""REACH"",""outcome"":""win"",""price_e4"":8500}",REACH,"{""id"":""loss_iti_stress"",""op"":""REACH"",""outcome"":""loss"",""price_e4"":4000}",HOLD_TO_SETTLEMENT,2181a43f020d4f42d4b4f1561254bc0ca5f3ec88cb0e54ccea88bf744dafff51,1.0.0,2026-09-13T06:28:48Z,1.0.0,1.0.0,1.0.0,2026-09-13T06:28:48Z,READY,15,6,7,0.400000,0.466667,2600,1900,1.368421,153.333333,,,,,,,,,,,,,,,,,d0d2cc6f16eb5234240215768cedb527777bc88dc32d36390d3cc26ec182ded4,,,,,,,,,,,,,,,,,,,,,,,,,,,,,,,,,,,,,,,,,,,,,,,,,,,,,,,,,,,,,,,,,,,,,,,,,,,,,1,9,-0.170000,0.000138
weekly,ITI Stress Q4 CROSS 65 REACH 85 40 ITI-02,NBA,NBA,2025-2026,2025-10-10,2025-10-31,"{""date_from"":""2025-10-10"",""date_to"":""2025-10-31"",""game_data"":[""pbp""],""leagues"":[""NBA""],""market_data"":[""candles""],""markets"":[""kalshi""],""seasons"":[""2025-2026""],""sports"":[""NBA""]}",TRADABLE_YES_BID,1_MINUTE_CANDLE,available_at,CROSS,"{""id"":""entry_iti_stress"",""op"":""CROSS"",""period"":""Q4"",""price_e4"":5900}",REACH,"{""id"":""win_iti_stress"",""op"":""REACH"",""outcome"":""win"",""price_e4"":8500}",REACH,"{""id"":""loss_iti_stress"",""op"":""REACH"",""outcome"":""loss"",""price_e4"":4000}",HOLD_TO_SETTLEMENT,2181a43f020d4f42d4b4f1561254bc0ca5f3ec88cb0e54ccea88bf744dafff51,1.0.0,2026-09-13T06:28:48Z,1.0.0,1.0.0,1.0.0,2026-09-13T06:28:48Z,READY,15,6,7,0.400000,0.466667,2600,1900,1.368421,153.333333,,,,,,,,,,,,,,,,,d0d2cc6f16eb5234240215768cedb527777bc88dc32d36390d3cc26ec182ded4,,,,,,,,,,,,,,,,,,,,,,,,,,,,,,,,,,,,,,,,,,,,,,,,,,,,,,,,,,,,,,,,,,,,,,,,,,,,,2,8,-0.140000,0.001447
weekly,ITI Stress Q4 CROSS 65 REACH 85 40 ITI-02,NBA,NBA,2025-2026,2025-10-10,2025-10-31,"{""date_from"":""2025-10-10"",""date_to"":""2025-10-31"",""game_data"":[""pbp""],""leagues"":[""NBA""],""market_data"":[""candles""],""markets"":[""kalshi""],""seasons"":[""2025-2026""],""sports"":[""NBA""]}",TRADABLE_YES_BID,1_MINUTE_CANDLE,available_at,CROSS,"{""id"":""entry_iti_stress"",""op"":""CROSS"",""period"":""Q4"",""price_e4"":5900}",REACH,"{""id"":""win_iti_stress"",""op"":""REACH"",""outcome"":""win"",""price_e4"":8500}",REACH,"{""id"":""loss_iti_stress"",""op"":""REACH"",""outcome"":""loss"",""price_e4"":4000}",HOLD_TO_SETTLEMENT,2181a43f020d4f42d4b4f1561254bc0ca5f3ec88cb0e54ccea88bf744dafff51,1.0.0,2026-09-13T06:28:48Z,1.0.0,1.0.0,1.0.0,2026-09-13T06:28:48Z,READY,15,6,7,0.400000,0.466667,2600,1900,1.368421,153.333333,,,,,,,,,,,,,,,,,d0d2cc6f16eb5234240215768cedb527777bc88dc32d36390d3cc26ec182ded4,,,,,,,,,,,,,,,,,,,,,,,,,,,,,,,,,,,,,,,,,,,,,,,,,,,,,,,,,,,,,,,,,,,,,,,,,,,,,3,7,-0.110000,0.009002
weekly,ITI Stress Q4 CROSS 65 REACH 85 40 ITI-02,NBA,NBA,2025-2026,2025-10-10,2025-10-31,"{""date_from"":""2025-10-10"",""date_to"":""2025-10-31"",""game_data"":[""pbp""],""leagues"":[""NBA""],""market_data"":[""candles""],""markets"":[""kalshi""],""seasons"":[""2025-2026""],""sports"":[""NBA""]}",TRADABLE_YES_BID,1_MINUTE_CANDLE,available_at,CROSS,"{""id"":""entry_iti_stress"",""op"":""CROSS"",""period"":""Q4"",""price_e4"":5900}",REACH,"{""id"":""win_iti_stress"",""op"":""REACH"",""outcome"":""win"",""price_e4"":8500}",REACH,"{""id"":""loss_iti_stress"",""op"":""REACH"",""outcome"":""loss"",""price_e4"":4000}",HOLD_TO_SETTLEMENT,2181a43f020d4f42d4b4f1561254bc0ca5f3ec88cb0e54ccea88bf744dafff51,1.0.0,2026-09-13T06:28:48Z,1.0.0,1.0.0,1.0.0,2026-09-13T06:28:48Z,READY,15,6,7,0.400000,0.466667,2600,1900,1.368421,153.333333,,,,,,,,,,,,,,,,,d0d2cc6f16eb5234240215768cedb527777bc88dc32d36390d3cc26ec182ded4,,,,,,,,,,,,,,,,,,,,,,,,,,,,,,,,,,,,,,,,,,,,,,,,,,,,,,,,,,,,,,,,,,,,,,,,,,,,,4,6,-0.080000,0.036757
weekly,ITI Stress Q4 CROSS 65 REACH 85 40 ITI-02,NBA,NBA,2025-2026,2025-10-10,2025-10-31,"{""date_from"":""2025-10-10"",""date_to"":""2025-10-31"",""game_data"":[""pbp""],""leagues"":[""NBA""],""market_data"":[""candles""],""markets"":[""kalshi""],""seasons"":[""2025-2026""],""sports"":[""NBA""]}",TRADABLE_YES_BID,1_MINUTE_CANDLE,available_at,CROSS,"{""id"":""entry_iti_stress"",""op"":""CROSS"",""period"":""Q4"",""price_e4"":5900}",REACH,"{""id"":""win_iti_stress"",""op"":""REACH"",""outcome"":""win"",""price_e4"":8500}",REACH,"{""id"":""loss_iti_stress"",""op"":""REACH"",""outcome"":""loss"",""price_e4"":4000}",HOLD_TO_SETTLEMENT,2181a43f020d4f42d4b4f1561254bc0ca5f3ec88cb0e54ccea88bf744dafff51,1.0.0,2026-09-13T06:28:48Z,1.0.0,1.0.0,1.0.0,2026-09-13T06:28:48Z,READY,15,6,7,0.400000,0.466667,2600,1900,1.368421,153.333333,,,,,,,,,,,,,,,,,d0d2cc6f16eb5234240215768cedb527777bc88dc32d36390d3cc26ec182ded4,,,,,,,,,,,,,,,,,,,,,,,,,,,,,,,,,,,,,,,,,,,,,,,,,,,,,,,,,,,,,,,,,,,,,,,,,,,,,5,5,-0.050000,0.102919
weekly,ITI Stress Q4 CROSS 65 REACH 85 40 ITI-02,NBA,NBA,2025-2026,2025-10-10,2025-10-31,"{""date_from"":""2025-10-10"",""date_to"":""2025-10-31"",""game_data"":[""pbp""],""leagues"":[""NBA""],""market_data"":[""candles""],""markets"":[""kalshi""],""seasons"":[""2025-2026""],""sports"":[""NBA""]}",TRADABLE_YES_BID,1_MINUTE_CANDLE,available_at,CROSS,"{""id"":""entry_iti_stress"",""op"":""CROSS"",""period"":""Q4"",""price_e4"":5900}",REACH,"{""id"":""win_iti_stress"",""op"":""REACH"",""outcome"":""win"",""price_e4"":8500}",REACH,"{""id"":""loss_iti_stress"",""op"":""REACH"",""outcome"":""loss"",""price_e4"":4000}",HOLD_TO_SETTLEMENT,2181a43f020d4f42d4b4f1561254bc0ca5f3ec88cb0e54ccea88bf744dafff51,1.0.0,2026-09-13T06:28:48Z,1.0.0,1.0.0,1.0.0,2026-09-13T06:28:48Z,READY,15,6,7,0.400000,0.466667,2600,1900,1.368421,153.333333,,,,,,,,,,,,,,,,,d0d2cc6f16eb5234240215768cedb527777bc88dc32d36390d3cc26ec182ded4,,,,,,,,,,,,,,,,,,,,,,,,,,,,,,,,,,,,,,,,,,,,,,,,,,,,,,,,,,,,,,,,,,,,,,,,,,,,,6,4,-0.020000,0.200121
weekly,ITI Stress Q4 CROSS 65 REACH 85 40 ITI-02,NBA,NBA,2025-2026,2025-10-10,2025-10-31,"{""date_from"":""2025-10-10"",""date_to"":""2025-10-31"",""game_data"":[""pbp""],""leagues"":[""NBA""],""market_data"":[""candles""],""markets"":[""kalshi""],""seasons"":[""2025-2026""],""sports"":[""NBA""]}",TRADABLE_YES_BID,1_MINUTE_CANDLE,available_at,CROSS,"{""id"":""entry_iti_stress"",""op"":""CROSS"",""period"":""Q4"",""price_e4"":5900}",REACH,"{""id"":""win_iti_stress"",""op"":""REACH"",""outcome"":""win"",""price_e4"":8500}",REACH,"{""id"":""loss_iti_stress"",""op"":""REACH"",""outcome"":""loss"",""price_e4"":4000}",HOLD_TO_SETTLEMENT,2181a43f020d4f42d4b4f1561254bc0ca5f3ec88cb0e54ccea88bf744dafff51,1.0.0,2026-09-13T06:28:48Z,1.0.0,1.0.0,1.0.0,2026-09-13T06:28:48Z,READY,15,6,7,0.400000,0.466667,2600,1900,1.368421,153.333333,,,,,,,,,,,,,,,,,d0d2cc6f16eb5234240215768cedb527777bc88dc32d36390d3cc26ec182ded4,,,,,,,,,,,,,,,,,,,,,,,,,,,,,,,,,,,,,,,,,,,,,,,,,,,,,,,,,,,,,,,,,,,,,,,,,,,,,7,3,0.010000,0.266828
weekly,ITI Stress Q4 CROSS 65 REACH 85 40 ITI-02,NBA,NBA,2025-2026,2025-10-10,2025-10-31,"{""date_from"":""2025-10-10"",""date_to"":""2025-10-31"",""game_data"":[""pbp""],""leagues"":[""NBA""],""market_data"":[""candles""],""markets"":[""kalshi""],""seasons"":[""2025-2026""],""sports"":[""NBA""]}",TRADABLE_YES_BID,1_MINUTE_CANDLE,available_at,CROSS,"{""id"":""entry_iti_stress"",""op"":""CROSS"",""period"":""Q4"",""price_e4"":5900}",REACH,"{""id"":""win_iti_stress"",""op"":""REACH"",""outcome"":""win"",""price_e4"":8500}",REACH,"{""id"":""loss_iti_stress"",""op"":""REACH"",""outcome"":""loss"",""price_e4"":4000}",HOLD_TO_SETTLEMENT,2181a43f020d4f42d4b4f1561254bc0ca5f3ec88cb0e54ccea88bf744dafff51,1.0.0,2026-09-13T06:28:48Z,1.0.0,1.0.0,1.0.0,2026-09-13T06:28:48Z,READY,15,6,7,0.400000,0.466667,2600,1900,1.368421,153.333333,,,,,,,,,,,,,,,,,d0d2cc6f16eb5234240215768cedb527777bc88dc32d36390d3cc26ec182ded4,,,,,,,,,,,,,,,,,,,,,,,,,,,,,,,,,,,,,,,,,,,,,,,,,,,,,,,,,,,,,,,,,,,,,,,,,,,,,8,2,0.040000,0.233474
weekly,ITI Stress Q4 CROSS 65 REACH 85 40 ITI-02,NBA,NBA,2025-2026,2025-10-10,2025-10-31,"{""date_from"":""2025-10-10"",""date_to"":""2025-10-31"",""game_data"":[""pbp""],""leagues"":[""NBA""],""market_data"":[""candles""],""markets"":[""kalshi""],""seasons"":[""2025-2026""],""sports"":[""NBA""]}",TRADABLE_YES_BID,1_MINUTE_CANDLE,available_at,CROSS,"{""id"":""entry_iti_stress"",""op"":""CROSS"",""period"":""Q4"",""price_e4"":5900}",REACH,"{""id"":""win_iti_stress"",""op"":""REACH"",""outcome"":""win"",""price_e4"":8500}",REACH,"{""id"":""loss_iti_stress"",""op"":""REACH"",""outcome"":""loss"",""price_e4"":4000}",HOLD_TO_SETTLEMENT,2181a43f020d4f42d4b4f1561254bc0ca5f3ec88cb0e54ccea88bf744dafff51,1.0.0,2026-09-13T06:28:48Z,1.0.0,1.0.0,1.0.0,2026-09-13T06:28:48Z,READY,15,6,7,0.400000,0.466667,2600,1900,1.368421,153.333333,,,,,,,,,,,,,,,,,d0d2cc6f16eb5234240215768cedb527777bc88dc32d36390d3cc26ec182ded4,,,,,,,,,,,,,,,,,,,,,,,,,,,,,,,,,,,,,,,,,,,,,,,,,,,,,,,,,,,,,,,,,,,,,,,,,,,,,9,1,0.070000,0.121061
weekly,ITI Stress Q4 CROSS 65 REACH 85 40 ITI-02,NBA,NBA,2025-2026,2025-10-10,2025-10-31,"{""date_from"":""2025-10-10"",""date_to"":""2025-10-31"",""game_data"":[""pbp""],""leagues"":[""NBA""],""market_data"":[""candles""],""markets"":[""kalshi""],""seasons"":[""2025-2026""],""sports"":[""NBA""]}",TRADABLE_YES_BID,1_MINUTE_CANDLE,available_at,CROSS,"{""id"":""entry_iti_stress"",""op"":""CROSS"",""period"":""Q4"",""price_e4"":5900}",REACH,"{""id"":""win_iti_stress"",""op"":""REACH"",""outcome"":""win"",""price_e4"":8500}",REACH,"{""id"":""loss_iti_stress"",""op"":""REACH"",""outcome"":""loss"",""price_e4"":4000}",HOLD_TO_SETTLEMENT,2181a43f020d4f42d4b4f1561254bc0ca5f3ec88cb0e54ccea88bf744dafff51,1.0.0,2026-09-13T06:28:48Z,1.0.0,1.0.0,1.0.0,2026-09-13T06:28:48Z,READY,15,6,7,0.400000,0.466667,2600,1900,1.368421,153.333333,,,,,,,,,,,,,,,,,d0d2cc6f16eb5234240215768cedb527777bc88dc32d36390d3cc26ec182ded4,,,,,,,,,,,,,,,,,,,,,,,,,,,,,,,,,,,,,,,,,,,,,,,,,,,,,,,,,,,,,,,,,,,,,,,,,,,,,10,0,0.100000,0.028248
row,ITI Stress Q4 CROSS 65 REACH 85 40 ITI-02,NBA,NBA,2025-2026,2025-10-10,2025-10-31,"{""date_from"":""2025-10-10"",""date_to"":""2025-10-31"",""game_data"":[""pbp""],""leagues"":[""NBA""],""market_data"":[""candles""],""markets"":[""kalshi""],""seasons"":[""2025-2026""],""sports"":[""NBA""]}",TRADABLE_YES_BID,1_MINUTE_CANDLE,available_at,CROSS,"{""id"":""entry_iti_stress"",""op"":""CROSS"",""period"":""Q4"",""price_e4"":5900}",REACH,"{""id"":""win_iti_stress"",""op"":""REACH"",""outcome"":""win"",""price_e4"":8500}",REACH,"{""id"":""loss_iti_stress"",""op"":""REACH"",""outcome"":""loss"",""price_e4"":4000}",HOLD_TO_SETTLEMENT,2181a43f020d4f42d4b4f1561254bc0ca5f3ec88cb0e54ccea88bf744dafff51,1.0.0,2026-09-13T06:28:48Z,1.0.0,1.0.0,1.0.0,2026-09-13T06:28:48Z,READY,15,6,7,0.400000,0.466667,2600,1900,1.368421,153.333333,NBA_20251010_UTA_SAS,KXNBAGAME-25OCT10UTASAS-UTA,2025-10-11T02:23:00Z,6900,CROSS,Q4,PT05M32.00S,,,,2025-10-11T02:32:00Z,4000,REACH,LOSS,NO,0,d0d2cc6f16eb5234240215768cedb527777bc88dc32d36390d3cc26ec182ded4,,,,,,,,,,,,,,,,,,,,,,,,,,,,,,,,,,,,,,,,,,,,,,,,,,,,,,,,,,,,,,,,,,,,,,,,,,,,,,,,
row,ITI Stress Q4 CROSS 65 REACH 85 40 ITI-02,NBA,NBA,2025-2026,2025-10-10,2025-10-31,"{""date_from"":""2025-10-10"",""date_to"":""2025-10-31"",""game_data"":[""pbp""],""leagues"":[""NBA""],""market_data"":[""candles""],""markets"":[""kalshi""],""seasons"":[""2025-2026""],""sports"":[""NBA""]}",TRADABLE_YES_BID,1_MINUTE_CANDLE,available_at,CROSS,"{""id"":""entry_iti_stress"",""op"":""CROSS"",""period"":""Q4"",""price_e4"":5900}",REACH,"{""id"":""win_iti_stress"",""op"":""REACH"",""outcome"":""win"",""price_e4"":8500}",REACH,"{""id"":""loss_iti_stress"",""op"":""REACH"",""outcome"":""loss"",""price_e4"":4000}",HOLD_TO_SETTLEMENT,2181a43f020d4f42d4b4f1561254bc0ca5f3ec88cb0e54ccea88bf744dafff51,1.0.0,2026-09-13T06:28:48Z,1.0.0,1.0.0,1.0.0,2026-09-13T06:28:48Z,READY,15,6,7,0.400000,0.466667,2600,1900,1.368421,153.333333,NBA_20251012_BKN_PHX,KXNBAGAME-25OCT12BKNPHX-BKN,2025-10-12T13:27:00Z,6400,CROSS,Q4,PT01M05.00S,2025-10-12T13:36:00Z,9700,REACH,,,,WIN,YES,10000,d0d2cc6f16eb5234240215768cedb527777bc88dc32d36390d3cc26ec182ded4,,,,,,,,,,,,,,,,,,,,,,,,,,,,,,,,,,,,,,,,,,,,,,,,,,,,,,,,,,,,,,,,,,,,,,,,,,,,,,,,
row,ITI Stress Q4 CROSS 65 REACH 85 40 ITI-02,NBA,NBA,2025-2026,2025-10-10,2025-10-31,"{""date_from"":""2025-10-10"",""date_to"":""2025-10-31"",""game_data"":[""pbp""],""leagues"":[""NBA""],""market_data"":[""candles""],""markets"":[""kalshi""],""seasons"":[""2025-2026""],""sports"":[""NBA""]}",TRADABLE_YES_BID,1_MINUTE_CANDLE,available_at,CROSS,"{""id"":""entry_iti_stress"",""op"":""CROSS"",""period"":""Q4"",""price_e4"":5900}",REACH,"{""id"":""win_iti_stress"",""op"":""REACH"",""outcome"":""win"",""price_e4"":8500}",REACH,"{""id"":""loss_iti_stress"",""op"":""REACH"",""outcome"":""loss"",""price_e4"":4000}",HOLD_TO_SETTLEMENT,2181a43f020d4f42d4b4f1561254bc0ca5f3ec88cb0e54ccea88bf744dafff51,1.0.0,2026-09-13T06:28:48Z,1.0.0,1.0.0,1.0.0,2026-09-13T06:28:48Z,READY,15,6,7,0.400000,0.466667,2600,1900,1.368421,153.333333,NBA_20251012_DEN_LAC,KXNBAGAME-25OCT12DENLAC-DEN,2025-10-13T03:59:00Z,6300,CROSS,Q4,PT01M23.00S,2025-10-13T04:00:00Z,9200,REACH,,,,WIN,YES,10000,d0d2cc6f16eb5234240215768cedb527777bc88dc32d36390d3cc26ec182ded4,,,,,,,,,,,,,,,,,,,,,,,,,,,,,,,,,,,,,,,,,,,,,,,,,,,,,,,,,,,,,,,,,,,,,,,,,,,,,,,,
row,ITI Stress Q4 CROSS 65 REACH 85 40 ITI-02,NBA,NBA,2025-2026,2025-10-10,2025-10-31,"{""date_from"":""2025-10-10"",""date_to"":""2025-10-31"",""game_data"":[""pbp""],""leagues"":[""NBA""],""market_data"":[""candles""],""markets"":[""kalshi""],""seasons"":[""2025-2026""],""sports"":[""NBA""]}",TRADABLE_YES_BID,1_MINUTE_CANDLE,available_at,CROSS,"{""id"":""entry_iti_stress"",""op"":""CROSS"",""period"":""Q4"",""price_e4"":5900}",REACH,"{""id"":""win_iti_stress"",""op"":""REACH"",""outcome"":""win"",""price_e4"":8500}",REACH,"{""id"":""loss_iti_stress"",""op"":""REACH"",""outcome"":""loss"",""price_e4"":4000}",HOLD_TO_SETTLEMENT,2181a43f020d4f42d4b4f1561254bc0ca5f3ec88cb0e54ccea88bf744dafff51,1.0.0,2026-09-13T06:28:48Z,1.0.0,1.0.0,1.0.0,2026-09-13T06:28:48Z,READY,15,6,7,0.400000,0.466667,2600,1900,1.368421,153.333333,NBA_20251012_TOR_WAS,KXNBAGAME-25OCT12TORWAS-WAS,2025-10-12T21:36:00Z,9900,CROSS,Q4,PT00M00.80S,2025-10-12T21:38:00Z,100,REACH,2025-10-12T21:38:00Z,100,REACH,SAME_BAR_TIE,NO,0,d0d2cc6f16eb5234240215768cedb527777bc88dc32d36390d3cc26ec182ded4,,,,,,,,,,,,,,,,,,,,,,,,,,,,,,,,,,,,,,,,,,,,,,,,,,,,,,,,,,,,,,,,,,,,,,,,,,,,,,,,
row,ITI Stress Q4 CROSS 65 REACH 85 40 ITI-02,NBA,NBA,2025-2026,2025-10-10,2025-10-31,"{""date_from"":""2025-10-10"",""date_to"":""2025-10-31"",""game_data"":[""pbp""],""leagues"":[""NBA""],""market_data"":[""candles""],""markets"":[""kalshi""],""seasons"":[""2025-2026""],""sports"":[""NBA""]}",TRADABLE_YES_BID,1_MINUTE_CANDLE,available_at,CROSS,"{""id"":""entry_iti_stress"",""op"":""CROSS"",""period"":""Q4"",""price_e4"":5900}",REACH,"{""id"":""win_iti_stress"",""op"":""REACH"",""outcome"":""win"",""price_e4"":8500}",REACH,"{""id"":""loss_iti_stress"",""op"":""REACH"",""outcome"":""loss"",""price_e4"":4000}",HOLD_TO_SETTLEMENT,2181a43f020d4f42d4b4f1561254bc0ca5f3ec88cb0e54ccea88bf744dafff51,1.0.0,2026-09-13T06:28:48Z,1.0.0,1.0.0,1.0.0,2026-09-13T06:28:48Z,READY,15,6,7,0.400000,0.466667,2600,1900,1.368421,153.333333,NBA_20251016_MIN_CHI,KXNBAGAME-25OCT16MINCHI-CHI,2025-10-17T01:58:00Z,6300,CROSS,Q4,PT09M40.00S,,,,2025-10-17T02:05:00Z,3500,REACH,LOSS,YES,10000,d0d2cc6f16eb5234240215768cedb527777bc88dc32d36390d3cc26ec182ded4,,,,,,,,,,,,,,,,,,,,,,,,,,,,,,,,,,,,,,,,,,,,,,,,,,,,,,,,,,,,,,,,,,,,,,,,,,,,,,,,
row,ITI Stress Q4 CROSS 65 REACH 85 40 ITI-02,NBA,NBA,2025-2026,2025-10-10,2025-10-31,"{""date_from"":""2025-10-10"",""date_to"":""2025-10-31"",""game_data"":[""pbp""],""leagues"":[""NBA""],""market_data"":[""candles""],""markets"":[""kalshi""],""seasons"":[""2025-2026""],""sports"":[""NBA""]}",TRADABLE_YES_BID,1_MINUTE_CANDLE,available_at,CROSS,"{""id"":""entry_iti_stress"",""op"":""CROSS"",""period"":""Q4"",""price_e4"":5900}",REACH,"{""id"":""win_iti_stress"",""op"":""REACH"",""outcome"":""win"",""price_e4"":8500}",REACH,"{""id"":""loss_iti_stress"",""op"":""REACH"",""outcome"":""loss"",""price_e4"":4000}",HOLD_TO_SETTLEMENT,2181a43f020d4f42d4b4f1561254bc0ca5f3ec88cb0e54ccea88bf744dafff51,1.0.0,2026-09-13T06:28:48Z,1.0.0,1.0.0,1.0.0,2026-09-13T06:28:48Z,READY,15,6,7,0.400000,0.466667,2600,1900,1.368421,153.333333,NBA_20251017_SAC_LAL,KXNBAGAME-25OCT17SACLAL-SAC,2025-10-18T04:51:00Z,6700,CROSS,Q4,PT00M17.70S,2025-10-18T04:53:00Z,9000,REACH,,,,WIN,YES,10000,d0d2cc6f16eb5234240215768cedb527777bc88dc32d36390d3cc26ec182ded4,,,,,,,,,,,,,,,,,,,,,,,,,,,,,,,,,,,,,,,,,,,,,,,,,,,,,,,,,,,,,,,,,,,,,,,,,,,,,,,,
row,ITI Stress Q4 CROSS 65 REACH 85 40 ITI-02,NBA,NBA,2025-2026,2025-10-10,2025-10-31,"{""date_from"":""2025-10-10"",""date_to"":""2025-10-31"",""game_data"":[""pbp""],""leagues"":[""NBA""],""market_data"":[""candles""],""markets"":[""kalshi""],""seasons"":[""2025-2026""],""sports"":[""NBA""]}",TRADABLE_YES_BID,1_MINUTE_CANDLE,available_at,CROSS,"{""id"":""entry_iti_stress"",""op"":""CROSS"",""period"":""Q4"",""price_e4"":5900}",REACH,"{""id"":""win_iti_stress"",""op"":""REACH"",""outcome"":""win"",""price_e4"":8500}",REACH,"{""id"":""loss_iti_stress"",""op"":""REACH"",""outcome"":""loss"",""price_e4"":4000}",HOLD_TO_SETTLEMENT,2181a43f020d4f42d4b4f1561254bc0ca5f3ec88cb0e54ccea88bf744dafff51,1.0.0,2026-09-13T06:28:48Z,1.0.0,1.0.0,1.0.0,2026-09-13T06:28:48Z,READY,15,6,7,0.400000,0.466667,2600,1900,1.368421,153.333333,NBA_20251022_MIA_ORL,KXNBAGAME-25OCT22MIAORL-MIA,2025-10-23T01:06:00Z,5900,CROSS,Q4,PT08M25.00S,,,,2025-10-23T01:23:00Z,2600,REACH,LOSS,NO,0,d0d2cc6f16eb5234240215768cedb527777bc88dc32d36390d3cc26ec182ded4,,,,,,,,,,,,,,,,,,,,,,,,,,,,,,,,,,,,,,,,,,,,,,,,,,,,,,,,,,,,,,,,,,,,,,,,,,,,,,,,
row,ITI Stress Q4 CROSS 65 REACH 85 40 ITI-02,NBA,NBA,2025-2026,2025-10-10,2025-10-31,"{""date_from"":""2025-10-10"",""date_to"":""2025-10-31"",""game_data"":[""pbp""],""leagues"":[""NBA""],""market_data"":[""candles""],""markets"":[""kalshi""],""seasons"":[""2025-2026""],""sports"":[""NBA""]}",TRADABLE_YES_BID,1_MINUTE_CANDLE,available_at,CROSS,"{""id"":""entry_iti_stress"",""op"":""CROSS"",""period"":""Q4"",""price_e4"":5900}",REACH,"{""id"":""win_iti_stress"",""op"":""REACH"",""outcome"":""win"",""price_e4"":8500}",REACH,"{""id"":""loss_iti_stress"",""op"":""REACH"",""outcome"":""loss"",""price_e4"":4000}",HOLD_TO_SETTLEMENT,2181a43f020d4f42d4b4f1561254bc0ca5f3ec88cb0e54ccea88bf744dafff51,1.0.0,2026-09-13T06:28:48Z,1.0.0,1.0.0,1.0.0,2026-09-13T06:28:48Z,READY,15,6,7,0.400000,0.466667,2600,1900,1.368421,153.333333,NBA_20251022_PHI_BOS,KXNBAGAME-25OCT22PHIBOS-PHI,2025-10-23T01:57:00Z,6000,CROSS,Q4,PT00M55.80S,2025-10-23T02:02:00Z,9000,REACH,,,,WIN,YES,10000,d0d2cc6f16eb5234240215768cedb527777bc88dc32d36390d3cc26ec182ded4,,,,,,,,,,,,,,,,,,,,,,,,,,,,,,,,,,,,,,,,,,,,,,,,,,,,,,,,,,,,,,,,,,,,,,,,,,,,,,,,
row,ITI Stress Q4 CROSS 65 REACH 85 40 ITI-02,NBA,NBA,2025-2026,2025-10-10,2025-10-31,"{""date_from"":""2025-10-10"",""date_to"":""2025-10-31"",""game_data"":[""pbp""],""leagues"":[""NBA""],""market_data"":[""candles""],""markets"":[""kalshi""],""seasons"":[""2025-2026""],""sports"":[""NBA""]}",TRADABLE_YES_BID,1_MINUTE_CANDLE,available_at,CROSS,"{""id"":""entry_iti_stress"",""op"":""CROSS"",""period"":""Q4"",""price_e4"":5900}",REACH,"{""id"":""win_iti_stress"",""op"":""REACH"",""outcome"":""win"",""price_e4"":8500}",REACH,"{""id"":""loss_iti_stress"",""op"":""REACH"",""outcome"":""loss"",""price_e4"":4000}",HOLD_TO_SETTLEMENT,2181a43f020d4f42d4b4f1561254bc0ca5f3ec88cb0e54ccea88bf744dafff51,1.0.0,2026-09-13T06:28:48Z,1.0.0,1.0.0,1.0.0,2026-09-13T06:28:48Z,READY,15,6,7,0.400000,0.466667,2600,1900,1.368421,153.333333,NBA_20251023_OKC_IND,KXNBAGAME-25OCT23OKCIND-IND,2025-10-24T02:09:00Z,6300,CROSS,Q4,PT02M57.00S,,,,2025-10-24T02:13:00Z,4000,REACH,LOSS,NO,0,d0d2cc6f16eb5234240215768cedb527777bc88dc32d36390d3cc26ec182ded4,,,,,,,,,,,,,,,,,,,,,,,,,,,,,,,,,,,,,,,,,,,,,,,,,,,,,,,,,,,,,,,,,,,,,,,,,,,,,,,,
row,ITI Stress Q4 CROSS 65 REACH 85 40 ITI-02,NBA,NBA,2025-2026,2025-10-10,2025-10-31,"{""date_from"":""2025-10-10"",""date_to"":""2025-10-31"",""game_data"":[""pbp""],""leagues"":[""NBA""],""market_data"":[""candles""],""markets"":[""kalshi""],""seasons"":[""2025-2026""],""sports"":[""NBA""]}",TRADABLE_YES_BID,1_MINUTE_CANDLE,available_at,CROSS,"{""id"":""entry_iti_stress"",""op"":""CROSS"",""period"":""Q4"",""price_e4"":5900}",REACH,"{""id"":""win_iti_stress"",""op"":""REACH"",""outcome"":""win"",""price_e4"":8500}",REACH,"{""id"":""loss_iti_stress"",""op"":""REACH"",""outcome"":""loss"",""price_e4"":4000}",HOLD_TO_SETTLEMENT,2181a43f020d4f42d4b4f1561254bc0ca5f3ec88cb0e54ccea88bf744dafff51,1.0.0,2026-09-13T06:28:48Z,1.0.0,1.0.0,1.0.0,2026-09-13T06:28:48Z,READY,15,6,7,0.400000,0.466667,2600,1900,1.368421,153.333333,NBA_20251024_ATL_ORL,KXNBAGAME-25OCT24ATLORL-ATL,2025-10-25T01:18:00Z,6000,CROSS,Q4,PT05M08.00S,2025-10-25T01:38:00Z,9600,REACH,,,,WIN,YES,10000,d0d2cc6f16eb5234240215768cedb527777bc88dc32d36390d3cc26ec182ded4,,,,,,,,,,,,,,,,,,,,,,,,,,,,,,,,,,,,,,,,,,,,,,,,,,,,,,,,,,,,,,,,,,,,,,,,,,,,,,,,
row,ITI Stress Q4 CROSS 65 REACH 85 40 ITI-02,NBA,NBA,2025-2026,2025-10-10,2025-10-31,"{""date_from"":""2025-10-10"",""date_to"":""2025-10-31"",""game_data"":[""pbp""],""leagues"":[""NBA""],""market_data"":[""candles""],""markets"":[""kalshi""],""seasons"":[""2025-2026""],""sports"":[""NBA""]}",TRADABLE_YES_BID,1_MINUTE_CANDLE,available_at,CROSS,"{""id"":""entry_iti_stress"",""op"":""CROSS"",""period"":""Q4"",""price_e4"":5900}",REACH,"{""id"":""win_iti_stress"",""op"":""REACH"",""outcome"":""win"",""price_e4"":8500}",REACH,"{""id"":""loss_iti_stress"",""op"":""REACH"",""outcome"":""loss"",""price_e4"":4000}",HOLD_TO_SETTLEMENT,2181a43f020d4f42d4b4f1561254bc0ca5f3ec88cb0e54ccea88bf744dafff51,1.0.0,2026-09-13T06:28:48Z,1.0.0,1.0.0,1.0.0,2026-09-13T06:28:48Z,READY,15,6,7,0.400000,0.466667,2600,1900,1.368421,153.333333,NBA_20251024_DET_HOU,KXNBAGAME-25OCT24DETHOU-DET,2025-10-25T02:37:00Z,6200,CROSS,Q4,PT03M34.00S,,,,2025-10-25T02:51:00Z,2800,REACH,LOSS,YES,10000,d0d2cc6f16eb5234240215768cedb527777bc88dc32d36390d3cc26ec182ded4,,,,,,,,,,,,,,,,,,,,,,,,,,,,,,,,,,,,,,,,,,,,,,,,,,,,,,,,,,,,,,,,,,,,,,,,,,,,,,,,
row,ITI Stress Q4 CROSS 65 REACH 85 40 ITI-02,NBA,NBA,2025-2026,2025-10-10,2025-10-31,"{""date_from"":""2025-10-10"",""date_to"":""2025-10-31"",""game_data"":[""pbp""],""leagues"":[""NBA""],""market_data"":[""candles""],""markets"":[""kalshi""],""seasons"":[""2025-2026""],""sports"":[""NBA""]}",TRADABLE_YES_BID,1_MINUTE_CANDLE,available_at,CROSS,"{""id"":""entry_iti_stress"",""op"":""CROSS"",""period"":""Q4"",""price_e4"":5900}",REACH,"{""id"":""win_iti_stress"",""op"":""REACH"",""outcome"":""win"",""price_e4"":8500}",REACH,"{""id"":""loss_iti_stress"",""op"":""REACH"",""outcome"":""loss"",""price_e4"":4000}",HOLD_TO_SETTLEMENT,2181a43f020d4f42d4b4f1561254bc0ca5f3ec88cb0e54ccea88bf744dafff51,1.0.0,2026-09-13T06:28:48Z,1.0.0,1.0.0,1.0.0,2026-09-13T06:28:48Z,READY,15,6,7,0.400000,0.466667,2600,1900,1.368421,153.333333,NBA_20251024_SAS_NOP,KXNBAGAME-25OCT24SASNOP-NOP,2025-10-25T02:01:00Z,5900,CROSS,Q4,PT09M58.00S,,,,2025-10-25T02:10:00Z,3800,REACH,LOSS,NO,0,d0d2cc6f16eb5234240215768cedb527777bc88dc32d36390d3cc26ec182ded4,,,,,,,,,,,,,,,,,,,,,,,,,,,,,,,,,,,,,,,,,,,,,,,,,,,,,,,,,,,,,,,,,,,,,,,,,,,,,,,,
row,ITI Stress Q4 CROSS 65 REACH 85 40 ITI-02,NBA,NBA,2025-2026,2025-10-10,2025-10-31,"{""date_from"":""2025-10-10"",""date_to"":""2025-10-31"",""game_data"":[""pbp""],""leagues"":[""NBA""],""market_data"":[""candles""],""markets"":[""kalshi""],""seasons"":[""2025-2026""],""sports"":[""NBA""]}",TRADABLE_YES_BID,1_MINUTE_CANDLE,available_at,CROSS,"{""id"":""entry_iti_stress"",""op"":""CROSS"",""period"":""Q4"",""price_e4"":5900}",REACH,"{""id"":""win_iti_stress"",""op"":""REACH"",""outcome"":""win"",""price_e4"":8500}",REACH,"{""id"":""loss_iti_stress"",""op"":""REACH"",""outcome"":""loss"",""price_e4"":4000}",HOLD_TO_SETTLEMENT,2181a43f020d4f42d4b4f1561254bc0ca5f3ec88cb0e54ccea88bf744dafff51,1.0.0,2026-09-13T06:28:48Z,1.0.0,1.0.0,1.0.0,2026-09-13T06:28:48Z,READY,15,6,7,0.400000,0.466667,2600,1900,1.368421,153.333333,NBA_20251028_SAC_OKC,KXNBAGAME-25OCT28SACOKC-SAC,2025-10-29T02:03:00Z,6800,CROSS,Q4,PT06M13.00S,,,,2025-10-29T02:07:00Z,3800,REACH,LOSS,NO,0,d0d2cc6f16eb5234240215768cedb527777bc88dc32d36390d3cc26ec182ded4,,,,,,,,,,,,,,,,,,,,,,,,,,,,,,,,,,,,,,,,,,,,,,,,,,,,,,,,,,,,,,,,,,,,,,,,,,,,,,,,
row,ITI Stress Q4 CROSS 65 REACH 85 40 ITI-02,NBA,NBA,2025-2026,2025-10-10,2025-10-31,"{""date_from"":""2025-10-10"",""date_to"":""2025-10-31"",""game_data"":[""pbp""],""leagues"":[""NBA""],""market_data"":[""candles""],""markets"":[""kalshi""],""seasons"":[""2025-2026""],""sports"":[""NBA""]}",TRADABLE_YES_BID,1_MINUTE_CANDLE,available_at,CROSS,"{""id"":""entry_iti_stress"",""op"":""CROSS"",""period"":""Q4"",""price_e4"":5900}",REACH,"{""id"":""win_iti_stress"",""op"":""REACH"",""outcome"":""win"",""price_e4"":8500}",REACH,"{""id"":""loss_iti_stress"",""op"":""REACH"",""outcome"":""loss"",""price_e4"":4000}",HOLD_TO_SETTLEMENT,2181a43f020d4f42d4b4f1561254bc0ca5f3ec88cb0e54ccea88bf744dafff51,1.0.0,2026-09-13T06:28:48Z,1.0.0,1.0.0,1.0.0,2026-09-13T06:28:48Z,READY,15,6,7,0.400000,0.466667,2600,1900,1.368421,153.333333,NBA_20251030_GSW_MIL,KXNBAGAME-25OCT30GSWMIL-MIL,2025-10-31T02:14:00Z,5900,CROSS,Q4,PT05M48.00S,2025-10-31T02:25:00Z,9700,REACH,,,,WIN,YES,10000,d0d2cc6f16eb5234240215768cedb527777bc88dc32d36390d3cc26ec182ded4,,,,,,,,,,,,,,,,,,,,,,,,,,,,,,,,,,,,,,,,,,,,,,,,,,,,,,,,,,,,,,,,,,,,,,,,,,,,,,,,
row,ITI Stress Q4 CROSS 65 REACH 85 40 ITI-02,NBA,NBA,2025-2026,2025-10-10,2025-10-31,"{""date_from"":""2025-10-10"",""date_to"":""2025-10-31"",""game_data"":[""pbp""],""leagues"":[""NBA""],""market_data"":[""candles""],""markets"":[""kalshi""],""seasons"":[""2025-2026""],""sports"":[""NBA""]}",TRADABLE_YES_BID,1_MINUTE_CANDLE,available_at,CROSS,"{""id"":""entry_iti_stress"",""op"":""CROSS"",""period"":""Q4"",""price_e4"":5900}",REACH,"{""id"":""win_iti_stress"",""op"":""REACH"",""outcome"":""win"",""price_e4"":8500}",REACH,"{""id"":""loss_iti_stress"",""op"":""REACH"",""outcome"":""loss"",""price_e4"":4000}",HOLD_TO_SETTLEMENT,2181a43f020d4f42d4b4f1561254bc0ca5f3ec88cb0e54ccea88bf744dafff51,1.0.0,2026-09-13T06:28:48Z,1.0.0,1.0.0,1.0.0,2026-09-13T06:28:48Z,READY,15,6,7,0.400000,0.466667,2600,1900,1.368421,153.333333,NBA_20251031_DEN_POR,KXNBAGAME-25OCT31DENPOR-POR,2025-11-01T04:52:00Z,9000,CROSS,Q4,PT00M01.40S,2025-11-01T04:56:00Z,0,REACH,2025-11-01T04:56:00Z,0,REACH,SAME_BAR_TIE,YES,10000,d0d2cc6f16eb5234240215768cedb527777bc88dc32d36390d3cc26ec182ded4,,,,,,,,,,,,,,,,,,,,,,,,,,,,,,,,,,,,,,,,,,,,,,,,,,,,,,,,,,,,,,,,,,,,,,,,,,,,,,,,
