ts,kind,realized_accounting_equity_cents,bid_marked_gross_equity_cents,bid_marked_net_of_estimated_exit_fee_cents
1762040760,entry,1999538,2008766,2008404
1762044875,exit,2033374,2033374,2033374
1762044875,cash,2033374,2033374,2033374
1762126920,entry,2032912,2034450,2034003
1762129620,entry,2032450,2060134,2059559
1762134585,exit,2066286,2098584,2098557
1762134585,cash,2066286,2098584,2098557
1762135181,exit,2100122,2100122,2100122
1762135181,cash,2100122,2100122,2100122
1762136700,entry,2099660,2099660,2099198
1762140540,entry,2099198,2133034,2132560
1762141754,exit,2133034,2146876,2146571
1762141754,cash,2133034,2146876,2146571
1762147758,exit,2166870,2166870,2166870
1762147758,cash,2166870,2166870,2166870
1762222080,entry,2166408,2166408,2165946
1762229674,exit,2200244,2200244,2200244
1762229674,cash,2200244,2200244,2200244
1762230540,entry,2199782,2199782,2199320
1762232160,exit,2182268,2182268,2182268
1762232160,cash,2182268,2182268,2182268
1762306260,entry,2181806,2191034,2190672
1762309200,entry,2181344,2209028,2208462
1762312773,exit,2215180,2245940,2245887
1762312773,cash,2215180,2245940,2245887
1762316358,exit,2249016,2249016,2249016
1762316358,cash,2249016,2249016,2249016
1762321920,entry,2248554,2248554,2248092
1762325656,exit,2282390,2282390,2282390
1762325656,cash,2282390,2282390,2282390
1762395060,entry,2281862,2283617,2283107
1762399475,exit,2320472,2320472,2320472
1762399475,cash,2320472,2320472,2320472
1762405500,entry,2319944,2321699,2321189
1762407300,exit,2299959,2299959,2299959
1762407300,cash,2299959,2299959,2299959
1762486320,entry,2299431,2299431,2298903
1762491260,exit,2338041,2338041,2338041
1762491260,cash,2338041,2338041,2338041
1762565160,entry,2337513,2339268,2338758
1762565220,entry,2336985,2333475,2332386
1762565280,entry,2336457,2327682,2326017
1762566120,exit,2316472,2344552,2343886
1762566120,cash,2316472,2344552,2343886
1762567140,exit,2296487,2331587,2331526
1762567140,cash,2296487,2331587,2331526
1762569000,entry,2295959,2336324,2335801
1762570911,exit,2334569,2334569,2334041
1762570911,cash,2334569,2334569,2334041
1762574332,exit,2373179,2373179,2373179
1762574332,cash,2373179,2373179,2373179
1762654560,entry,2372651,2372651,2372123
1762655340,exit,2352666,2352666,2352666
1762655340,cash,2352666,2352666,2352666
1762655340,entry,2352138,2359158,2358704
1762656000,entry,2351610,2388465,2387883
1762656660,exit,2331625,2368480,2368449
1762656660,cash,2331625,2368480,2368449
1762658944,exit,2370235,2370235,2370235
1762658944,cash,2370235,2370235,2370235
1762664460,entry,2369687,2378802,2378351
1762665660,exit,2348928,2348928,2348928
1762665660,cash,2348928,2348928,2348928
1762717680,entry,2348380,2352026,2351515
1762730452,exit,2388486,2388486,2388486
1762730452,cash,2388486,2388486,2388486
1762740360,entry,2387938,2393407,2392916
1762743300,entry,2387390,2401974,2401037
1762749936,exit,2427496,2465779,2465747
1762749936,cash,2427496,2465779,2465747
1762751625,exit,2467602,2467602,2467602
1762751625,cash,2467602,2467602,2467602
1762824600,entry,2467054,2474346,2473875
1762825920,entry,2466506,2488382,2487546
1762827960,exit,2445747,2482207,2482144
1762827960,cash,2445747,2482207,2482144
1762833056,exit,2485853,2485853,2485853
1762833056,cash,2485853,2485853,2485853
1762908240,entry,2485305,2494420,2493969
1762910880,entry,2484757,2471996,2470796
1762914840,entry,2484209,2566244,2565668
1762916700,exit,2463450,2512671,2512210
1762916700,cash,2463450,2512671,2512210
1762916880,entry,2462902,2499362,2498217
1762919197,exit,2503008,2566813,2566546
1762919197,cash,2503008,2566813,2566546
1762920977,exit,2543114,2579574,2579511
1762920977,cash,2543114,2579574,2579511
1762924729,exit,2583220,2583220,2583220
1762924729,cash,2583220,2583220,2583220
1762995900,entry,2582623,2588584,2588048
1762996200,entry,2582026,2599909,2598908
1762997220,entry,2581429,2587390,2585711
1762997280,exit,2558803,2588608,2587745
1762997280,cash,2558803,2588608,2587745
1763000640,entry,2558206,2643647,2642955
1763001060,entry,2557609,2670868,2669970
1763003052,exit,2601323,2714582,2714285
1763003052,cash,2601323,2714582,2714285
1763003948,exit,2645037,2716569,2716307
1763003948,cash,2645037,2716569,2716307
1763006476,exit,2688751,2726504,2726402
1763006476,cash,2688751,2726504,2726402
1763009028,exit,2732465,2732465,2732465
1763009028,cash,2732465,2732465,2732465
1763077260,entry,2731868,2743790,2743322
1763085942,exit,2775582,2775582,2775582
1763085942,cash,2775582,2775582,2775582
1763088180,entry,2774985,2776972,2776395
1763097532,exit,2818699,2818699,2818699
1763097532,cash,2818699,2818699,2818699
1763169360,entry,2818102,2818102,2817505
1763171880,exit,2795476,2795476,2795476
1763171880,cash,2795476,2795476,2795476
1763172840,entry,2794879,2798853,2798296
1763173440,exit,2772253,2772253,2772253
1763173440,cash,2772253,2772253,2772253
1763175720,entry,2771656,2785565,2785121
1763177220,exit,2749030,2749030,2749030
1763177220,cash,2749030,2749030,2749030
1763253720,entry,2748395,2748395,2747760
1763254560,exit,2724323,2724323,2724323
1763254560,cash,2724323,2724323,2724323
1763254620,entry,2723688,2723688,2723053
1763258220,entry,2723053,2761105,2760315
1763262537,exit,2769561,2809727,2809619
1763262537,cash,2769561,2809727,2809619
1763262540,entry,2768926,2815434,2814736
1763266342,exit,2815434,2859828,2859791
1763266342,cash,2815434,2859828,2859791
1763267029,exit,2861942,2861942,2861942
1763267029,cash,2861942,2861942,2861942
1763340960,entry,2861307,2863421,2862807
1763344440,exit,2907815,2907815,2907815
1763344440,cash,2907815,2907815,2907815
1763345220,entry,2907180,2909294,2908680
1763348100,entry,2906545,2912887,2911722
1763348760,exit,2882473,2926867,2926830
1763348760,cash,2882473,2926867,2926830
1763349660,exit,2858401,2858401,2858401
1763349660,cash,2858401,2858401,2858401
1763429580,entry,2857766,2857766,2857131
1763430900,exit,2833694,2833694,2833694
1763430900,cash,2833694,2833694,2833694
1763511300,entry,2833059,2833059,2832424
1763515140,entry,2832424,2872590,2871847
1763517900,exit,2808352,2852746,2852709
1763517900,cash,2808352,2852746,2852709
1763520431,exit,2854860,2854860,2854860
1763520431,cash,2854860,2854860,2854860
1763530620,entry,2854200,2854200,2853540
1763535232,exit,2902512,2902512,2902512
1763535232,cash,2902512,2902512,2902512
1763599980,entry,2901852,2904048,2903410
1763600700,entry,2901192,2898996,2897655
1763602860,entry,2900532,2968608,2967482
1763604420,exit,2875526,2926034,2925366
1763604420,cash,2875526,2926034,2925366
1763604660,exit,2850520,2879068,2878753
1763604660,cash,2850520,2879068,2878753
1763606660,exit,2898832,2898832,2898832
1763606660,cash,2898832,2898832,2898832
1763612940,entry,2898172,2898172,2897512
1763615880,exit,2873166,2873166,2873166
1763615880,cash,2873166,2873166,2873166
1763685540,entry,2872506,2876898,2876283
1763687940,entry,2871846,2893806,2892733
1763690220,entry,2871186,2956830,2955968
1763693040,exit,2846180,2938412,2938334
1763693040,cash,2846180,2938412,2938334
1763693640,exit,2894492,2940608,2940569
1763693640,cash,2894492,2940608,2940569
1763696473,exit,2942804,2942804,2942804
1763696473,cash,2942804,2942804,2942804
1763697180,entry,2942144,2950928,2950360
1763703344,exit,2990456,2990456,2990456
1763703344,cash,2990456,2990456,2990456
1763765220,entry,2989796,2994188,2993573
1763767080,exit,2964790,2964790,2964790
1763767080,cash,2964790,2964790,2964790
1763772780,entry,2964105,2970945,2970330
1763774760,exit,2938142,2938142,2938142
1763774760,cash,2938142,2938142,2938142
1763776740,entry,2937457,2939737,2939075
1763777940,entry,2936772,2957292,2956144
1763778840,exit,2910809,2933609,2933187
1763778840,cash,2910809,2933609,2933187
1763781840,entry,2910124,2958004,2957279
1763783951,exit,2960284,3008164,3008124
1763783951,cash,2960284,3008164,3008124
1763791849,exit,3010444,3010444,3010444
1763791849,cash,3010444,3010444,3010444
1763840220,entry,3009759,3012039,3011377
1763845445,exit,3059919,3059919,3059919
1763845445,cash,3059919,3059919,3059919
1763926200,entry,3059234,3063794,3063155
1763926380,entry,3058549,3067669,3066392
1763926740,exit,3032586,3025746,3024997
1763926740,cash,3032586,3025746,3024997
1763926920,exit,3006623,3006623,3006623
1763926920,cash,3006623,3006623,3006623
1763937180,entry,3005938,3012778,3012163
1763938080,exit,2979975,2979975,2979975
1763938080,cash,2979975,2979975,2979975
1763942280,entry,2979290,2981570,2980908
1763949249,exit,3029450,3029450,3029450
1763949249,cash,3029450,3029450,3029450
1764035100,entry,3028765,3028765,3028080
1764035400,entry,3028080,3062280,3061305
1764035760,exit,3002117,3027197,3026806
1764035760,cash,3002117,3027197,3026806
1764036300,entry,3001423,3031092,3030061
1764039560,exit,3051583,3097763,3097683
1764039560,cash,3051583,3097763,3097683
1764040320,entry,3050889,3106305,3105642
1764043752,exit,3101687,3131704,3131373
1764043752,cash,3101687,3131704,3131373
1764049429,exit,3152485,3152485,3152485
1764049429,cash,3152485,3152485,3152485
1764121980,entry,3151791,3151791,3151097
1764129829,exit,3202589,3202589,3202589
1764129829,cash,3202589,3202589,3202589
1764190320,entry,3201895,3204204,3203533
1764196910,exit,3252693,3252693,3252693
1764196910,cash,3252693,3252693,3252693
1764213420,entry,3251999,3251999,3251305
1764215340,exit,3225706,3225706,3225706
1764215340,cash,3225706,3225706,3225706
1764216660,entry,3225012,3227321,3226650
1764218520,entry,3224318,3228936,3227594
1764218940,exit,3198025,3198025,3197331
1764218940,cash,3198025,3198025,3197331
1764219480,exit,3171732,3171732,3171732
1764219480,cash,3171732,3171732,3171732
1764302160,entry,3171038,3173347,3172676
1764303660,exit,3144745,3144745,3144745
1764303660,cash,3144745,3144745,3144745
1764367260,entry,3144051,3144051,3143357
1764370860,exit,3117758,3117758,3117758
1764370860,cash,3117758,3117758,3117758
1764374940,entry,3117037,3119435,3118738
1764378840,entry,3116316,3166674,3165911
1764379260,entry,3115595,3185137,3183856
1764379740,exit,3088289,3157831,3157283
1764379740,cash,3088289,3157831,3157283
1764380400,exit,3060983,3111341,3111299
1764380400,cash,3060983,3111341,3111299
1764382304,exit,3113739,3113739,3113739
1764382304,cash,3113739,3113739,3113739
1764382860,entry,3113018,3115416,3114719
1764385260,exit,3085712,3085712,3085712
1764385260,cash,3085712,3085712,3085712
1764386400,entry,3084991,3087389,3086692
1764387240,exit,3057685,3057685,3057685
1764387240,cash,3057685,3057685,3057685
1764468600,entry,3056964,3056964,3056243
1764473220,entry,3056243,3097009,3096075
1764475742,exit,3108999,3159357,3159315
1764475742,cash,3108999,3159357,3159315
1764477539,exit,3161755,3161755,3161755
1764477539,cash,3161755,3161755,3161755
1764549120,entry,3161034,3173024,3172431
1764550260,exit,3133728,3133728,3133728
1764550260,cash,3133728,3133728,3133728
1764559800,entry,3133007,3133007,3132286
1764560820,exit,3105701,3105701,3105701
1764560820,cash,3105701,3105701,3105701
1764650640,entry,3104980,3104980,3104259
1764654538,exit,3157736,3157736,3157736
1764654538,cash,3157736,3157736,3157736
1764721920,entry,3157006,3161864,3161183
1764724860,entry,3156276,3207285,3206495
1764725460,exit,3128617,3179626,3179583
1764725460,cash,3128617,3179626,3179583
1764729777,exit,3182055,3182055,3182055
1764729777,cash,3182055,3182055,3182055
1764729960,entry,3181325,3186183,3185502
1764730020,entry,3180595,3192740,3191404
1764730500,entry,3179865,3206584,3204696
1764730620,entry,3179135,3252005,3249914
1764731760,exit,3151476,3192769,3191299
1764731760,exit,3123817,3201545,3201066
1764731760,cash,3123817,3201545,3201066
1764731760,cash,3123817,3201545,3201066
1764736920,entry,3123087,3234821,3234107
1764737040,exit,3095428,3197446,3197360
1764737040,cash,3095428,3197446,3197360
1764738694,exit,3148866,3199875,3199832
1764738694,cash,3148866,3199875,3199832
1764739542,exit,3202304,3202304,3202304
1764739542,cash,3202304,3202304,3202304
1764809880,entry,3201574,3208861,3208206
1764812100,entry,3200844,3244566,3243611
1764812160,entry,3200114,3251123,3249532
1764812520,exit,3172455,3216177,3215218
1764812520,cash,3172455,3216177,3215218
1764815160,entry,3171725,3251882,3250710
1764816840,entry,3170995,3326451,3325600
1764816960,entry,3170265,3330579,3329063
1764817380,entry,3169535,3346852,3344787
1764817773,exit,3222973,3376000,3374310
1764817773,cash,3222973,3376000,3374310
1764819500,exit,3276411,3402719,3401429
1764819500,cash,3276411,3402719,3401429
1764820754,exit,3329849,3470731,3470405
1764820754,cash,3329849,3470731,3470405
1764821383,exit,3383287,3485305,3485219
1764821383,cash,3383287,3485305,3485219
1764825358,exit,3436725,3487734,3487691
1764825358,cash,3436725,3487734,3487691
1764825780,entry,3435968,3499577,3498911
1764828940,exit,3489406,3476806,3475936
1764828940,cash,3489406,3476806,3475936
1764832541,exit,3544846,3544846,3544846
1764832541,cash,3544846,3544846,3544846
1764984060,entry,3544089,3544089,3543332
1764984060,entry,3543332,3543332,3541818
1764984420,entry,3542575,3545095,3542870
1764984720,exit,3513879,3536559,3535303
1764984720,cash,3513879,3536559,3535303
1764985080,entry,3513122,3550922,3549071
1764985560,entry,3512365,3565285,3562843
1764986520,exit,3483669,3539109,3537473
1764986520,cash,3483669,3539109,3537473
1764987000,entry,3482912,3563552,3561450
1764988020,entry,3482155,3532555,3529606
1764988500,exit,3453459,3602139,3601013
1764988500,cash,3453459,3602139,3601013
1764988980,exit,3424763,3570923,3570580
1764988980,cash,3424763,3570923,3570580
1764989664,exit,3480203,3575963,3575709
1764989664,cash,3480203,3575963,3575709
1764991755,exit,3535643,3588563,3588519
1764991755,cash,3535643,3588563,3588519
1764993237,exit,3591083,3591083,3591083
1764993237,cash,3591083,3591083,3591083
1765044840,entry,3590279,3600987,3600295
1765050167,exit,3649173,3649173,3649173
1765050167,cash,3649173,3649173,3649173
1765074480,entry,3648369,3651046,3650268
1765077060,entry,3647565,3706459,3705634
1765078560,entry,3646761,3761872,3760953
1765079036,exit,3705655,3756518,3755616
1765079036,cash,3705655,3756518,3755616
1765080575,exit,3764549,3799350,3798966
1765080575,cash,3764549,3799350,3798966
1765089075,exit,3823443,3823443,3823443
1765089075,cash,3823443,3823443,3823443
1765132440,entry,3822639,3822639,3821835
1765132980,exit,3792156,3792156,3792156
1765132980,cash,3792156,3792156,3792156
1765147920,entry,3791352,3794029,3793251
1765150440,exit,3760869,3760869,3760869
1765150440,cash,3760869,3760869,3760869
1765154340,entry,3760065,3762742,3761964
1765159740,entry,3759261,3815478,3814627
1765160460,exit,3728778,3784995,3784948
1765160460,cash,3728778,3784995,3784948
1765161551,exit,3787672,3787672,3787672
1765161551,cash,3787672,3787672,3787672
1765326180,entry,3786797,3810101,3809487
1765329900,exit,3753626,3753626,3753626
1765329900,cash,3753626,3753626,3753626
1765334040,entry,3752751,3752751,3751876
1765341235,exit,3816837,3816837,3816837
1765341235,cash,3816837,3816837,3816837
1765421100,entry,3815962,3818875,3818029
1765428368,exit,3880048,3880048,3880048
1765428368,cash,3880048,3880048,3880048
1765586700,entry,3879173,3879173,3878298
1765589340,entry,3878298,3898689,3897164
1765589520,entry,3877423,3918205,3916072
1765590060,exit,3844252,3855904,3854501
1765590060,exit,3811081,3860602,3860359
1765590060,cash,3811081,3860602,3860359
1765590060,cash,3811081,3860602,3860359
1765591020,entry,3810206,3874292,3873395
1765591320,exit,3777035,3838208,3838157
1765591320,cash,3777035,3838208,3838157
1765591500,entry,3776160,3837333,3836407
1765594560,exit,3742989,3804162,3804111
1765594560,cash,3742989,3804162,3804111
1765595413,exit,3807075,3807075,3807075
1765595413,cash,3807075,3807075,3807075
1765648920,entry,3806200,3806200,3805325
1765650840,exit,3773029,3773029,3773029
1765650840,cash,3773029,3773029,3773029
1765653180,entry,3772154,3777980,3777164
1765653900,exit,3738983,3738983,3738983
1765653900,cash,3738983,3738983,3738983
1765670940,entry,3738119,3740995,3740160
1765671300,exit,3705370,3705370,3705370
1765671300,cash,3705370,3705370,3705370
1765678140,entry,3704506,3704506,3703642
1765678800,entry,3703642,3700766,3699010
1765678980,exit,3670893,3659389,3658420
1765678980,cash,3670893,3659389,3658420
1765678980,entry,3670029,3678657,3677046
1765680840,exit,3637280,3691924,3691777
1765680840,cash,3637280,3691924,3691777
1765684980,entry,3636416,3699688,3698803
1765685798,exit,3699688,3751456,3751262
1765685798,cash,3699688,3751456,3751262
1765692092,exit,3762960,3762960,3762960
1765692092,cash,3762960,3762960,3762960
1765748820,entry,3762096,3762096,3761232
1765748940,exit,3729347,3729347,3729347
1765748940,cash,3729347,3729347,3729347
1765755840,entry,3728483,3737111,3736336
1765762786,exit,3791755,3791755,3791755
1765762786,cash,3791755,3791755,3791755
1765768080,entry,3790891,3799519,3798744
1765769460,entry,3790027,3853299,3852394
1765770120,exit,3757278,3768782,3768039
1765770120,cash,3757278,3768782,3768039
1765770240,exit,3724529,3724529,3724529
1765770240,cash,3724529,3724529,3724529
1765862340,entry,3723665,3729417,3728611
1765865352,exit,3786937,3786937,3786937
1765865352,cash,3786937,3786937,3786937
1766024640,entry,3786062,3791888,3791072
1766025420,exit,3752891,3752891,3752891
1766025420,cash,3752891,3752891,3752891
1766105460,entry,3752016,3763668,3762915
1766106240,exit,3718845,3718845,3718845
1766106240,cash,3718845,3718845,3718845
1766108280,entry,3717970,3717970,3717095
1766109480,exit,3684799,3684799,3684799
1766109480,cash,3684799,3684799,3684799
1766112360,entry,3683924,3707228,3706614
1766113440,entry,3683049,3697614,3696015
1766113680,entry,3682174,3717130,3714909
1766115420,exit,3649003,3756784,3756445
1766115420,cash,3649003,3756784,3756445
1766117411,exit,3713089,3768436,3768287
1766117411,cash,3713089,3768436,3768287
1766119443,exit,3777175,3777175,3777175
1766119443,cash,3777175,3777175,3777175
1766264580,entry,3776300,3776300,3775425
1766265120,exit,3743129,3743129,3743129
1766265120,cash,3743129,3743129,3743129
1766274240,entry,3742254,3756819,3756099
1766274480,entry,3741379,3779248,3777943
1766278789,exit,3805465,3866638,3866587
1766278789,cash,3805465,3866638,3866587
1766283129,exit,3869551,3869551,3869551
1766283129,cash,3869551,3869551,3869551
1766283960,entry,3868676,3871589,3870743
1766289979,exit,3932762,3932762,3932762
1766289979,cash,3932762,3932762,3932762
1766291640,entry,3931853,3931853,3930944
1766291640,entry,3930944,3933969,3932181
1766292120,exit,3896498,3899523,3898644
1766292120,cash,3896498,3899523,3898644
1766298239,exit,3963048,3963048,3963048
1766298239,cash,3963048,3963048,3963048
1766349900,entry,3962139,3962139,3961230
1766355240,exit,3927693,3927693,3927693
1766355240,cash,3927693,3927693,3927693
1766363100,entry,3926784,3944934,3944222
1766363400,entry,3925875,3944025,3942399
1766364720,exit,3891429,3906554,3905807
1766364720,cash,3891429,3906554,3905807
1766368203,exit,3957979,3957979,3957979
1766368203,cash,3957979,3957979,3957979
1766456820,entry,3957070,3960095,3959216
1766458980,exit,3922624,3922624,3922624
1766458980,cash,3922624,3922624,3922624
1766461500,entry,3921715,3924740,3923861
1766467200,exit,3887269,3887269,3887269
1766467200,cash,3887269,3887269,3887269
1766539080,entry,3886360,3898460,3897678
1766539440,entry,3885451,3897551,3895857
1766540700,entry,3884542,3932942,3930740
1766542080,entry,3883633,3953208,3950390
1766543940,exit,3849187,3979262,3978207
1766543940,cash,3849187,3979262,3978207
1766544780,exit,3814741,3923641,3923243
1766544780,cash,3814741,3923641,3923243
1766544960,entry,3813832,3940882,3939827
1766545020,entry,3812923,3958123,3956361
1766545680,exit,3778477,3902502,3901458
1766545680,cash,3778477,3902502,3901458
1766546389,exit,3845027,3905527,3904536
1766546389,cash,3845027,3905527,3904536
1766546659,exit,3911577,3917627,3916780
1766546659,cash,3911577,3917627,3916780
1766548920,entry,3910704,3974229,3973303
1766551749,exit,3977254,4006314,4005776
1766551749,cash,3977254,4006314,4005776
1766552100,exit,3944163,3944163,3944163
1766552100,cash,3944163,3944163,3944163
1766716260,entry,3943290,3949102,3948288
1766721559,exit,4007222,4007222,4007222
1766721559,cash,4007222,4007222,4007222
1766726160,entry,4006349,4015067,4014284
1766728620,exit,3973258,3973258,3973258
1766728620,cash,3973258,3973258,3973258
1766797080,entry,3972385,3972385,3971512
1766799540,entry,3971512,4000572,3999161
1766800800,entry,3970639,4075255,4073955
1766802600,entry,3969766,4103442,4101716
1766803620,exit,3936675,4090693,4090093
1766803620,cash,3936675,4090693,4090093
1766804051,exit,4000607,4090693,4090104
1766804051,exit,4064539,4093599,4093061
1766804051,cash,4064539,4093599,4093061
1766804051,cash,4064539,4093599,4093061
1766807636,exit,4128471,4128471,4128471
1766807636,cash,4128471,4128471,4128471
1766811540,entry,4127517,4137042,4136186
1766815171,exit,4197367,4197367,4197367
1766815171,cash,4197367,4197367,4197367
1766875440,entry,4196413,4196413,4195459
1766875860,exit,4160259,4160259,4160259
1766875860,cash,4160259,4160259,4160259
1766883180,entry,4159305,4162480,4161558
1766883720,entry,4158351,4171051,4169276
1766887200,entry,4157397,4125647,4122510
1766887260,entry,4156443,4134218,4130212
1766887320,exit,4120289,4155214,4152734
1766887320,cash,4120289,4155214,4152734
1766891981,exit,4190139,4288564,4287921
1766891981,cash,4190139,4288564,4287921
1766892240,exit,4153985,4220660,4220604
1766892240,cash,4153985,4220660,4220604
1766893805,exit,4223835,4223835,4223835
1766893805,cash,4223835,4223835,4223835
1766959380,entry,4222881,4222881,4221927
1766962800,exit,4186727,4186727,4186727
1766962800,cash,4186727,4186727,4186727
1766977200,entry,4185773,4188948,4188026
1766985231,exit,4255623,4255623,4255623
1766985231,cash,4255623,4255623,4255623
1767057480,entry,4254669,4254669,4253715
1767059820,entry,4253715,4260065,4258222
1767061320,entry,4252761,4351186,4349548
1767062760,exit,4216607,4343607,4343389
1767062760,cash,4216607,4343607,4343389
1767064221,exit,4286457,4353132,4353076
1767064221,cash,4286457,4353132,4353076
1767066841,exit,4356307,4356307,4356307
1767066841,cash,4356307,4356307,4356307
1767068580,entry,4355316,4355316,4354325
1767073020,exit,4317773,4317773,4317773
1767073020,cash,4317773,4317773,4317773
1767149160,entry,4316782,4323376,4322452
1767149940,exit,4279239,4279239,4279239
1767149940,cash,4279239,4279239,4279239
1767208200,entry,4278248,4281545,4280587
1767210420,exit,4240705,4240705,4240705
1767210420,cash,4240705,4240705,4240705
1767213060,entry,4239714,4239714,4238723
1767214080,entry,4238723,4225535,4223433
1767220626,exit,4311257,4380494,4380436
1767220626,cash,4311257,4380494,4380436
1767220786,exit,4383791,4383791,4383791
1767220786,cash,4383791,4383791,4383791
1767317880,entry,4382800,4415770,4415160
1767321180,entry,4381809,4451046,4449997
1767323035,exit,4454343,4460937,4460013
1767323035,cash,4454343,4460937,4460013
1767326655,exit,4526877,4526877,4526877
1767326655,cash,4526877,4526877,4526877
1767405420,entry,4525886,4529183,4528225
1767407640,entry,4524895,4567756,4566278
1767410985,exit,4597429,4666666,4666608
1767410985,cash,4597429,4666666,4666608
1767412635,exit,4669963,4669963,4669963
1767412635,cash,4669963,4669963,4669963
1767418560,entry,4668884,4679660,4678692
1767420060,exit,4627982,4627982,4627982
1767420060,cash,4627982,4627982,4627982
1767458460,entry,4626903,4634087,4633081
1767465000,entry,4625824,4712032,4711001
1767465660,exit,4584922,4660354,4660291
1767465660,cash,4584922,4660354,4660291
1767466380,entry,4583843,4659275,4658133
1767466429,exit,4662867,4662867,4661788
1767466429,cash,4662867,4662867,4661788
1767468060,exit,4621965,4621965,4621965
1767468060,cash,4621965,4621965,4621965
1767469200,entry,4620886,4620886,4619807
1767471060,entry,4619807,4609031,4606778
1767472260,exit,4578905,4622009,4621443
1767472260,cash,4578905,4622009,4621443
1767473820,entry,4577826,4653258,4652069
1767474780,exit,4536924,4612356,4612293
1767474780,cash,4536924,4612356,4612293
1767476520,entry,4535845,4629237,4628287
1767479409,exit,4614869,4675933,4675634
1767479409,cash,4614869,4675933,4675634
1767480420,entry,4613790,4671262,4669768
1767481980,entry,4612711,4698919,4696814
1767482580,exit,4571809,4675977,4675157
1767482580,cash,4571809,4675977,4675157
1767483780,exit,4530907,4606339,4606276
1767483780,cash,4530907,4606339,4606276
1767483969,exit,4609931,4609931,4609931
1767483969,cash,4609931,4609931,4609931
1767491040,entry,4608866,4608866,4607801
1767491520,entry,4607801,4597163,4594934
1767492180,entry,4606736,4613828,4610748
1767493080,exit,4566357,4644369,4643153
1767493080,cash,4566357,4644369,4643153
1767496439,exit,4644369,4718835,4718773
1767496439,cash,4644369,4718835,4718773
1767500179,exit,4722381,4722381,4722381
1767500179,cash,4722381,4722381,4722381
1767503760,entry,4721316,4749684,4748936
1767507009,exit,4799328,4799328,4799328
1767507009,cash,4799328,4799328,4799328
1767560820,entry,4798263,4805355,4804362
1767563880,entry,4797198,4850388,4848864
1767564720,exit,4756819,4795825,4795217
1767564720,cash,4756819,4795825,4795217
1767569049,exit,4834831,4834831,4834831
1767569049,cash,4834831,4834831,4834831
1767660420,entry,4833766,4833766,4832701
1767662400,exit,4793387,4793387,4793387
1767662400,cash,4793387,4793387,4793387
1767662820,entry,4792322,4795868,4794838
1767667789,exit,4870334,4870334,4870334
1767667789,cash,4870334,4870334,4870334
1767674760,entry,4869269,4894091,4893299
1767675360,exit,4828890,4828890,4828890
1767675360,cash,4828890,4828890,4828890
1767746820,entry,4827825,4827825,4826760
1767749340,entry,4826760,4901226,4900052
1767750480,entry,4825695,4956897,4955370
1767751740,exit,4785316,4795954,4793968
1767751740,cash,4785316,4795954,4793968
1767752040,exit,4744937,4798127,4797723
1767752040,cash,4744937,4798127,4797723
1767753000,entry,4743831,4818297,4817129
1767754380,entry,4742725,4890811,4889408
1767755220,exit,4700809,4852576,4852450
1767755220,cash,4700809,4852576,4852450
1767756431,exit,4778821,4856122,4856058
1767756431,cash,4778821,4856122,4856058
1767757380,entry,4777715,4858697,4857564
1767757441,exit,4858697,4880783,4879917
1767757441,cash,4858697,4880783,4879917
1767760080,exit,4816781,4816781,4816781
1767760080,cash,4816781,4816781,4816781
1767834420,entry,4815675,4819356,4818287
1767835440,exit,4773759,4773759,4773759
1767835440,cash,4773759,4773759,4773759
1767836100,entry,4772653,4772653,4771547
1767836520,entry,4771547,4760504,4758190
1767836700,exit,4729631,4722269,4721094
1767836700,cash,4729631,4722269,4721094
1767838140,entry,4728525,4783740,4782214
1767838500,entry,4727419,4859935,4858229
1767839640,entry,4726313,4906682,4904531
1767840000,entry,4725207,4901895,4898538
1767840540,exit,4683291,4852617,4850320
1767840540,cash,4683291,4852617,4850320
1767840900,exit,4641375,4788615,4787180
1767840900,cash,4641375,4788615,4787180
1767843900,entry,4640269,4853767,4852150
1767844220,exit,4721251,4864810,4863371
1767844220,cash,4721251,4864810,4863371
1767844920,exit,4802233,4879534,4878248
1767844920,cash,4802233,4879534,4878248
1767850301,exit,4883215,4960516,4960452
1767850301,cash,4883215,4960516,4960452
1767851091,exit,4964197,4964197,4964197
1767851091,cash,4964197,4964197,4964197
1767920220,entry,4963106,4970368,4969351
1767925144,exit,5042988,5042988,5042988
1767925144,cash,5042988,5042988,5042988
1767926280,entry,5041897,5041897,5040806
1767930897,exit,5121779,5121779,5121779
1767930897,cash,5121779,5121779,5121779
1767934980,entry,5120688,5138843,5137946
1767942107,exit,5200570,5200570,5200570
1767942107,cash,5200570,5200570,5200570
1768007340,entry,5199479,5199479,5198388
1768011000,entry,5198388,5267377,5266077
1768013381,exit,5278270,5285532,5284515
1768013381,cash,5278270,5285532,5284515
1768014120,entry,5277179,5320751,5319041
1768015680,exit,5235833,5239464,5238409
1768015680,cash,5235833,5239464,5238409
1768015920,exit,5194487,5194487,5194487
1768015920,cash,5194487,5194487,5194487
1768016580,entry,5193396,5218813,5218002
1768018320,exit,5152050,5152050,5152050
1768018320,cash,5152050,5152050,5152050
1768020120,entry,5150859,5158785,5157675
1768022040,exit,5105732,5105732,5105732
1768022040,cash,5105732,5105732,5105732
1768066800,entry,5104541,5104541,5103350
1768067460,entry,5103350,5115239,5112978
1768069140,exit,5058223,5121631,5121239
1768069140,cash,5058223,5121631,5121239
1768069140,entry,5057032,5120440,5118857
1768069680,exit,5011905,5095128,5095059
1768069680,cash,5011905,5095128,5095059
1768069980,entry,5010714,5093937,5092677
1768073340,entry,5009523,5179932,5178572
1768074540,entry,5008332,5158926,5156270
1768075080,exit,4963205,5129651,5128322
1768075080,cash,4963205,5129651,5128322
1768075377,exit,5050391,5149466,5148373
1768075377,cash,5050391,5149466,5148373
1768078377,exit,5137577,5220800,5220731
1768078377,cash,5137577,5220800,5220731
1768078680,entry,5136386,5223572,5222352
1768079257,exit,5223572,5219609,5218380
1768079257,cash,5223572,5219609,5218380
1768079940,exit,5178445,5178445,5178445
1768079940,cash,5178445,5178445,5178445
1768081320,entry,5177254,5201032,5200099
1768089480,entry,5176063,5263249,5262029
1768090997,exit,5263249,5275138,5274070
1768090997,cash,5263249,5275138,5274070
1768091220,entry,5262058,5289799,5287707
1768092360,entry,5260867,5379757,5377663
1768094220,entry,5259676,5418196,5415606
1768094820,exit,5214549,5384958,5383669
1768094820,cash,5214549,5384958,5383669
1768095720,entry,5213344,5344171,5341053
1768096620,exit,5168217,5330796,5329336
1768096620,cash,5168217,5330796,5329336
1768099907,exit,5255403,5386758,5386057
1768099907,cash,5255403,5386758,5386057
1768100507,exit,5342589,5426820,5426750
1768100507,cash,5342589,5426820,5426750
1768102747,exit,5430831,5430831,5430831
1768102747,cash,5430831,5430831,5430831
1768176540,entry,5429626,5429626,5428421
1768177500,entry,5428421,5424410,5421969
1768177980,exit,5382748,5378737,5377493
1768177980,cash,5382748,5378737,5377493
1768179180,exit,5337075,5337075,5337075
1768179180,cash,5337075,5337075,5337075
1768180980,entry,5335870,5335870,5334665
1768184280,exit,5290197,5290197,5290197
1768184280,cash,5290197,5290197,5290197
1768188120,entry,5288992,5329102,5328360
1768192367,exit,5377234,5377234,5377234
1768192367,cash,5377234,5377234,5377234
1768266780,entry,5376029,5380040,5378875
1768267260,exit,5330356,5330356,5330356
1768267260,cash,5330356,5330356,5330356
1768270860,entry,5329151,5337173,5336049
1768274040,exit,5283478,5283478,5283478
1768274040,cash,5283478,5283478,5283478
1768350600,entry,5282257,5286321,5285141
1768351320,entry,5281036,5276972,5274494
1768351500,exit,5234759,5238823,5237643
1768351500,cash,5234759,5238823,5237643
1768353240,entry,5233538,5257922,5255734
1768353900,exit,5187261,5183197,5181937
1768353900,cash,5187261,5183197,5181937
1768354260,entry,5186040,5218552,5216458
1768356780,exit,5139763,5212915,5212641
1768356780,cash,5139763,5212915,5212641
1768358340,entry,5138542,5232014,5230805
1768358340,entry,5137321,5230793,5228363
1768360680,entry,5136100,5367748,5365800
1768361198,exit,5225508,5379940,5378236
1768361198,cash,5225508,5379940,5378236
1768364760,entry,5224287,5500639,5499422
1768366278,exit,5313695,5545343,5544738
1768366278,cash,5313695,5545343,5544738
1768366878,exit,5403103,5569727,5569516
1768366878,cash,5403103,5569727,5569516
1768367458,exit,5492511,5577855,5577784
1768367458,cash,5492511,5577855,5577784
1768370808,exit,5581919,5581919,5581919
1768370808,cash,5581919,5581919,5581919
1768436700,entry,5580698,5584762,5583582
1768437720,entry,5579477,5628245,5626368
1768440060,entry,5578256,5643280,5640595
1768440780,entry,5577035,5707083,5703959
1768441500,exit,5530758,5717702,5716468
1768441500,cash,5530758,5717702,5716468
1768442100,entry,5529537,5712417,5709857
1768443060,exit,5483260,5666140,5664903
1768443060,cash,5483260,5666140,5664903
1768444080,exit,5436983,5607671,5607529
1768444080,cash,5436983,5607671,5607529
1768444140,entry,5435716,5610621,5609254
1768445700,exit,5387697,5558385,5558243
1768445700,cash,5387697,5558385,5558243
1768446441,exit,5477105,5562449,5562378
1768446441,cash,5477105,5562449,5562378
1768447500,entry,5475838,5578050,5576889
1768447631,exit,5565246,5565246,5563979
1768447631,cash,5565246,5565246,5563979
1768452540,entry,5563979,5656753,5655402
1768453500,exit,5515960,5604517,5604443
1768453500,cash,5515960,5604517,5604443
1768454571,exit,5608734,5608734,5608734
1768454571,cash,5608734,5608734,5608734
1768510020,entry,5607467,5607467,5606200
1768512060,exit,5559448,5559448,5559448
1768512060,cash,5559448,5559448,5559448
1768528740,entry,5558181,5570832,5569696
1768529400,entry,5556914,5607518,5605586
1768529700,entry,5555647,5606251,5603023
1768530660,exit,5507628,5600402,5598980
1768530660,cash,5507628,5600402,5598980
1768534974,exit,5600402,5688959,5688885
1768534974,cash,5600402,5688959,5688885
1768536563,exit,5693176,5693176,5693176
1768536563,cash,5693176,5693176,5693176
1768538040,entry,5691860,5696239,5694967
1768538460,entry,5690544,5699302,5696759
1768538940,exit,5640680,5688849,5688098
1768538940,cash,5640680,5688849,5688098
1768540800,entry,5639364,5726944,5725422
1768541280,exit,5589500,5668322,5668027
1768541280,cash,5589500,5668322,5668027
1768543613,exit,5685838,5685838,5685838
1768543613,cash,5685838,5685838,5685838
1768611300,entry,5684522,5684522,5683206
1768613280,entry,5683206,5713859,5711565
1768616280,entry,5681890,5865808,5864217
1768616700,exit,5632026,5772154,5771327
1768616700,cash,5632026,5772154,5771327
1768617301,exit,5728364,5715227,5713790
1768617301,cash,5728364,5715227,5713790
1768617480,exit,5678500,5678500,5678500
1768617480,cash,5678500,5678500,5678500
1768671480,entry,5677184,5677184,5675868
1768672140,entry,5675868,5706521,5704219
1768675380,exit,5626004,5687310,5686745
1768675380,cash,5626004,5687310,5686745
1768678670,exit,5722342,5722342,5722342
1768678670,cash,5722342,5722342,5722342
1768681500,entry,5721026,5721026,5719710
1768684500,entry,5719710,5811669,5810277
1768685811,exit,5816048,5820427,5819155
1768685811,cash,5816048,5820427,5819155
1768685880,entry,5814732,5810353,5807679
1768686660,entry,5813416,5839690,5836030
1768692580,exit,5909754,6093672,6093520
1768692580,cash,5909754,6093672,6093520
1768693751,exit,6006092,6098051,6097975
1768693751,cash,6006092,6098051,6097975
1768696471,exit,6102430,6102430,6102430
1768696471,cash,6102430,6102430,6102430
1768696680,entry,6101065,6123790,6122667
1768699140,entry,6099700,6204235,6202854
1768701060,entry,6098335,6289225,6287670
1768701180,entry,6096970,6319675,6317118
1768701440,exit,6196960,6360580,6358538
1768701440,cash,6196960,6360580,6358538
1768702620,exit,6145206,6317916,6317459
1768702620,cash,6145206,6317916,6317459
1768705160,exit,6245196,6299736,6299020
1768705160,cash,6245196,6299736,6299020
1768705800,exit,6193442,6193442,6193442
1768705800,cash,6193442,6193442,6193442
1768707240,entry,6192077,6192077,6190712
1768707420,exit,6140323,6140323,6140323
1768707420,cash,6140323,6140323,6140323
1768757220,entry,6138958,6157138,6155964
1768764130,exit,6238948,6238948,6238948
1768764130,cash,6238948,6238948,6238948
1768792020,entry,6237583,6237583,6236218
1768796400,entry,6236218,6345298,6343968
1768797678,exit,6336208,6431653,6431574
1768797678,cash,6336208,6431653,6431574
1768798941,exit,6436198,6436198,6436198
1768798941,cash,6436198,6436198,6436198
1768848780,entry,6434711,6444611,6443225
1768854240,exit,6378345,6378345,6378345
1768854240,cash,6378345,6378345,6378345
1768884360,entry,6376858,6406558,6405393
1768887901,exit,6485758,6485758,6485758
1768887901,cash,6485758,6485758,6485758
1768955280,entry,6484271,6484271,6482784
1768955580,exit,6427905,6427905,6427905
1768955580,cash,6427905,6427905,6427905
1768959660,entry,6426418,6446218,6444939
1768960440,entry,6424931,6489281,6487084
1768963320,entry,6423444,6616494,6614558
1768963740,exit,6367078,6560128,6559709
1768963740,cash,6367078,6560128,6559709
1768964220,entry,6365591,6593291,6591840
1768964400,entry,6364104,6596754,6593865
1768965360,exit,6307738,6555238,6554023
1768965360,cash,6307738,6555238,6554023
1768965675,exit,6416638,6540388,6539023
1768965675,cash,6416638,6540388,6539023
1768966145,exit,6525538,6495838,6494091
1768966145,cash,6525538,6495838,6494091
1768966200,exit,6469172,6469172,6469172
1768966200,cash,6469172,6469172,6469172
1768966560,entry,6467685,6467685,6466198
1768967640,entry,6466198,6599848,6598597
1768968060,entry,6464711,6642911,6640749
1768969920,entry,6463224,6690924,6687828
1768970184,exit,6572124,6636474,6632869
1768970184,cash,6572124,6636474,6632869
1768970340,exit,6515758,6614758,6613012
1768970340,cash,6515758,6614758,6613012
1768972980,entry,6514252,6722214,6720502
1768973584,exit,6623152,6727102,6725510
1768973584,cash,6623152,6727102,6725510
1768973700,exit,6566080,6670030,6669944
1768973700,cash,6566080,6670030,6669944
1768975014,exit,6674980,6674980,6674980
1768975014,cash,6674980,6674980,6674980
1769052600,entry,6673474,6673474,6671968
1769052720,exit,6616402,6616402,6616402
1769052720,cash,6616402,6616402,6616402
1769057460,entry,6614896,6634944,6633649
1769060694,exit,6725160,6725160,6725160
1769060694,cash,6725160,6725160,6725160
1769127780,entry,6723654,6738690,6737340
1769129400,entry,6722148,6822388,6820710
1769135640,exit,6832412,6937664,6937577
1769135640,cash,6832412,6937664,6937577
1769136090,exit,6942676,6942676,6942676
1769136090,cash,6942676,6942676,6942676
1769141220,entry,6941170,6941170,6939664
1769142840,entry,6939664,7064964,7063466
1769145060,exit,6882592,6982832,6982660
1769145060,cash,6882592,6982832,6982660
1769146500,exit,6992856,6992856,6992856
1769146500,cash,6992856,6992856,6992856
1769219640,entry,6991350,7011398,7010103
1769220360,exit,6934278,6934278,6934278
1769220360,cash,6934278,6934278,6934278
1769221620,entry,6932676,6959346,6958028
1769221740,entry,6931074,6968412,6965597
1769224260,exit,6870336,6982350,6982257
1769224260,cash,6870336,6982350,6982257
1769226120,exit,6987684,6987684,6987684
1769226120,cash,6987684,6987684,6987684
1769227140,entry,6986082,6986082,6984480
1769228640,entry,6984480,6989814,6986663
1769229120,exit,6923742,7014420,7013976
1769229120,cash,6923742,7014420,7013976
1769232420,exit,7041090,7041090,7041090
1769232420,cash,7041090,7041090,7041090
1769276580,entry,7039488,7055490,7054053
1769277180,exit,6978750,6978750,6978750
1769277180,cash,6978750,6978750,6978750
1769286960,entry,6977148,6993150,6991713
1769290080,entry,6975546,7087560,7085865
1769290800,exit,7092894,7178238,7177711
1769290800,cash,7092894,7178238,7177711
1769291400,entry,7091292,7171302,7169092
1769293490,exit,7208640,7251312,7250188
1769293490,cash,7208640,7251312,7250188
1769294040,entry,7207038,7297716,7295670
1769295000,exit,7146300,7258314,7258221
1769295000,cash,7146300,7258314,7258221
1769296140,exit,7263648,7263648,7263648
1769296140,cash,7263648,7263648,7263648
1769305980,entry,7262046,7267380,7265831
1769306340,entry,7260444,7281780,7278800
1769306940,exit,7199706,7274382,7273694
1769306940,cash,7199706,7274382,7273694
1769307300,entry,7198042,7294054,7292031
1769309480,exit,7315390,7359694,7358527
1769309480,cash,7315390,7359694,7358527
1769310240,exit,7252329,7252329,7252329
1769310240,cash,7252329,7252329,7252329
1769311320,entry,7250665,7256203,7254595
1769315760,entry,7249001,7404065,7402685
1769316840,exit,7185940,7302238,7302142
1769316840,cash,7185940,7302238,7302142
1769318470,exit,7307776,7307776,7307776
1769318470,cash,7307776,7307776,7307776
1769460720,entry,7306112,7333802,7332434
1769468110,exit,7427948,7427948,7427948
1769468110,cash,7427948,7427948,7427948
1769477760,entry,7426284,7442898,7441406
1769478300,entry,7424620,7452310,7449271
1769480880,exit,7361559,7472319,7472129
1769480880,cash,7361559,7472319,7472129
1769482500,entry,7359895,7476193,7474433
1769482630,exit,7481731,7509421,7508053
1769482630,cash,7481731,7509421,7508053
1769488080,exit,7418670,7418670,7418670
1769488080,cash,7418670,7418670,7418670
1769558100,entry,7417006,7417006,7415342
1769558760,exit,7353945,7353945,7353945
1769558760,cash,7353945,7353945,7353945
1769560980,entry,7352281,7363357,7361806
1769561460,exit,7289220,7289220,7289220
1769561460,cash,7289220,7289220,7289220
1769569680,entry,7287536,7298750,7297180
1769569860,exit,7223689,7223689,7223689
1769569860,cash,7223689,7223689,7223689
1769646180,entry,7222005,7238826,7237315
1769647200,entry,7220321,7310033,7307795
1769650080,entry,7218637,7403668,7400933
1769650680,entry,7216953,7345914,7340907
1769651340,exit,7153106,7293281,7290201
1769651340,cash,7153106,7293281,7290201
1769651580,entry,7151422,7414951,7411490
1769652360,entry,7149738,7497372,7493446
1769652540,exit,7085891,7439132,7436997
1769652540,cash,7085891,7439132,7436997
1769652900,entry,7084207,7375771,7371123
1769653140,exit,7020360,7267068,7263616
1769653140,cash,7020360,7267068,7263616
1769653380,entry,7018676,7321454,7316936
1769654079,exit,7142030,7355096,7351120
1769654079,cash,7142030,7355096,7351120
1769654500,exit,7265384,7506485,7504480
1769654500,cash,7265384,7506485,7504480
1769655730,exit,7388738,7568162,7567103
1769655730,cash,7388738,7568162,7567103
1769656390,exit,7512092,7584983,7584179
1769656390,cash,7512092,7584983,7584179
1769656980,entry,7510408,7588906,7586499
1769659510,exit,7633762,7628155,7626417
1769659510,cash,7633762,7628155,7626417
1769660100,exit,7569915,7569915,7569915
1769660100,cash,7569915,7569915,7569915
1769735220,entry,7568166,7585635,7584066
1769737920,entry,7566417,7618824,7615906
1769740020,entry,7564668,7593783,7588847
1769741280,entry,7562919,7778370,7774177
1769741837,exit,7691025,7918122,7915733
1769741837,cash,7691025,7918122,7915733
1769742240,entry,7689276,7997895,7994774
1769743860,exit,7622969,7791836,7788929
1769743860,cash,7622969,7791836,7788929
1769743917,exit,7751075,7797659,7794853
1769743917,cash,7751075,7797659,7794853
1769744400,exit,7684768,7807051,7806950
1769744400,cash,7684768,7807051,7806950
1769744837,exit,7812874,7812874,7812874
1769744837,cash,7812874,7812874,7812874
1769745840,entry,7811125,7834417,7832912
1769750217,exit,7939231,7939231,7939231
1769750217,cash,7939231,7939231,7939231
1769825580,entry,7937482,8013181,8012346
1769827140,entry,7935733,8034724,8032356
1769827920,exit,7869426,7991709,7991608
1769827920,cash,7869426,7991709,7991608
1769828956,exit,7997532,7997532,7997532
1769828956,cash,7997532,7997532,7997532
1769830560,entry,7995783,8001606,7999915
1769831100,entry,7994034,8116317,8114327
1769832000,exit,7927727,8032541,8032149
1769832000,cash,7927727,8032541,8032149
1769833080,entry,7925978,8059907,8058175
1769834506,exit,8054084,8112314,8111237
1769834506,cash,8054084,8112314,8111237
1769839978,exit,8182190,8182190,8182190
1769839978,cash,8182190,8182190,8182190
1769884440,entry,8180329,8192719,8190984
1769886240,entry,8178468,8259003,8256228
1769886840,exit,8107925,8083145,8081059
1769886840,cash,8107925,8083145,8081059
1769889120,entry,8106064,8174209,8171234
1769896577,exit,8242354,8372449,8372341
1769896577,cash,8242354,8372449,8372341
1769896817,exit,8378644,8378644,8378644
1769896817,cash,8378644,8378644,8378644
1769897820,entry,8376783,8395368,8393699
1769898600,exit,8306240,8306240,8306240
1769898600,cash,8306240,8306240,8306240
1769903340,entry,8304379,8310574,8308775
1769907960,entry,8302518,8438808,8436901
1769908860,exit,8231975,8362070,8361962
1769908860,cash,8231975,8362070,8361962
1769910120,entry,8230114,8366404,8364497
1769911380,entry,8228253,8420298,8417184
1769913240,exit,8157710,8393120,8392497
1769913240,cash,8157710,8393120,8392497
1769915816,exit,8294000,8424095,8423987
1769915816,cash,8294000,8424095,8423987
1769916146,exit,8430290,8430290,8430290
1769916146,cash,8430290,8430290,8430290
1769974680,entry,8428429,8440819,8439084
1769974920,exit,8357886,8357886,8357886
1769974920,cash,8357886,8357886,8357886
1769974920,entry,8355955,8355955,8354024
1769981206,exit,8497393,8497393,8497393
1769981206,cash,8497393,8497393,8497393
1769990040,entry,8495462,8527607,8526019
1769990580,exit,8422255,8422255,8422255
1769990580,cash,8422255,8422255,8422255
1769996400,entry,8420324,8420324,8418393
1769996640,exit,8347117,8347117,8347117
1769996640,cash,8347117,8347117,8347117
1769999460,entry,8345186,8351615,8349748
1770002220,entry,8343255,8478264,8476221
1770004318,exit,8484693,8478264,8476271
1770004318,cash,8484693,8478264,8476271
1770009097,exit,8626131,8626131,8626131
1770009097,cash,8626131,8626131,8626131
1770066060,entry,8624200,8643487,8641755
1770066300,exit,8550993,8550993,8550993
1770066300,cash,8550993,8550993,8550993
1770080640,entry,8549062,8549062,8547131
1770083040,exit,8475855,8475855,8475855
1770083040,cash,8475855,8475855,8475855
1770089520,entry,8473924,8486782,8484981
1770089640,exit,8400717,8400717,8400717
1770089640,cash,8400717,8400717,8400717
1770167940,entry,8398786,8411644,8409843
1770169080,entry,8396855,8467574,8464541
1770169380,entry,8394924,8433498,8428213
1770169560,entry,8392993,8515144,8508768
1770169980,exit,8319786,8480511,8476528
1770169980,cash,8319786,8480511,8476528
1770176226,exit,8461224,8731242,8731018
1770176226,cash,8461224,8731242,8731018
1770176697,exit,8602662,8737671,8737559
1770176697,cash,8602662,8737671,8737559
1770177537,exit,8744100,8744100,8744100
1770177537,cash,8744100,8744100,8744100
1770179100,entry,8742145,8755161,8753338
1770179280,entry,8740190,8766222,8762585
1770179640,exit,8666083,8744179,8743153
1770179640,cash,8666083,8744179,8743153
1770183976,exit,8809259,8809259,8809259
1770183976,cash,8809259,8809259,8809259
1770184740,entry,8807304,8820320,8818497
1770187987,exit,8950480,8950480,8950480
1770187987,cash,8950480,8950480,8950480
1770255360,entry,8948525,8948525,8946570
1770256680,entry,8946570,8946570,8942669
1770257580,exit,8872463,8944051,8942936
1770257580,cash,8872463,8944051,8942936
1770258240,exit,8798356,8798356,8798356
1770258240,cash,8798356,8798356,8798356
1770260520,entry,8796401,8796401,8794446
1770262140,exit,8722294,8722294,8722294
1770262140,cash,8722294,8722294,8722294
1770267480,entry,8720339,8720339,8718384
1770269040,entry,8718384,8861560,8859412
1770269700,exit,8644277,8709357,8708154
1770269700,cash,8644277,8709357,8708154
1770270420,exit,8570170,8570170,8570170
1770270420,cash,8570170,8570170,8570170
1770342900,entry,8568190,8568190,8566210
1770342960,exit,8493127,8493127,8493127
1770342960,cash,8493127,8493127,8493127
1770345480,entry,8491147,8491147,8489167
1770349920,exit,8636171,8636171,8636171
1770349920,cash,8636171,8636171,8636171
1770351900,entry,8634191,8660559,8658856
1770353220,entry,8632211,8586067,8581711
1770353340,exit,8557148,8570332,8568486
1770353340,cash,8557148,8570332,8568486
1770355020,exit,8482085,8482085,8482085
1770355020,cash,8482085,8482085,8482085
1770427800,entry,8480105,8480105,8478125
1770430620,exit,8405042,8405042,8405042
1770430620,cash,8405042,8405042,8405042
1770430980,entry,8403062,8416246,8414400
1770435109,exit,8548086,8548086,8548086
1770435109,cash,8548086,8548086,8548086
1770438360,entry,8546106,8546106,8544126
1770439740,entry,8544126,8708926,8707071
1770439860,exit,8469063,8600903,8600676
1770439860,cash,8469063,8600903,8600676
1770442389,exit,8614087,8614087,8614087
1770442389,cash,8614087,8614087,8614087
1770495300,entry,8612107,8631883,8630107
1770499200,entry,8610127,8761743,8759782
1770500849,exit,8755151,8695823,8693355
1770500849,cash,8755151,8695823,8693355
1770500880,entry,8753171,8707027,8702713
1770501300,entry,8751191,8764375,8758845
1770501360,exit,8676128,8768416,8765531
1770501360,cash,8676128,8768416,8765531
1770501540,exit,8601065,8647209,8645738
1770501540,cash,8601065,8647209,8645738
1770506520,entry,8599061,8744166,8742113
1770506940,exit,8523076,8661508,8661393
1770506940,cash,8523076,8661508,8661393
1770508179,exit,8668100,8668100,8668100
1770508179,cash,8668100,8668100,8668100
1770514140,entry,8666096,8679442,8677573
1770517680,entry,8664092,8824244,8822330
1770519600,entry,8662088,8855605,8852050
1770520080,entry,8660084,8780198,8773884
1770520140,entry,8658080,8764848,8756419
1770520500,exit,8582095,8755593,8749824
1770520500,cash,8582095,8755593,8749824
1770521820,exit,8506110,8732992,8729844
1770521820,cash,8506110,8732992,8729844
1770522300,exit,8430125,8590277,8588363
1770522300,cash,8430125,8590277,8588363
1770523611,exit,8576931,8690372,8689817
1770523611,cash,8576931,8690372,8689817
1770527220,exit,8723737,8723737,8723737
1770527220,cash,8723737,8723737,8723737
1770578640,entry,8721733,8721733,8719729
1770580020,entry,8719729,8873208,8871083
1770581540,exit,8866535,8993322,8992982
1770581540,cash,8866535,8993322,8992982
1770583560,entry,8864531,9004664,9002544
1770585714,exit,9011337,9084740,9083596
1770585714,cash,9011337,9084740,9083596
1770586140,entry,9009255,9150162,9147846
1770586260,exit,8930332,9050446,9049997
1770586260,cash,8930332,9050446,9049997
1770589475,exit,9077138,9077138,9077138
1770589475,cash,9077138,9077138,9077138
1770687480,entry,9075056,9081987,9079974
1770688980,entry,9072974,9190801,9188041
1770690000,exit,8994051,9111878,9111301
1770690000,cash,8994051,9111878,9111301
1770692121,exit,9146533,9146533,9146533
1770692121,cash,9146533,9146533,9146533
1770695520,entry,9144451,9165244,9163377
1770697980,entry,9142369,9149300,9145220
1770698340,exit,9063446,9153549,9152555
1770698340,cash,9063446,9153549,9152555
1770698880,entry,9061364,9199984,9197664
1770700920,exit,8982441,9127992,9127871
1770700920,cash,8982441,9127992,9127871
1770703140,exit,9134923,9134923,9134923
1770703140,cash,9134923,9134923,9134923
1770769680,entry,9132841,9153634,9151767
1770770760,entry,9130759,9213931,9210692
1770772320,entry,9128677,9225711,9220789
1770772620,exit,9049754,9216098,9214001
1770772620,cash,9049754,9216098,9214001
1770772980,entry,9047672,9179361,9174698
1770775380,exit,8968749,9239058,9238467
1770775380,cash,8968749,9239058,9238467
1770777790,exit,9121231,9266782,9266661
1770777790,cash,9121231,9266782,9266661
1770779560,exit,9273713,9273713,9273713
1770779560,cash,9273713,9273713,9273713
1770857400,entry,9271606,9271606,9269499
1770857700,entry,9269499,9290547,9286545
1770858300,exit,9189608,9133480,9130901
1770858300,cash,9189608,9133480,9130901
1770859020,entry,9187501,9180485,9176203
1770859740,exit,9107610,9226882,9226298
1770859740,cash,9107610,9226882,9226298
1770860340,entry,9105503,9112519,9108375
1770863050,exit,9259855,9379127,9378543
1770863050,cash,9259855,9379127,9378543
1770863760,entry,9257748,9412100,9409894
1770864060,entry,9255641,9438057,9434075
1770864180,entry,9253534,9421918,9415838
1770864660,exit,9173643,9335011,9330934
1770864660,cash,9173643,9335011,9330934
1770866530,exit,9327995,9426219,9423332
1770866530,cash,9327995,9426219,9423332
1770867180,exit,9248104,9395440,9395318
1770867180,cash,9248104,9395440,9395318
1770867560,exit,9402456,9402456,9402456
1770867560,cash,9402456,9402456,9402456
1770869340,entry,9400349,9421397,9419507
1770870240,exit,9320458,9320458,9320458
1770870240,cash,9320458,9320458,9320458
1771093860,entry,9318351,9318351,9316244
1771093980,entry,9316244,9295196,9290854
1771094760,exit,9236353,9278449,9276798
1771094760,cash,9236353,9278449,9276798
1771095900,exit,9156462,9156462,9156462
1771095900,cash,9156462,9156462,9156462
1771098180,entry,9154328,9189848,9188093
1771098840,exit,9073435,9073435,9073435
1771098840,cash,9073435,9073435,9073435
1771101300,entry,9071301,9085509,9083519
1771105980,entry,9069167,9218351,9216093
1771106460,entry,9067033,9265945,9262101
1771107480,exit,8986140,9270300,9269814
1771107480,cash,8986140,9270300,9269814
1771107630,exit,9142428,9263196,9262605
1771107630,cash,9142428,9263196,9262605
1771108500,entry,9140294,9310790,9308752
1771110870,exit,9296582,9253958,9251451
1771110870,cash,9296582,9253958,9251451
1771111140,exit,9215689,9215689,9215689
1771111140,cash,9215689,9215689,9215689
1771114500,entry,9213555,9220659,9218596
1771114560,entry,9211421,9261149,9257429
1771115460,entry,9209287,9401095,9396928
1771117140,exit,9128394,9398346,9397631
1771117140,cash,9128394,9398346,9397631
1771119130,exit,9284682,9433866,9433742
1771119130,cash,9284682,9433866,9433742
1771122110,exit,9440970,9440970,9440970
1771122110,cash,9440970,9440970,9440970
1771123140,entry,9438836,9438836,9436702
1771126140,entry,9436702,9592990,9590714
1771129560,exit,9592990,9742174,9742050
1771129560,cash,9592990,9742174,9742050
1771130450,exit,9749278,9749278,9749278
1771130450,cash,9749278,9749278,9749278
1771180260,entry,9747062,9769199,9767211
1771184670,exit,9909400,9909400,9909400
1771184670,cash,9909400,9909400,9909400
1771372500,entry,9907184,9907184,9904968
1771374480,entry,9904968,10000895,9997621
1771374540,entry,9902752,10050332,10045380
1771375500,exit,9818727,9944170,9941169
1771375500,cash,9818727,9944170,9941169
1771381320,entry,9816511,10133808,10131409
1771382489,exit,9978849,10155945,10153829
1771382489,cash,9978849,10155945,10153829
1771383688,exit,10141187,10229735,10228572
1771383688,cash,10141187,10229735,10228572
1771384680,entry,10138971,10286551,10284032
1771386120,entry,10136755,10446673,10444148
1771387869,exit,10299093,10542600,10541309
1771387869,cash,10299093,10542600,10541309
1771388220,exit,10215068,10370027,10369899
1771388220,cash,10215068,10370027,10369899
1771390258,exit,10377406,10377406,10377406
1771390258,cash,10377406,10377406,10377406
1771457820,entry,10375190,10419464,10417728
1771460760,entry,10372974,10483659,10480602
1771461180,exit,10288949,10436529,10436275
1771461180,cash,10288949,10436529,10436275
1771463160,entry,10286733,10449071,10446800
1771464558,exit,10449071,10434313,10431957
1771464558,cash,10449071,10434313,10431957
1771464720,exit,10365046,10365046,10365046
1771464720,cash,10365046,10365046,10365046
1771464960,entry,10362632,10386743,10384578
1771465860,exit,10271115,10271115,10271115
1771465860,cash,10271115,10271115,10271115
1771469460,entry,10268701,10324960,10323166
1771470420,entry,10266287,10322546,10318305
1771471380,entry,10263873,10231725,10224221
1771471620,exit,10172356,10188430,10183990
1771471620,cash,10172356,10188430,10183990
1771471680,exit,10080839,10129061,10127170
1771471680,cash,10080839,10129061,10127170
1771477294,exit,10257653,10257653,10257653
1771477294,cash,10257653,10257653,10257653
1771550580,entry,10255239,10271313,10269062
1771551360,exit,10163722,10163722,10163722
1771551360,cash,10163722,10163722,10163722
1771552800,entry,10161308,10169345,10167011
1771554600,entry,10158894,10183005,10178426
1771557500,exit,10335708,10391967,10390173
1771557500,cash,10335708,10391967,10390173
1771559160,exit,10512522,10512522,10512522
1771559160,cash,10512522,10512522,10512522
1771561740,entry,10510108,10510108,10507694
1771563360,exit,10418591,10418591,10418591
1771563360,cash,10418591,10418591,10418591
1771695120,entry,10416177,10416177,10413763
1771701360,entry,10413763,10582540,10579986
1771702066,exit,10590577,10614688,10612523
1771702066,cash,10590577,10614688,10612523
1771702980,entry,10588130,10636352,10632014
1771703700,exit,10495372,10632001,10631332
1771703700,cash,10495372,10632001,10631332
1771704960,entry,10492925,10710578,10708522
1771705740,exit,10400167,10568944,10568804
1771705740,cash,10400167,10568944,10568804
1771706856,exit,10576981,10576981,10576981
1771706856,cash,10576981,10576981,10576981
1771710420,entry,10574534,10607118,10605013
1771713660,entry,10572087,10743153,10740564
1771715880,exit,10479329,10650395,10650253
1771715880,cash,10479329,10650395,10650253
1771717440,entry,10476882,10696824,10694766
1771718096,exit,10656094,10753846,10752563
1771718096,cash,10656094,10753846,10752563
1771724220,entry,10653647,10841005,10838582
1771724640,exit,10560889,10731955,10731813
1771724640,cash,10560889,10731955,10731813
1771726380,entry,10558442,10745800,10743377
1771727280,exit,10465684,10636750,10636608
1771727280,cash,10465684,10636750,10636608
1771727546,exit,10644896,10644896,10644896
1771727546,cash,10644896,10644896,10644896
1771728780,entry,10642449,10642449,10640002
1771735266,exit,10821661,10821661,10821661
1771735266,cash,10821661,10821661,10821661
1771735920,entry,10819214,10851798,10849693
1771736940,exit,10726456,10726456,10726456
1771736940,cash,10726456,10726456,10726456
1771796280,entry,10723978,10732229,10729833
1771799400,entry,10721500,10919524,10917108
1771800300,exit,10627546,10800817,10800674
1771800300,cash,10627546,10800817,10800674
1771802406,exit,10809068,10809068,10809068
1771802406,cash,10809068,10809068,10809068
1771803660,entry,10806590,10814841,10812445
1771804020,exit,10712636,10712636,10712636
1771804020,cash,10712636,10712636,10712636
1771809180,entry,10710158,10718409,10716013
1771812367,exit,10891680,10891680,10891680
1771812367,cash,10891680,10891680,10891680
1771813080,entry,10889202,10897453,10895057
1771817156,exit,11070724,11070724,11070724
1771817156,cash,11070724,11070724,11070724
1771898220,entry,11068246,11076497,11074101
1771902837,exit,11249768,11249768,11249768
1771902837,cash,11249768,11249768,11249768
1771903980,entry,11247290,11280294,11278162
1771909426,exit,11428812,11428812,11428812
1771909426,cash,11428812,11428812,11428812
1771980420,entry,11426334,11426334,11423856
1771982220,entry,11423856,11456860,11452250
1771982700,entry,11421378,11314115,11305758
1771982760,exit,11327424,11286169,11280884
1771982760,cash,11327424,11286169,11280884
1771983360,exit,11233470,11200466,11197687
1771983360,cash,11233470,11200466,11197687
1771984380,entry,11230992,11263996,11259374
1771986300,entry,11228514,11385283,11379997
1771986660,exit,11134560,11324333,11321676
1771986660,cash,11134560,11324333,11321676
1771987800,exit,11040606,11213877,11213734
1771987800,cash,11040606,11213877,11213734
1771989360,entry,11038033,11245564,11243208
1771989480,entry,11035460,11260121,11255390
1771989660,entry,11032887,11283243,11276199
1771989855,exit,11214409,11385709,11379901
1771989855,cash,11214409,11385709,11379901
1771990680,exit,11116879,11399524,11398002
1771990680,cash,11116879,11399524,11398002
1771991040,entry,11114306,11448341,11445043
1771993336,exit,11302736,11414081,11410784
1771993336,cash,11302736,11414081,11410784
1771993920,exit,11205206,11385071,11384922
1771993920,cash,11205206,11385071,11384922
1771994760,entry,11202633,11391063,11388427
1771994820,entry,11200060,11371360,11365983
1771995065,exit,11388490,11414185,11409317
1771995065,cash,11388490,11414185,11409317
1772002555,exit,11576920,11756785,11756636
1772002555,cash,11576920,11756785,11756636
1772003165,exit,11765350,11765350,11765350
1772003165,cash,11765350,11765350,11765350
1772062440,entry,11762777,11771342,11768855
1772064480,exit,11665247,11665247,11665247
1772064480,cash,11665247,11665247,11665247
1772068620,entry,11662674,11662674,11660101
1772072460,entry,11660101,11874226,11871864
1772072940,exit,11562571,11742436,11742287
1772072940,cash,11562571,11742436,11742287
1772073180,entry,11559900,11802023,11799889
1772073360,entry,11557229,11843822,11839538
1772075285,exit,11745659,11968009,11965395
1772075285,cash,11745659,11968009,11965395
1772081475,exit,11941327,12128101,12127946
1772081475,cash,11941327,12128101,12127946
1772081815,exit,12136995,12136995,12136995
1772081815,cash,12136995,12136995,12136995
1772081940,entry,12134324,12187688,12185596
1772084866,exit,12329992,12329992,12329992
1772084866,cash,12329992,12329992,12329992
1772154060,entry,12327321,12327321,12324650
1772156340,exit,12226045,12226045,12226045
1772156340,cash,12226045,12226045,12226045
1772157840,entry,12223374,12223374,12220703
1772159040,exit,12122098,12122098,12122098
1772159040,cash,12122098,12122098,12122098
1772160120,entry,12119427,12155003,12152705
1772161020,entry,12116756,12205696,12201381
1772161260,entry,12114085,12203025,12196359
1772161860,exit,12012809,12297417,12295689
1772161860,cash,12012809,12297417,12295689
1772163060,entry,12010138,12357004,12353480
1772163718,exit,12205806,12454838,12452624
1772163718,cash,12205806,12454838,12452624
1772164380,exit,12104530,12291304,12291149
1772164380,cash,12104530,12291304,12291149
1772167517,exit,12300198,12300198,12300198
1772167517,cash,12300198,12300198,12300198
1772245200,entry,12297356,12344661,12342324
1772245800,entry,12294514,12266131,12260184
1772250416,exit,12502656,12701337,12701173
1772250416,cash,12502656,12701337,12701173
1772251646,exit,12710798,12710798,12710798
1772251646,cash,12710798,12710798,12710798
1772306760,entry,12707956,12745800,12743356
1772312880,entry,12705114,12932178,12929465
1772316627,exit,12913256,13036249,13034893
1772316627,cash,12913256,13036249,13034893
1772317200,entry,12910414,13118556,13115645
1772318966,exit,13118556,13307776,13307451
1772318966,cash,13118556,13307776,13307451
1772321100,entry,13115714,13314395,13311389
1772322240,entry,13112872,13321014,13315261
1772322420,exit,13005140,13241665,13239057
1772322420,cash,13005140,13241665,13239057
1772324100,entry,13002298,13342894,13338644
1772325120,entry,12999456,13264364,13256409
1772327040,exit,12891724,13487767,13487275
1772327040,cash,12891724,13487767,13487275
1772327566,exit,13099866,13497228,13496900
1772327566,cash,13099866,13497228,13496900
1772328456,exit,13308008,13506689,13506525
1772328456,cash,13308008,13506689,13506525
1772330520,entry,13305166,13522769,13519955
1772330640,entry,13302324,13529388,13523833
1772330886,exit,13510466,13614537,13609974
1772330886,cash,13510466,13614537,13609974
1772331660,exit,13402734,13468961,13466850
1772331660,cash,13402734,13468961,13466850
1772332440,exit,13295002,13295002,13295002
1772332440,cash,13295002,13295002,13295002
1772335020,entry,13291906,13312524,13309637
1772342366,exit,13518704,13518704,13518704
1772342366,cash,13518704,13518704,13518704
1772386560,entry,13515608,13536226,13533339
1772389620,exit,13398220,13398220,13398220
1772389620,cash,13398220,13398220,13398220
1772391840,entry,13395124,13415742,13412855
1772393340,exit,13277736,13277736,13277736
1772393340,cash,13277736,13277736,13277736
1772399880,entry,13274640,13336494,13334069
1772400420,exit,13157252,13157252,13157252
1772400420,cash,13157252,13157252,13157252
1772400840,entry,13154156,13154156,13151060
1772401380,exit,13036768,13036768,13036768
1772401380,cash,13036768,13036768,13036768
1772403540,entry,13033672,13043981,13040988
1772404260,exit,12916284,12916284,12916284
1772404260,cash,12916284,12916284,12916284
1772408520,entry,12913188,12923497,12920504
1772408880,exit,12795800,12795800,12795800
1772408880,cash,12795800,12795800,12795800
1772412960,entry,12792704,12792704,12789608
1772413560,exit,12675316,12675316,12675316
1772413560,cash,12675316,12675316,12675316
1772416500,entry,12672220,12672220,12669124
1772423257,exit,12899018,12899018,12899018
1772423257,cash,12899018,12899018,12899018
1772500260,entry,12896038,12905960,12903079
1772506337,exit,13114322,13114322,13114322
1772506337,cash,13114322,13114322,13114322
1772509620,entry,13111342,13121264,13118383
1772513100,exit,12998360,12998360,12998360
1772513100,cash,12998360,12998360,12998360
1772584860,entry,12995380,13015224,13012445
1772585400,entry,12992400,12932868,12926387
1772585640,entry,12989420,13108484,13100891
1772586900,exit,12876438,13025268,13021157
1772586900,cash,12876438,13025268,13021157
1772587140,entry,12873458,13151274,13145775
1772587320,exit,12760476,12998604,12995648
1772587320,cash,12760476,12998604,12995648
1772587680,entry,12757496,13055156,13049970
1772590020,exit,12644514,13061238,13060894
1772590020,cash,12644514,13061238,13060894
1772590980,entry,12641534,13117790,13115112
1772591280,entry,12638554,13204108,13199562
1772593076,exit,12856838,13442236,13441056
1772593076,cash,12856838,13442236,13441056
1772593560,entry,12853858,13330114,13324407
1772595096,exit,13072142,13518632,13515337
1772595096,cash,13072142,13518632,13515337
1772595696,exit,13290426,13349958,13345199
1772595696,cash,13290426,13349958,13345199
1772595780,exit,13177444,13286586,13284886
1772595780,cash,13177444,13286586,13284886
1772599616,exit,13395728,13395728,13395728
1772599616,cash,13395728,13395728,13395728
1772600100,entry,13392633,13423545,13420769
1772608567,exit,13619321,13619321,13619321
1772608567,cash,13619321,13619321,13619321
1772672100,entry,13616226,13647138,13644362
1772672940,entry,13613131,13654347,13648579
1772673600,entry,13610036,13754292,13746590
1772674260,entry,13606941,13854237,13844724
1772675400,exit,13489610,13963594,13960278
1772675400,cash,13489610,13963594,13960278
1772678580,entry,13486515,14145971,14142442
1772678820,entry,13483420,14101660,14094748
1772679416,exit,13710108,14266524,14261495
1772679416,cash,13710108,14266524,14261495
1772680037,exit,13936796,14297436,14292834
1772680037,cash,13936796,14297436,14292834
1772680057,exit,14163484,14307740,14303317
1772680057,cash,14163484,14307740,14303317
1772680440,entry,14160389,14387077,14380580
1772680560,exit,14043058,14280050,14276920
1772680560,cash,14043058,14280050,14276920
1772685386,exit,14269746,14486130,14485951
1772685386,cash,14269746,14486130,14485951
1772687456,exit,14496434,14496434,14496434
1772687456,cash,14496434,14496434,14496434
1772758320,entry,14493339,14503643,14500651
1772764388,exit,14720027,14720027,14720027
1772764388,cash,14720027,14720027,14720027
1772765040,entry,14716932,14727236,14724244
1772768860,exit,14943620,14943620,14943620
1772768860,cash,14943620,14943620,14943620
1772768940,entry,14940168,14974653,14971557
1772769600,exit,14809275,14809275,14809275
1772769600,cash,14809275,14809275,14809275
1772769900,entry,14805823,14805823,14802371
1772771220,exit,14674930,14674930,14674930
1772771220,cash,14674930,14674930,14674930
1772845080,entry,14671478,14694468,14691249
1772851068,exit,14924368,14924368,14924368
1772851068,cash,14924368,14924368,14924368
1772852640,entry,14920916,14932411,14929073
1772853420,entry,14917464,14905969,14899002
1772854020,exit,14786571,14798066,14794728
1772854020,cash,14786571,14798066,14794728
1772854440,entry,14783119,14771624,14764609
1772857680,exit,14652226,14893621,14893421
1772857680,cash,14652226,14893621,14893421
1772858379,exit,14905116,14905116,14905116
1772858379,cash,14905116,14905116,14905116
1772904420,entry,14901664,14913159,14909821
1772904960,entry,14898212,14886717,14879782
1772905080,exit,14767319,14801804,14798708
1772905080,cash,14767319,14801804,14798708
1772907240,exit,14636426,14636426,14636426
1772907240,cash,14636426,14636426,14636426
1772907480,entry,14632974,14632974,14629522
1772907900,exit,14502081,14502081,14502081
1772907900,cash,14502081,14502081,14502081
1772913240,entry,14498629,14544609,14541639
1772913840,entry,14495177,14679097,14674510
1772914320,entry,14491725,14675645,14667674
1772914320,entry,14488273,14683688,14672379
1772914500,entry,14484821,14657246,14642348
1772916720,exit,14353928,15204558,15201896
1772916720,cash,14353928,15204558,15201896
1772919558,exit,14606818,15331003,15330403
1772919558,cash,14606818,15331003,15330403
1772920718,exit,14859708,15342498,15342098
1772920718,cash,14859708,15342498,15342098
1772920988,exit,15112598,15353993,15353793
1772920988,cash,15112598,15353993,15353793
1772922768,exit,15365488,15365488,15365488
1772922768,cash,15365488,15365488,15365488
1772923440,entry,15362172,15362172,15358856
1772924100,entry,15358856,15579676,15575784
1772924640,exit,15233132,15310419,15307955
1772924640,cash,15233132,15310419,15307955
1772926140,entry,15229816,15505841,15502797
1772926740,exit,15104092,15335953,15335761
1772926740,cash,15104092,15335953,15335761
1772927888,exit,15346994,15346994,15346994
1772927888,cash,15346994,15346994,15346994
1772936580,entry,15343678,15354719,15351513
1772937840,entry,15340362,15351403,15344881
1772937840,entry,15337046,15359128,15349400
1772938140,exit,15211322,15288609,15282898
1772938140,cash,15211322,15288609,15282898
1772938860,exit,15085598,15273295,15272377
1772938860,cash,15085598,15273295,15272377
1772939820,entry,15082282,15292061,15287997
1772943128,exit,15325184,15557045,15556853
1772943128,cash,15325184,15557045,15556853
1772946078,exit,15568086,15568086,15568086
1772946078,cash,15568086,15568086,15568086
1772992680,entry,15564546,15588122,15584821
1773001378,exit,15823882,15823882,15823882
1773001378,cash,15823882,15823882,15823882
1773005160,entry,15820342,15820342,15816802
1773006180,entry,15816802,16017198,16012678
1773006960,exit,15682572,15847604,15846085
1773006960,cash,15682572,15847604,15846085
1773008909,exit,15941908,15941908,15941908
1773008909,cash,15941908,15941908,15941908
1773023280,entry,15938368,16009096,16006323
1773028769,exit,16197704,16197704,16197704
1773028769,cash,16197704,16197704,16197704
1773114000,entry,16194164,16205952,16202529
1773118803,exit,16453500,16453500,16453500
1773118803,cash,16453500,16453500,16453500
1773164280,entry,16449960,16461748,16458325
1773166440,exit,16315730,16315730,16315730
1773166440,cash,16315730,16315730,16315730
1773172500,entry,16312190,16312190,16308650
1773178740,entry,16308650,16579774,16576268
1773178860,entry,16305110,16623386,16616835
1773180490,exit,16564446,16929874,16927490
1773180490,cash,16564446,16929874,16927490
1773183100,exit,16823782,17047754,17047153
1773183100,cash,16823782,17047754,17047153
1773185290,exit,17083118,17083118,17083118
1773185290,cash,17083118,17083118,17083118
1773190140,entry,17079172,17079172,17075226
1773190740,exit,16929547,16929547,16929547
1773190740,cash,16929547,16929547,16929547
1773191160,entry,16925601,16925601,16921655
1773192840,entry,16921655,16947935,16940309
1773193140,exit,16772030,16798310,16794630
1773193140,cash,16772030,16798310,16794630
1773193440,exit,16622405,16622405,16622405
1773193440,cash,16622405,16622405,16622405
1773197220,entry,16618459,16618459,16614513
1773197460,entry,16614513,16561953,16553582
1773198060,exit,16464888,16438608,16434413
1773198060,cash,16464888,16438608,16434413
1773198180,entry,16460942,16539782,16532707
1773198480,entry,16456996,16456996,16445377
1773200520,exit,16307371,16740991,16738693
1773200520,cash,16307371,16740991,16738693
1773201420,exit,16157746,16433686,16433458
1773201420,cash,16157746,16433686,16433458
1773203196,exit,16446826,16446826,16446826
1773203196,cash,16446826,16446826,16446826
1773204180,entry,16442880,16469160,16465480
1773207927,exit,16731960,16731960,16731960
1773207927,cash,16731960,16731960,16731960
1773258000,entry,16728014,16767434,16763895
1773258360,exit,16578389,16578389,16578389
1773258360,cash,16578389,16578389,16578389
1773271500,entry,16574443,16587583,16583768
1773271980,entry,16570497,16623057,16615716
1773275580,entry,16566551,16921331,16914028
1773276960,exit,16416926,16968806,16968350
1773276960,cash,16416926,16968806,16968350
1773279360,entry,16413133,17002897,16999039
1773280500,exit,16269338,16821218,16820762
1773280500,cash,16269338,16821218,16820762
1773280867,exit,16558418,16834358,16834130
1773280867,cash,16558418,16834358,16834130
1773282647,exit,16847498,16847498,16847498
1773282647,cash,16847498,16847498,16847498
1773284220,entry,16843705,16843705,16839912
1773284340,entry,16839912,16940936,16934415
1773285900,entry,16836119,17164447,17157316
1773286937,exit,17113935,17492775,17489915
1773286937,cash,17113935,17492775,17489915
1773288000,entry,17110142,17653146,17648957
1773290017,exit,17387958,17766798,17764079
1773290017,cash,17387958,17766798,17764079
1773290617,exit,17665774,17930962,17930743
1773290617,cash,17665774,17930962,17930743
1773292537,exit,17943590,17943590,17943590
1773292537,cash,17943590,17943590,17943590
1773335580,entry,17939797,17939797,17936004
1773336060,entry,17936004,18024400,18017789
1773336420,entry,17932211,18222655,18214744
1773337200,entry,17928418,18383026,18373350
1773339960,exit,17784623,18580187,18579530
1773339960,cash,17784623,18580187,18579530
1773340985,exit,18062439,18592815,18592377
1773340985,cash,18062439,18592815,18592377
1773341835,exit,18340255,18605443,18605224
1773341835,cash,18340255,18605443,18605224
1773343305,exit,18618071,18618071,18618071
1773343305,cash,18618071,18618071,18618071
1773346980,entry,18613834,18656155,18652355
1773348480,exit,18453198,18453198,18453198
1773348480,cash,18453198,18453198,18453198
1773349140,entry,18448961,18477175,18473225
1773349740,exit,18288325,18288325,18288325
1773349740,cash,18288325,18288325,18288325
1773360600,entry,18284088,18284088,18279851
1773361200,entry,18279851,18505563,18499741
1773361560,exit,18119215,18373141,18372193
1773361560,cash,18119215,18373141,18372193
1773362340,exit,17958579,17958579,17958579
1773362340,cash,17958579,17958579,17958579
1773366420,entry,17954342,17982556,17978606
1773370380,entry,17950105,18147603,18141485
1773371820,exit,17789469,18057502,18056783
1773371820,cash,17789469,18057502,18056783
1773375978,exit,18099823,18099823,18099823
1773375978,cash,18099823,18099823,18099823
1773445740,entry,18095586,18137907,18134107
1773449820,entry,18091349,18387596,18383114
1773451918,exit,18401703,18373489,18368986
1773451918,cash,18401703,18373489,18368986
1773452100,exit,18241067,18241067,18241067
1773452100,cash,18241067,18241067,18241067
1773456720,entry,18236830,18236830,18232593
1773464158,exit,18547184,18547184,18547184
1773464158,cash,18547184,18547184,18547184
1773509460,entry,18542899,18571433,18567438
1773510180,exit,18380441,18380441,18380441
1773510180,cash,18380441,18380441,18380441
1773512340,entry,18376156,18390423,18386280
1773519348,exit,18690030,18690030,18690030
1773519348,cash,18690030,18690030,18690030
1773536340,entry,18685745,18771347,18767991
1773537540,entry,18681460,18724261,18716133
1773541080,exit,18519002,18747274,18745865
1773541080,cash,18519002,18747274,18745865
1773542979,exit,18832876,18832876,18832876
1773542979,cash,18832876,18832876,18832876
1773548520,entry,18828591,18828591,18824306
1773549960,exit,18666133,18666133,18666133
1773549960,cash,18666133,18666133,18666133
1773608520,entry,18661848,18661848,18657563
1773609720,entry,18657563,18843034,18836554
1773612349,exit,18971437,19271044,19270796
1773612349,cash,18971437,19271044,19270796
1773612729,exit,19285311,19285311,19285311
1773612729,cash,19285311,19285311,19285311
1773631380,entry,19281026,19309560,19305565
1773632640,exit,19118568,19118568,19118568
1773632640,cash,19118568,19118568,19118568
1773709380,entry,19114283,19114283,19109998
1773714579,exit,19428157,19428157,19428157
1773714579,cash,19428157,19428157,19428157
1773793740,entry,19423872,19438139,19433996
1773794520,exit,19261414,19261414,19261414
1773794520,cash,19261414,19261414,19261414
1773939660,entry,19256964,19360676,19357370
1773942060,exit,19088255,19088255,19088255
1773942060,cash,19088255,19088255,19088255
1773964020,entry,19083805,19113437,19109288
1773968760,entry,19079355,19479387,19475645
1773970500,entry,19074905,19474937,19466704
1773971400,exit,18906196,19528468,19527954
1773971400,cash,18906196,19528468,19527954
1773971760,exit,19232148,19543284,19543027
1773971760,cash,19232148,19543284,19543027
1773972420,entry,19227698,19553650,19549091
1773978221,exit,19553650,19864786,19864529
1773978221,cash,19553650,19864786,19864529
1773978441,exit,19879602,19879602,19879602
1773978441,cash,19879602,19879602,19879602
1774048440,entry,19875152,19904784,19900635
1774050720,entry,19870702,19826254,19816994
1774051500,exit,19701993,19820521,19817399
1774051500,cash,19701993,19820521,19817399
1774053720,entry,19697543,19771623,19763494
1774054320,entry,19693093,19870885,19859796
1774054440,entry,19688643,19762723,19745787
1774054500,entry,19684193,19758273,19736893
1774054740,exit,19515484,19589564,19572572
1774054740,cash,19515484,19589564,19572572
1774056480,exit,19346775,20206103,20204089
1774056480,cash,19346775,20206103,20204089
1774057740,exit,19178066,19800338,19799824
1774057740,cash,19178066,19800338,19799824
1774058741,exit,19504018,19815154,19814897
1774058741,cash,19504018,19815154,19814897
1774059590,exit,19829970,19829970,19829970
1774059590,cash,19829970,19829970,19829970
1774133820,entry,19825464,19855470,19851269
1774136811,exit,20155530,20155530,20155530
1774136811,cash,20155530,20155530,20155530
1774144320,entry,20151024,20166027,20161671
1774144860,entry,20146518,20101509,20092447
1774144980,exit,19975679,20095703,20092541
1774144980,cash,19975679,20095703,20092541
1774145640,exit,19804840,19804840,19804840
1774145640,cash,19804840,19804840,19804840
1774210440,entry,19800334,19875349,19871644
1774213341,exit,20130400,20130400,20130400
1774213341,cash,20130400,20130400,20130400
1774230420,entry,20125894,20140897,20136541
1774230720,exit,19955055,19955055,19955055
1774230720,cash,19955055,19955055,19955055
1774309800,entry,19950549,19965552,19961196
1774310460,entry,19946043,20096073,20088794
1774312140,exit,19775204,20000249,19998539
1774312140,cash,19775204,20000249,19998539
1774315920,entry,19770698,20190782,20187174
1774316460,exit,19599859,19914922,19914662
1774316460,cash,19599859,19914922,19914662
1774317161,exit,19929925,19929925,19929925
1774317161,cash,19929925,19929925,19929925
1774411740,entry,19925419,19955425,19951224
1774414800,exit,19754580,19754580,19754580
1774414800,cash,19754580,19754580,19754580
1774483080,entry,19750016,19795601,19791508
1774484460,entry,19745452,19942987,19936085
1774484940,exit,19572427,19663597,19660023
1774484940,cash,19572427,19663597,19660023
1774487820,exit,19399402,19399402,19399402
1774487820,cash,19399402,19399402,19399402
1774489980,entry,19394838,19394838,19390274
1774493400,entry,19390274,19739759,19735240
1774495940,exit,19724564,19846124,19842922
1774495940,cash,19724564,19846124,19842922
1774500570,exit,20058854,20058854,20058854
1774500570,cash,20058854,20058854,20058854
1774569660,entry,20054290,20054290,20049726
1774571220,entry,20049726,20140896,20132710
1774575338,exit,20384016,20703111,20702847
1774575338,cash,20384016,20703111,20702847
1774575738,exit,20718306,20718306,20718306
1774575738,cash,20718306,20718306,20718306
1774582080,entry,20713742,20759327,20755234
1774585428,exit,21048032,21048032,21048032
1774585428,cash,21048032,21048032,21048032
1774659600,entry,21043468,21043468,21038904
1774660260,entry,21038904,21069294,21060470
1774661940,exit,20865879,21002634,20999626
1774661940,cash,20865879,21002634,20999626
1774663458,exit,21200169,21200169,21200169
1774663458,cash,21200169,21200169,21200169
1774664940,entry,21195605,21225995,21221740
1774665420,exit,21022580,21022580,21022580
1774665420,cash,21022580,21022580,21022580
1774670580,entry,21017723,21050065,21045537
1774673718,exit,21373485,21373485,21373485
1774673718,cash,21373485,21373485,21373485
1774738740,entry,21368628,21368628,21363771
1774742557,exit,21724390,21724390,21724390
1774742557,cash,21724390,21724390,21724390
1774743060,entry,21719533,21751875,21747347
1774749588,exit,22075295,22075295,22075295
1774749588,cash,22075295,22075295,22075295
1774824540,entry,22070438,22086609,22081914
1774827480,entry,22065581,22389001,22383300
1774830128,exit,22421343,22744763,22744208
1774830128,cash,22421343,22744763,22744208
1774834537,exit,22777105,22777105,22777105
1774834537,cash,22777105,22777105,22777105
1774917840,entry,22772248,22788419,22783724
1774918620,exit,22588110,22588110,22588110
1774918620,cash,22588110,22588110,22588110
1774918800,entry,22583253,22599424,22594729
1774922988,exit,22939015,22939015,22939015
1774922988,cash,22939015,22939015,22939015
1775002500,entry,22934158,22934158,22929301
1775004480,exit,22750020,22750020,22750020
1775004480,cash,22750020,22750020,22750020
1775005380,entry,22745163,22745163,22740306
1775005620,entry,22740306,22934358,22926773
1775007480,entry,22735449,22945672,22933374
1775010748,exit,23091211,23770393,23769831
1775010748,cash,23091211,23770393,23769831
1775012007,exit,23446973,23786564,23786283
1775012007,cash,23446973,23786564,23786283
1775012248,exit,23802735,23802735,23802735
1775012248,cash,23802735,23802735,23802735
1775014260,entry,23797318,23833390,23828339
1775016480,entry,23791901,24152621,24146465
1775017920,exit,23586526,23965282,23964969
1775017920,cash,23586526,23965282,23964969
1775019738,exit,23983318,23983318,23983318
1775019738,cash,23983318,23983318,23983318
1775087760,entry,23977901,23995937,23990700
1775087820,entry,23972484,23972484,23961657
1775091840,entry,23967067,24724579,24718536
1775093388,exit,24363859,25013155,25010787
1775093388,cash,24363859,25013155,25010787
1775094468,exit,24760651,25139407,25139094
1775094468,cash,24760651,25139407,25139094
1775096978,exit,25157443,25157443,25157443
1775096978,cash,25157443,25157443,25157443
1775101680,entry,25152026,25170062,25164825
1775109367,exit,25548818,25548818,25548818
1775109367,cash,25548818,25548818,25548818
