test_id,sport,event_id,game_id,contract_id,signal_ts,exit_ts,cash_ts,exit_reason,terminal_result,settlement_ts,local_day,observed_close_cents,overshoot_cents,stage,cash_label,clock_bucket,legacy_lock_intersection,diagnostic_conditioned,population_id,run_id,scenario_id
OCT_2025,NBA,KXNBAGAME-25OCT31NYKCHI,KXNBAGAME-25OCT31NYKCHI,KXNBAGAME-25OCT31NYKCHI-CHI,1761959040,1761960780,1761960780,STOP,yes,1761965967,2025-10-31,78,0,STAGE_UNLABELED,ASSUMED_SALE_AT_STOP_SIGNAL,Q2,True,True,PRIMARY_EX_ANTE_FIRST78,oos_adverse_20260926T082326Z,REF
OCT_2025,NBA,KXNBAGAME-25OCT31ATLIND,KXNBAGAME-25OCT31ATLIND,KXNBAGAME-25OCT31ATLIND-ATL,1761957240,1761962378,1761962378,WIN_SETTLEMENT,yes,1761962378,2025-10-31,79,1,STAGE_UNLABELED,HYPOTHETICAL_CASH_AT_SETTLEMENT_TIME,Q3,True,True,PRIMARY_EX_ANTE_FIRST78,oos_adverse_20260926T082326Z,REF
OCT_2025,NBA,KXNBAGAME-25OCT31BOSPHI,KXNBAGAME-25OCT31BOSPHI,KXNBAGAME-25OCT31BOSPHI-BOS,1761954420,1761956940,1761956940,STOP,yes,1761962989,2025-10-31,79,1,STAGE_UNLABELED,ASSUMED_SALE_AT_STOP_SIGNAL,Q2,True,True,PRIMARY_EX_ANTE_FIRST78,oos_adverse_20260926T082326Z,REF
OCT_2025,NBA,KXNBAGAME-25OCT30MIASAS,KXNBAGAME-25OCT30MIASAS,KXNBAGAME-25OCT30MIASAS-SAS,1761875940,1761878100,1761878100,STOP,yes,1761880755,2025-10-30,78,0,STAGE_UNLABELED,ASSUMED_SALE_AT_STOP_SIGNAL,Q3,True,True,PRIMARY_EX_ANTE_FIRST78,oos_adverse_20260926T082326Z,REF
OCT_2025,NBA,KXNBAGAME-25OCT30ORLCHA,KXNBAGAME-25OCT30ORLCHA,KXNBAGAME-25OCT30ORLCHA-ORL,1761868500,1761874769,1761874769,WIN_SETTLEMENT,yes,1761874769,2025-10-30,79,1,STAGE_UNLABELED,HYPOTHETICAL_CASH_AT_SETTLEMENT_TIME,Q2,True,True,PRIMARY_EX_ANTE_FIRST78,oos_adverse_20260926T082326Z,REF
OCT_2025,NBA,KXNBAGAME-25OCT29LALMIN,KXNBAGAME-25OCT29LALMIN,KXNBAGAME-25OCT29LALMIN-LAL,1761794400,1761796980,1761796980,STOP,yes,1761798555,2025-10-29,80,2,STAGE_UNLABELED,ASSUMED_SALE_AT_STOP_SIGNAL,Q3,False,True,PRIMARY_EX_ANTE_FIRST78,oos_adverse_20260926T082326Z,REF
OCT_2025,NBA,KXNBAGAME-25OCT29PORUTA,KXNBAGAME-25OCT29PORUTA,KXNBAGAME-25OCT29PORUTA-POR,1761791700,1761797657,1761797657,WIN_SETTLEMENT,yes,1761797657,2025-10-29,78,0,STAGE_UNLABELED,HYPOTHETICAL_CASH_AT_SETTLEMENT_TIME,Q3,True,True,PRIMARY_EX_ANTE_FIRST78,oos_adverse_20260926T082326Z,REF
OCT_2025,NBA,KXNBAGAME-25OCT29SACCHI,KXNBAGAME-25OCT29SACCHI,KXNBAGAME-25OCT29SACCHI-CHI,1761787500,1761792261,1761792261,WIN_SETTLEMENT,yes,1761792261,2025-10-29,78,0,STAGE_UNLABELED,HYPOTHETICAL_CASH_AT_SETTLEMENT_TIME,Q3,True,True,PRIMARY_EX_ANTE_FIRST78,oos_adverse_20260926T082326Z,REF
OCT_2025,NBA,KXNBAGAME-25OCT29ORLDET,KXNBAGAME-25OCT29ORLDET,KXNBAGAME-25OCT29ORLDET-DET,1761785700,1761791078,1761791078,WIN_SETTLEMENT,yes,1761791078,2025-10-29,81,3,STAGE_UNLABELED,HYPOTHETICAL_CASH_AT_SETTLEMENT_TIME,Q3,True,True,PRIMARY_EX_ANTE_FIRST78,oos_adverse_20260926T082326Z,REF
OCT_2025,NBA,KXNBAGAME-25OCT29INDDAL,KXNBAGAME-25OCT29INDDAL,KXNBAGAME-25OCT29INDDAL-DAL,1761791460,1761795260,1761795260,WIN_SETTLEMENT,yes,1761795260,2025-10-29,78,0,STAGE_UNLABELED,HYPOTHETICAL_CASH_AT_SETTLEMENT_TIME,Q3,False,False,PRIMARY_EX_ANTE_FIRST78,oos_adverse_20260926T082326Z,REF
OCT_2025,NBA,KXNBAGAME-25OCT29CLEBOS,KXNBAGAME-25OCT29CLEBOS,KXNBAGAME-25OCT29CLEBOS-BOS,1761784500,1761789871,1761789871,WIN_SETTLEMENT,yes,1761789871,2025-10-29,81,3,STAGE_UNLABELED,HYPOTHETICAL_CASH_AT_SETTLEMENT_TIME,Q3,True,True,PRIMARY_EX_ANTE_FIRST78,oos_adverse_20260926T082326Z,REF
OCT_2025,NBA,KXNBAGAME-25OCT28LACGSW,KXNBAGAME-25OCT28LACGSW,KXNBAGAME-25OCT28LACGSW-GSW,1761713400,1761716949,1761716949,WIN_SETTLEMENT,yes,1761716949,2025-10-28,78,0,STAGE_UNLABELED,HYPOTHETICAL_CASH_AT_SETTLEMENT_TIME,Q3,True,True,PRIMARY_EX_ANTE_FIRST78,oos_adverse_20260926T082326Z,REF
OCT_2025,NBA,KXNBAGAME-25OCT28NYKMIL,KXNBAGAME-25OCT28NYKMIL,KXNBAGAME-25OCT28NYKMIL-NYK,1761699900,1761701700,1761701700,STOP,no,1761707368,2025-10-28,79,1,STAGE_UNLABELED,ASSUMED_SALE_AT_STOP_SIGNAL,Q2,True,True,PRIMARY_EX_ANTE_FIRST78,oos_adverse_20260926T082326Z,REF
OCT_2025,NBA,KXNBAGAME-25OCT28CHAMIA,KXNBAGAME-25OCT28CHAMIA,KXNBAGAME-25OCT28CHAMIA-MIA,1761697980,1761704727,1761704727,WIN_SETTLEMENT,yes,1761704727,2025-10-28,78,0,STAGE_UNLABELED,HYPOTHETICAL_CASH_AT_SETTLEMENT_TIME,Q2,True,True,PRIMARY_EX_ANTE_FIRST78,oos_adverse_20260926T082326Z,REF
OCT_2025,NBA,KXNBAGAME-25OCT28PHIWAS,KXNBAGAME-25OCT28PHIWAS,KXNBAGAME-25OCT28PHIWAS-WAS,1761697860,1761701040,1761701040,STOP,no,1761704118,2025-10-28,79,1,STAGE_UNLABELED,ASSUMED_SALE_AT_STOP_SIGNAL,Q3,True,True,PRIMARY_EX_ANTE_FIRST78,oos_adverse_20260926T082326Z,REF
OCT_2025,NBA,KXNBAGAME-25OCT27PORLAL,KXNBAGAME-25OCT27PORLAL,KXNBAGAME-25OCT27PORLAL-POR,1761624240,1761629111,1761629111,WIN_SETTLEMENT,yes,1761629111,2025-10-27,84,6,STAGE_UNLABELED,HYPOTHETICAL_CASH_AT_SETTLEMENT_TIME,Q3,True,True,PRIMARY_EX_ANTE_FIRST78,oos_adverse_20260926T082326Z,REF
OCT_2025,NBA,KXNBAGAME-25OCT27CLEDET,KXNBAGAME-25OCT27CLEDET,KXNBAGAME-25OCT27CLEDET-CLE,1761609420,1761617179,1761617179,WIN_SETTLEMENT,yes,1761617179,2025-10-27,80,2,STAGE_UNLABELED,HYPOTHETICAL_CASH_AT_SETTLEMENT_TIME,Q2,True,True,PRIMARY_EX_ANTE_FIRST78,oos_adverse_20260926T082326Z,REF
OCT_2025,NBA,KXNBAGAME-25OCT26TORDAL,KXNBAGAME-25OCT26TORDAL,KXNBAGAME-25OCT26TORDAL-DAL,1761528120,1761532174,1761532174,WIN_SETTLEMENT,yes,1761532174,2025-10-26,78,0,STAGE_UNLABELED,HYPOTHETICAL_CASH_AT_SETTLEMENT_TIME,Q3,True,True,PRIMARY_EX_ANTE_FIRST78,oos_adverse_20260926T082326Z,REF
OCT_2025,NBA,KXNBAGAME-25OCT26MILCLE,KXNBAGAME-25OCT26MILCLE,KXNBAGAME-25OCT26MILCLE-CLE,1761519720,1761523500,1761523500,STOP,yes,1761528309,2025-10-26,80,2,STAGE_UNLABELED,ASSUMED_SALE_AT_STOP_SIGNAL,Q2,True,True,PRIMARY_EX_ANTE_FIRST78,oos_adverse_20260926T082326Z,REF
OCT_2025,NBA,KXNBAGAME-25OCT26BOSDET,KXNBAGAME-25OCT26BOSDET,KXNBAGAME-25OCT26BOSDET-DET,1761514560,1761519834,1761519834,WIN_SETTLEMENT,yes,1761519834,2025-10-26,79,1,STAGE_UNLABELED,HYPOTHETICAL_CASH_AT_SETTLEMENT_TIME,Q3,True,True,PRIMARY_EX_ANTE_FIRST78,oos_adverse_20260926T082326Z,REF
OCT_2025,NBA,KXNBAGAME-25OCT25INDMEM,KXNBAGAME-25OCT25INDMEM,KXNBAGAME-25OCT25INDMEM-MEM,1761439980,1761440760,1761440760,STOP,yes,1761447112,2025-10-25,78,0,STAGE_UNLABELED,ASSUMED_SALE_AT_STOP_SIGNAL,Q2,True,True,PRIMARY_EX_ANTE_FIRST78,oos_adverse_20260926T082326Z,REF
OCT_2025,NBA,KXNBAGAME-25OCT24MINLAL,KXNBAGAME-25OCT24MINLAL,KXNBAGAME-25OCT24MINLAL-LAL,1761364680,1761369370,1761369370,WIN_SETTLEMENT,yes,1761369370,2025-10-24,82,4,STAGE_UNLABELED,HYPOTHETICAL_CASH_AT_SETTLEMENT_TIME,Q3,True,True,PRIMARY_EX_ANTE_FIRST78,oos_adverse_20260926T082326Z,REF
OCT_2025,NBA,KXNBAGAME-25OCT24WASDAL,KXNBAGAME-25OCT24WASDAL,KXNBAGAME-25OCT24WASDAL-WAS,1761358380,1761359640,1761359640,STOP,yes,1761363936,2025-10-24,80,2,STAGE_UNLABELED,ASSUMED_SALE_AT_STOP_SIGNAL,Q3,False,True,PRIMARY_EX_ANTE_FIRST78,oos_adverse_20260926T082326Z,REF
OCT_2025,NBA,KXNBAGAME-25OCT24DETHOU,KXNBAGAME-25OCT24DETHOU,KXNBAGAME-25OCT24DETHOU-HOU,1761357900,1761358440,1761358440,STOP,no,1761362792,2025-10-24,78,0,STAGE_UNLABELED,ASSUMED_SALE_AT_STOP_SIGNAL,Q3,True,True,PRIMARY_EX_ANTE_FIRST78,oos_adverse_20260926T082326Z,REF
OCT_2025,NBA,KXNBAGAME-25OCT24SASNOP,KXNBAGAME-25OCT24SASNOP,KXNBAGAME-25OCT24SASNOP-SAS,1761356040,1761356100,1761356100,STOP,yes,1761363737,2025-10-24,78,0,STAGE_UNLABELED,ASSUMED_SALE_AT_STOP_SIGNAL,Q3,True,True,PRIMARY_EX_ANTE_FIRST78,oos_adverse_20260926T082326Z,REF
OCT_2025,NBA,KXNBAGAME-25OCT24BOSNYK,KXNBAGAME-25OCT24BOSNYK,KXNBAGAME-25OCT24BOSNYK-NYK,1761352320,1761359746,1761359746,WIN_SETTLEMENT,yes,1761359746,2025-10-24,78,0,STAGE_UNLABELED,HYPOTHETICAL_CASH_AT_SETTLEMENT_TIME,Q2,True,True,PRIMARY_EX_ANTE_FIRST78,oos_adverse_20260926T082326Z,REF
OCT_2025,NBA,KXNBAGAME-25OCT24ATLORL,KXNBAGAME-25OCT24ATLORL,KXNBAGAME-25OCT24ATLORL-ORL,1761349920,1761354780,1761354780,STOP,no,1761357646,2025-10-24,78,0,STAGE_UNLABELED,ASSUMED_SALE_AT_STOP_SIGNAL,Q2,True,True,PRIMARY_EX_ANTE_FIRST78,oos_adverse_20260926T082326Z,REF
OCT_2025,NBA,KXNBAGAME-25OCT23OKCIND,KXNBAGAME-25OCT23OKCIND,KXNBAGAME-25OCT23OKCIND-OKC,1761267060,1761269040,1761269040,STOP,yes,1761275999,2025-10-23,78,0,STAGE_UNLABELED,ASSUMED_SALE_AT_STOP_SIGNAL,Q2,True,True,PRIMARY_EX_ANTE_FIRST78,oos_adverse_20260926T082326Z,REF
OCT_2025,NBA,KXNBAGAME-25OCT22SASDAL,KXNBAGAME-25OCT22SASDAL,KXNBAGAME-25OCT22SASDAL-SAS,1761189660,1761201548,1761201548,WIN_SETTLEMENT,yes,1761201548,2025-10-22,80,2,STAGE_UNLABELED,HYPOTHETICAL_CASH_AT_SETTLEMENT_TIME,Q3,True,True,PRIMARY_EX_ANTE_FIRST78,oos_adverse_20260926T082326Z,REF
OCT_2025,NBA,KXNBAGAME-25OCT22PHIBOS,KXNBAGAME-25OCT22PHIBOS,KXNBAGAME-25OCT22PHIBOS-BOS,1761181620,1761183660,1761183660,STOP,no,1761187172,2025-10-22,78,0,STAGE_UNLABELED,ASSUMED_SALE_AT_STOP_SIGNAL,Q3,True,True,PRIMARY_EX_ANTE_FIRST78,oos_adverse_20260926T082326Z,REF
OCT_2025,NBA,KXNBAGAME-25OCT22SACPHX,KXNBAGAME-25OCT22SACPHX,KXNBAGAME-25OCT22SACPHX-SAC,1761188040,1761190980,1761190980,STOP,no,1761201548,2025-10-22,78,0,STAGE_UNLABELED,ASSUMED_SALE_AT_STOP_SIGNAL,Q2,True,True,PRIMARY_EX_ANTE_FIRST78,oos_adverse_20260926T082326Z,REF
OCT_2025,NBA,KXNBAGAME-25OCT22NOPMEM,KXNBAGAME-25OCT22NOPMEM,KXNBAGAME-25OCT22NOPMEM-MEM,1761184680,1761185100,1761185100,STOP,yes,1761189247,2025-10-22,78,0,STAGE_UNLABELED,ASSUMED_SALE_AT_STOP_SIGNAL,Q3,True,True,PRIMARY_EX_ANTE_FIRST78,oos_adverse_20260926T082326Z,REF
OCT_2025,NBA,KXNBAGAME-25OCT22TORATL,KXNBAGAME-25OCT22TORATL,KXNBAGAME-25OCT22TORATL-TOR,1761182880,1761187159,1761187159,WIN_SETTLEMENT,yes,1761187159,2025-10-22,80,2,STAGE_UNLABELED,HYPOTHETICAL_CASH_AT_SETTLEMENT_TIME,Q3,True,True,PRIMARY_EX_ANTE_FIRST78,oos_adverse_20260926T082326Z,REF
OCT_2025,NBA,KXNBAGAME-25OCT22MIAORL,KXNBAGAME-25OCT22MIAORL,KXNBAGAME-25OCT22MIAORL-ORL,1761177540,1761179880,1761179880,STOP,yes,1761185385,2025-10-22,80,2,STAGE_UNLABELED,ASSUMED_SALE_AT_STOP_SIGNAL,Q2,True,True,PRIMARY_EX_ANTE_FIRST78,oos_adverse_20260926T082326Z,REF
OCT_2025,NBA,KXNBAGAME-25OCT22LACUTA,KXNBAGAME-25OCT22LACUTA,KXNBAGAME-25OCT22LACUTA-UTA,1761185100,1761200657,1761200657,WIN_SETTLEMENT,yes,1761200657,2025-10-22,80,2,STAGE_UNLABELED,HYPOTHETICAL_CASH_AT_SETTLEMENT_TIME,Q2,True,True,PRIMARY_EX_ANTE_FIRST78,oos_adverse_20260926T082326Z,REF
OCT_2025,NBA,KXNBAGAME-25OCT22CLENYK,KXNBAGAME-25OCT22CLENYK,KXNBAGAME-25OCT22CLENYK-NYK,1761178200,1761179700,1761179700,STOP,yes,1761185384,2025-10-22,78,0,STAGE_UNLABELED,ASSUMED_SALE_AT_STOP_SIGNAL,Q2,True,True,PRIMARY_EX_ANTE_FIRST78,oos_adverse_20260926T082326Z,REF
OCT_2025,NBA,KXNBAGAME-25OCT21GSWLAL,KXNBAGAME-25OCT21GSWLAL,KXNBAGAME-25OCT21GSWLAL-GSW,1761104880,1761109751,1761109751,WIN_SETTLEMENT,yes,1761109751,2025-10-21,78,0,STAGE_UNLABELED,HYPOTHETICAL_CASH_AT_SETTLEMENT_TIME,Q3,True,True,PRIMARY_EX_ANTE_FIRST78,oos_adverse_20260926T082326Z,REF
OCT_2025,NBA,KXNBAGAME-25OCT17SACLAL,KXNBAGAME-25OCT17SACLAL,KXNBAGAME-25OCT17SACLAL-LAL,1760757960,1760759340,1760759340,STOP,no,1760765340,2025-10-17,78,0,STAGE_UNLABELED,ASSUMED_SALE_AT_STOP_SIGNAL,Q2,True,True,PRIMARY_EX_ANTE_FIRST78,oos_adverse_20260926T082326Z,REF
OCT_2025,NBA,KXNBAGAME-25OCT17CHANYK,KXNBAGAME-25OCT17CHANYK,KXNBAGAME-25OCT17CHANYK-NYK,1760747280,1760747880,1760747880,STOP,yes,1760754296,2025-10-17,78,0,STAGE_UNLABELED,ASSUMED_SALE_AT_STOP_SIGNAL,Q2,True,True,PRIMARY_EX_ANTE_FIRST78,oos_adverse_20260926T082326Z,REF
OCT_2025,NBA,KXNBAGAME-25OCT15LACSAC,KXNBAGAME-25OCT15LACSAC,KXNBAGAME-25OCT15LACSAC-LAC,1760582520,1760616844,1760616844,WIN_SETTLEMENT,yes,1760616844,2025-10-15,81,3,STAGE_UNLABELED,HYPOTHETICAL_CASH_AT_SETTLEMENT_TIME,Q2,True,True,PRIMARY_EX_ANTE_FIRST78,oos_adverse_20260926T082326Z,REF
OCT_2025,NBA,KXNBAGAME-25OCT15MEMCHA,KXNBAGAME-25OCT15MEMCHA,KXNBAGAME-25OCT15MEMCHA-CHA,1760571840,1760579644,1760579644,WIN_SETTLEMENT,yes,1760579644,2025-10-15,79,1,STAGE_UNLABELED,HYPOTHETICAL_CASH_AT_SETTLEMENT_TIME,Q2,True,True,PRIMARY_EX_ANTE_FIRST78,oos_adverse_20260926T082326Z,REF
APR_2025,NBA,KXNBAGAME-25APR29MILIND,KXNBAGAME-25APR29MILIND,KXNBAGAME-25APR29MILIND-IND,1745969460,1745970240,1745970240,STOP,yes,1745975557,2025-04-29,78,0,Playoffs,ASSUMED_SALE_AT_STOP_SIGNAL,Q3,False,False,PRIMARY_EX_ANTE_FIRST78,oos_adverse_20260926T082326Z,REF
APR_2025,NBA,KXNBAGAME-25APR29LACDEN,KXNBAGAME-25APR29LACDEN,KXNBAGAME-25APR29LACDEN-DEN,1745984340,1745990005,1745990005,WIN_SETTLEMENT,yes,1745990005,2025-04-29,78,0,Playoffs,HYPOTHETICAL_CASH_AT_SETTLEMENT_TIME,Q3,False,True,PRIMARY_EX_ANTE_FIRST78,oos_adverse_20260926T082326Z,REF
APR_2025,NBA,KXNBAGAME-25APR27LALMIN,KXNBAGAME-25APR27LALMIN,KXNBAGAME-25APR27LALMIN-LAL,1745790240,1745791440,1745791440,STOP,no,1745794127,2025-04-27,78,0,Playoffs,ASSUMED_SALE_AT_STOP_SIGNAL,Q3,False,True,PRIMARY_EX_ANTE_FIRST78,oos_adverse_20260926T082326Z,REF
APR_2025,NBA,KXNBAGAME-25APR27INDMIL,KXNBAGAME-25APR27INDMIL,KXNBAGAME-25APR27INDMIL-IND,1745807760,1745814284,1745814284,WIN_SETTLEMENT,yes,1745814284,2025-04-27,79,1,Playoffs,HYPOTHETICAL_CASH_AT_SETTLEMENT_TIME,Q2,False,True,PRIMARY_EX_ANTE_FIRST78,oos_adverse_20260926T082326Z,REF
APR_2025,NBA,KXNBAGAME-25APR21DETNYK,KXNBAGAME-25APR21DETNYK,KXNBAGAME-25APR21DETNYK-DET,1745284560,1745285160,1745285160,STOP,yes,1745288917,2025-04-21,80,2,Playoffs,ASSUMED_SALE_AT_STOP_SIGNAL,Q3,False,True,PRIMARY_EX_ANTE_FIRST78,oos_adverse_20260926T082326Z,REF
APR_2025,NBA,KXNBAGAME-25APR19LACDEN,KXNBAGAME-25APR19LACDEN,KXNBAGAME-25APR19LACDEN-LAC,1745094900,1745095440,1745095440,STOP,no,1745103272,2025-04-19,78,0,Playoffs,ASSUMED_SALE_AT_STOP_SIGNAL,Q2,False,False,PRIMARY_EX_ANTE_FIRST78,oos_adverse_20260926T082326Z,REF
