scenario_id,admitted,rejected,net_pnl_cents,ending_equity_cents,max_open,mean_net_cents_per_contract,note,test_id,run_id,population_id,reported_figure,monte_carlo_se_cents,max_open_example_path
REF,41,0,359311,2359311,3,5.412906501914133,,OCT_2025,oos_adverse_20260926T082326Z,PRIMARY_EX_ANTE_FIRST78,,,
ENTRY_1,41,0,285946,2285946,3,4.422811820090568,,OCT_2025,oos_adverse_20260926T082326Z,PRIMARY_EX_ANTE_FIRST78,,,
ENTRY_2,41,0,216133,2216133,3,3.4333575811164416,,OCT_2025,oos_adverse_20260926T082326Z,PRIMARY_EX_ANTE_FIRST78,,,
EXIT_1,41,0,324483,2324483,3,4.922369514621803,,OCT_2025,oos_adverse_20260926T082326Z,PRIMARY_EX_ANTE_FIRST78,,,
EXIT_2,41,0,290009,2290009,3,4.431765170153505,,OCT_2025,oos_adverse_20260926T082326Z,PRIMARY_EX_ANTE_FIRST78,,,
JOINT_1,41,0,252249,2252249,3,3.932180076533022,,OCT_2025,oos_adverse_20260926T082326Z,PRIMARY_EX_ANTE_FIRST78,,,
JOINT_2,41,0,151585,2151585,3,2.45224904702778,,OCT_2025,oos_adverse_20260926T082326Z,PRIMARY_EX_ANTE_FIRST78,,,
FEE_007,41,0,256582,2256582,3,3.945776066586514,,OCT_2025,oos_adverse_20260926T082326Z,PRIMARY_EX_ANTE_FIRST78,,,
JOINT_2_FEE_007,41,0,60813,2060813,3,1.0296095970435386,,OCT_2025,oos_adverse_20260926T082326Z,PRIMARY_EX_ANTE_FIRST78,,,
CASH_DELAY_15,41,0,359311,2359311,3,5.412906501914133,,OCT_2025,oos_adverse_20260926T082326Z,PRIMARY_EX_ANTE_FIRST78,,,
CASH_DELAY_60,41,0,359311,2359311,3,5.412906501914133,,OCT_2025,oos_adverse_20260926T082326Z,PRIMARY_EX_ANTE_FIRST78,,,
STOP_FAIL_1,41,,359311,,,,,OCT_2025,oos_adverse_20260926T082326Z,PRIMARY_EX_ANTE_FIRST78,MEAN_OF_30_PATHS,0.0,3
STOP_FAIL_5,41,,358109,,,,,OCT_2025,oos_adverse_20260926T082326Z,PRIMARY_EX_ANTE_FIRST78,MEAN_OF_30_PATHS,15330.28715311534,3
LATENCY_60,40,0,244827,2244827,3,3.9613295783761595,skipped 1,OCT_2025,oos_adverse_20260926T082326Z,PRIMARY_EX_ANTE_FIRST78,,,
LATENCY_120,40,0,176059,2176059,3,2.7511312979718703,skipped 1,OCT_2025,oos_adverse_20260926T082326Z,PRIMARY_EX_ANTE_FIRST78,,,
REF,6,0,-5156,1994844,1,-0.5587342869527525,,APR_2025,oos_adverse_20260926T082326Z,PRIMARY_EX_ANTE_FIRST78,,,
ENTRY_1,6,0,-14106,1985894,1,-1.5487483530961785,,APR_2025,oos_adverse_20260926T082326Z,PRIMARY_EX_ANTE_FIRST78,,,
ENTRY_2,6,0,-22844,1977156,1,-2.5382222222222226,,APR_2025,oos_adverse_20260926T082326Z,PRIMARY_EX_ANTE_FIRST78,,,
EXIT_1,6,0,-11340,1988660,1,-1.2288686605981798,,APR_2025,oos_adverse_20260926T082326Z,PRIMARY_EX_ANTE_FIRST78,,,
EXIT_2,6,0,-17528,1982472,1,-1.8994364976159517,,APR_2025,oos_adverse_20260926T082326Z,PRIMARY_EX_ANTE_FIRST78,,,
JOINT_1,6,0,-20214,1979786,1,-2.219367588932806,,APR_2025,oos_adverse_20260926T082326Z,PRIMARY_EX_ANTE_FIRST78,,,
JOINT_2,6,0,-34912,1965088,1,-3.8791111111111114,,APR_2025,oos_adverse_20260926T082326Z,PRIMARY_EX_ANTE_FIRST78,,,
FEE_007,6,0,-20612,1979388,1,-2.2336367576939744,,APR_2025,oos_adverse_20260926T082326Z,PRIMARY_EX_ANTE_FIRST78,,,
JOINT_2_FEE_007,6,0,-49636,1950364,1,-5.5151111111111115,,APR_2025,oos_adverse_20260926T082326Z,PRIMARY_EX_ANTE_FIRST78,,,
CASH_DELAY_15,6,0,-5156,1994844,1,-0.5587342869527525,,APR_2025,oos_adverse_20260926T082326Z,PRIMARY_EX_ANTE_FIRST78,,,
CASH_DELAY_60,6,0,-5156,1994844,1,-0.5587342869527525,,APR_2025,oos_adverse_20260926T082326Z,PRIMARY_EX_ANTE_FIRST78,,,
STOP_FAIL_1,6,,-5156,,,,,APR_2025,oos_adverse_20260926T082326Z,PRIMARY_EX_ANTE_FIRST78,MEAN_OF_30_PATHS,0.0,1
STOP_FAIL_5,6,,-5156,,,,,APR_2025,oos_adverse_20260926T082326Z,PRIMARY_EX_ANTE_FIRST78,MEAN_OF_30_PATHS,0.0,1
LATENCY_60,6,0,-2464,1997536,1,-0.22627492620251402,skipped 0,APR_2025,oos_adverse_20260926T082326Z,PRIMARY_EX_ANTE_FIRST78,,,
LATENCY_120,6,0,-760,1999240,1,0.1044181559869007,skipped 0,APR_2025,oos_adverse_20260926T082326Z,PRIMARY_EX_ANTE_FIRST78,,,
