trade_id,original_exit,ts,bid_e4,ask_e4,volume_hundredths,spread_e4
T0001,WIN_SETTLEMENT,1762043520,0,10000,0,10000
T0003,WIN_SETTLEMENT,1762133220,0,10000,0,10000
T0002,WIN_SETTLEMENT,1762133580,0,10000,0,10000
T0004,WIN_SETTLEMENT,1762140660,0,10000,70900,10000
T0005,WIN_SETTLEMENT,1762146360,0,10000,72200,10000
T0006,WIN_SETTLEMENT,1762227420,0,10000,0,10000
T0008,WIN_SETTLEMENT,1762311960,0,10000,301200,10000
T0009,WIN_SETTLEMENT,1762314660,0,10000,193700,10000
T0010,WIN_SETTLEMENT,1762324560,0,10000,7300,10000
T0011,WIN_SETTLEMENT,1762398360,0,10000,35100,10000
T0013,WIN_SETTLEMENT,1762489920,0,10000,0,10000
T0016,WIN_SETTLEMENT,1762567920,0,10000,2500,10000
T0017,WIN_SETTLEMENT,1762572060,0,10000,39400,10000
T0019,WIN_SETTLEMENT,1762657860,0,10000,200,10000
T0022,WIN_SETTLEMENT,1762723860,0,10000,0,10000
T0023,WIN_SETTLEMENT,1762746960,0,10000,0,10000
T0024,WIN_SETTLEMENT,1762748760,0,10000,3000,10000
T0025,WIN_SETTLEMENT,1762830360,0,10000,100,10000
T0027,WIN_SETTLEMENT,1762913820,0,10000,500,10000
T0028,WIN_SETTLEMENT,1762918260,0,10000,0,10000
T0030,WIN_SETTLEMENT,1762922460,0,10000,9400,10000
T0033,WIN_SETTLEMENT,1763000760,0,10000,6500,10000
T0032,WIN_SETTLEMENT,1763001660,0,10000,43400,10000
T0034,WIN_SETTLEMENT,1763002860,0,10000,0,10000
T0035,WIN_SETTLEMENT,1763007060,0,10000,500,10000
T0036,WIN_SETTLEMENT,1763082660,0,10000,1300,10000
T0037,WIN_SETTLEMENT,1763094960,0,10000,21300,10000
T0042,WIN_SETTLEMENT,1763260860,0,10000,0,10000
T0044,WIN_SETTLEMENT,1763265900,0,10000,0,10000
T0043,WIN_SETTLEMENT,1763263860,0,10000,1000,10000
T0045,WIN_SETTLEMENT,1763343360,0,10000,2400,10000
T0049,WIN_SETTLEMENT,1763516520,0,10000,4800,10000
T0051,WIN_SETTLEMENT,1763533860,0,10000,0,10000
T0053,WIN_SETTLEMENT,1763605560,0,10000,75200,10000
T0056,WIN_SETTLEMENT,1763692260,0,10000,47700,10000
T0057,WIN_SETTLEMENT,1763691120,0,10000,0,10000
T0059,WIN_SETTLEMENT,1763700360,0,10000,0,10000
T0062,WIN_SETTLEMENT,1763782260,0,10000,147100,10000
T0064,WIN_SETTLEMENT,1763787360,0,10000,0,10000
T0065,WIN_SETTLEMENT,1763843160,0,10000,100,10000
T0069,WIN_SETTLEMENT,1763947860,0,10000,5200,10000
T0070,WIN_SETTLEMENT,1764037920,0,10000,800,10000
T0072,WIN_SETTLEMENT,1764040860,0,10000,1100,10000
T0073,WIN_SETTLEMENT,1764047460,0,10000,0,10000
T0074,WIN_SETTLEMENT,1764128460,0,10000,0,10000
T0075,WIN_SETTLEMENT,1764193620,0,10000,5000,10000
T0081,WIN_SETTLEMENT,1764378120,0,10000,4000,10000
T0086,WIN_SETTLEMENT,1764474360,0,10000,4700,10000
T0087,WIN_SETTLEMENT,1764476760,0,10000,5900,10000
T0090,WIN_SETTLEMENT,1764653160,0,10000,156200,10000
T0091,WIN_SETTLEMENT,1764727380,0,10000,0,10000
T0093,WIN_SETTLEMENT,1764735960,0,10000,0,10000
T0095,WIN_SETTLEMENT,1764735120,0,10000,0,10000
T0099,WIN_SETTLEMENT,1764816960,0,10000,3900,10000
T0098,WIN_SETTLEMENT,1764816120,0,10000,30900,10000
T0101,WIN_SETTLEMENT,1764818160,0,10000,2800,10000
T0104,WIN_SETTLEMENT,1764820260,0,10000,120300,10000
T0102,WIN_SETTLEMENT,1764822720,0,10000,0,10000
T0103,WIN_SETTLEMENT,1764823320,0,10000,0,10000
T0105,WIN_SETTLEMENT,1764829560,0,10000,11100,10000
T0110,WIN_SETTLEMENT,1764988320,0,10000,40700,10000
T0111,WIN_SETTLEMENT,1764990120,0,10000,2000,10000
T0109,WIN_SETTLEMENT,1764991560,0,10000,0,10000
T0113,WIN_SETTLEMENT,1765047420,0,10000,0,10000
T0114,WIN_SETTLEMENT,1765077960,0,10000,0,10000
T0115,WIN_SETTLEMENT,1765079460,0,10000,0,10000
T0116,WIN_SETTLEMENT,1765086060,0,10000,0,10000
T0119,WIN_SETTLEMENT,1765160160,0,10000,42400,10000
T0122,WIN_SETTLEMENT,1765340160,0,10000,30300,10000
T0123,WIN_SETTLEMENT,1765425960,0,10000,5000,10000
T0124,WIN_SETTLEMENT,1765593120,0,10000,600,10000
T0134,WIN_SETTLEMENT,1765682520,0,10000,0,10000
T0135,WIN_SETTLEMENT,1765687920,0,10000,50300,10000
T0137,WIN_SETTLEMENT,1765761660,0,10000,0,10000
T0140,WIN_SETTLEMENT,1765864560,0,10000,23200,10000
T0144,WIN_SETTLEMENT,1766115060,0,10000,302800,10000
T0145,WIN_SETTLEMENT,1766118360,0,10000,0,10000
T0148,WIN_SETTLEMENT,1766277360,0,10000,118400,10000
T0149,WIN_SETTLEMENT,1766279880,0,10000,0,10000
T0150,WIN_SETTLEMENT,1766286720,0,10000,0,10000
T0152,WIN_SETTLEMENT,1766296860,0,10000,63300,10000
T0154,WIN_SETTLEMENT,1766367360,0,10000,291700,10000
T0159,WIN_SETTLEMENT,1766545560,0,10000,35000,10000
T0161,WIN_SETTLEMENT,1766545320,0,10000,0,10000
T0163,WIN_SETTLEMENT,1766550360,0,10000,0,10000
T0165,WIN_SETTLEMENT,1766719860,0,10000,2154900,10000
T0167,WIN_SETTLEMENT,1766802960,0,10000,2200,10000
T0168,WIN_SETTLEMENT,1766802720,0,10000,3000,10000
T0169,WIN_SETTLEMENT,1766806320,0,10000,0,10000
T0171,WIN_SETTLEMENT,1766814060,0,10000,14200,10000
T0173,WIN_SETTLEMENT,1766889360,0,10000,149100,10000
T0175,WIN_SETTLEMENT,1766891760,0,10000,0,10000
T0178,WIN_SETTLEMENT,1766983020,0,10000,173600,10000
T0180,WIN_SETTLEMENT,1767063120,0,10000,0,10000
T0181,WIN_SETTLEMENT,1767064860,0,10000,0,10000
T0185,WIN_SETTLEMENT,1767214680,5800,7800,51600,2000
T0186,WIN_SETTLEMENT,1767219360,0,10000,18700,10000
T0187,WIN_SETTLEMENT,1767321360,0,10000,91000,10000
T0188,WIN_SETTLEMENT,1767325560,0,10000,170800,10000
T0189,WIN_SETTLEMENT,1767409260,0,10000,6689900,10000
T0190,WIN_SETTLEMENT,1767411360,0,10000,5600,10000
T0192,WIN_SETTLEMENT,1767463860,0,10000,80600,10000
T0196,WIN_SETTLEMENT,1767475500,0,10000,0,10000
T0198,WIN_SETTLEMENT,1767481500,0,10000,200,10000
T0203,WIN_SETTLEMENT,1767495780,0,10000,10300,10000
T0202,WIN_SETTLEMENT,1767496260,0,10000,0,10000
T0204,WIN_SETTLEMENT,1767505860,0,10000,279000,10000
T0206,WIN_SETTLEMENT,1767567780,0,10000,0,10000
T0208,WIN_SETTLEMENT,1767666720,0,10000,0,10000
T0210,WIN_SETTLEMENT,1767753180,0,10000,0,10000
T0213,WIN_SETTLEMENT,1767756780,0,10000,0,10000
T0216,STOP,1767835020,6200,8800,408800,2600
T0218,WIN_SETTLEMENT,1767842520,0,10000,0,10000
T0220,WIN_SETTLEMENT,1767842220,0,10000,28900,10000
T0222,WIN_SETTLEMENT,1767846360,0,10000,2300,10000
T0223,WIN_SETTLEMENT,1767849900,0,10000,47000,10000
T0224,WIN_SETTLEMENT,1767922620,0,10000,25500,10000
T0225,WIN_SETTLEMENT,1767929520,0,10000,0,10000
T0226,WIN_SETTLEMENT,1767937920,0,10000,0,10000
T0227,WIN_SETTLEMENT,1768012140,0,10000,1000,10000
T0233,WIN_SETTLEMENT,1768073040,0,10000,0,10000
T0237,WIN_SETTLEMENT,1768077060,0,10000,405300,10000
T0235,WIN_SETTLEMENT,1768076640,0,10000,0,10000
T0239,WIN_SETTLEMENT,1768087320,0,10000,22300,10000
T0240,WIN_SETTLEMENT,1768094520,0,10000,0,10000
T0241,WIN_SETTLEMENT,1768097520,0,10000,0,10000
T0244,WIN_SETTLEMENT,1768101540,0,10000,10200,10000
T0248,WIN_SETTLEMENT,1768190220,0,10000,15800,10000
T0254,WIN_SETTLEMENT,1768357620,0,10000,18200,10000
T0256,WIN_SETTLEMENT,1768363560,0,10000,0,10000
T0255,WIN_SETTLEMENT,1768363860,0,10000,0,10000
T0257,WIN_SETTLEMENT,1768364460,0,10000,259500,10000
T0258,WIN_SETTLEMENT,1768369980,0,10000,16100,10000
T0259,WIN_SETTLEMENT,1768442580,0,10000,0,10000
T0261,WIN_SETTLEMENT,1768443420,0,10000,109200,10000
T0265,WIN_SETTLEMENT,1768453500,0,10000,211800,10000
T0268,WIN_SETTLEMENT,1768533900,0,10000,10300,10000
T0270,WIN_SETTLEMENT,1768535460,0,10000,0,10000
T0271,WIN_SETTLEMENT,1768542060,0,10000,103100,10000
T0274,WIN_SETTLEMENT,1768616460,0,10000,126300,10000
T0277,WIN_SETTLEMENT,1768676340,0,10000,27200,10000
T0279,WIN_SETTLEMENT,1768683900,0,10000,0,10000
T0281,WIN_SETTLEMENT,1768690440,0,10000,0,10000
T0282,WIN_SETTLEMENT,1768692240,0,10000,0,10000
T0280,WIN_SETTLEMENT,1768689480,0,10000,29100,10000
T0283,WIN_SETTLEMENT,1768699620,0,10000,14400,10000
T0284,WIN_SETTLEMENT,1768704420,0,10000,2000,10000
T0288,WIN_SETTLEMENT,1768763520,0,10000,33300,10000
T0289,WIN_SETTLEMENT,1768796940,0,10000,265500,10000
T0290,WIN_SETTLEMENT,1768798500,0,10000,13600,10000
T0292,WIN_SETTLEMENT,1768886820,0,10000,178500,10000
T0294,WIN_SETTLEMENT,1768962780,0,10000,21400,10000
T0295,WIN_SETTLEMENT,1768965180,0,10000,7500,10000
T0299,WIN_SETTLEMENT,1768968360,0,10000,90400,10000
T0301,WIN_SETTLEMENT,1768973340,0,10000,216600,10000
T0300,WIN_SETTLEMENT,1768973700,0,10000,0,10000
T0305,WIN_SETTLEMENT,1769059980,0,10000,1100,10000
T0306,WIN_SETTLEMENT,1769133780,0,10000,0,10000
T0307,WIN_SETTLEMENT,1769134860,0,10000,3900,10000
T0309,WIN_SETTLEMENT,1769145780,0,10000,51500,10000
T0311,WIN_SETTLEMENT,1769224920,0,10000,0,10000
T0314,WIN_SETTLEMENT,1769231820,0,10000,318600,10000
T0316,WIN_SETTLEMENT,1769288880,0,10000,75900,10000
T0317,WIN_SETTLEMENT,1769292480,0,10000,0,10000
T0318,WIN_SETTLEMENT,1769294940,0,10000,394500,10000
T0320,WIN_SETTLEMENT,1769308740,0,10000,21700,10000
T0323,WIN_SETTLEMENT,1769317500,0,10000,166400,10000
T0325,WIN_SETTLEMENT,1769466300,0,10000,0,10000
T0326,WIN_SETTLEMENT,1769481300,0,10000,155200,10000
T0332,WIN_SETTLEMENT,1769652420,0,10000,23100,10000
T0335,WIN_SETTLEMENT,1769653740,0,10000,40800,10000
T0334,WIN_SETTLEMENT,1769655180,0,10000,322300,10000
T0339,WIN_SETTLEMENT,1769656020,0,10000,0,10000
T0338,WIN_SETTLEMENT,1769659020,0,10000,600,10000
T0341,WIN_SETTLEMENT,1769740740,0,10000,119900,10000
T0343,WIN_SETTLEMENT,1769742900,0,10000,9200,10000
T0342,WIN_SETTLEMENT,1769743980,0,10000,756200,10000
T0346,WIN_SETTLEMENT,1769749500,0,10000,158900,10000
T0347,WIN_SETTLEMENT,1769827740,0,10000,17200,10000
T0349,WIN_SETTLEMENT,1769833740,0,10000,24300,10000
T0351,WIN_SETTLEMENT,1769839020,0,10000,43600,10000
T0353,WIN_SETTLEMENT,1769891940,0,10000,382500,10000
T0354,WIN_SETTLEMENT,1769894340,0,10000,0,10000
T0358,WIN_SETTLEMENT,1769914980,0,10000,0,10000
T0356,WIN_SETTLEMENT,1769908320,0,10000,2800,10000
T0361,WIN_SETTLEMENT,1769980320,0,10000,5300,10000
T0364,WIN_SETTLEMENT,1770003300,0,10000,247500,10000
T0365,WIN_SETTLEMENT,1770008520,0,10000,139300,10000
T0371,WIN_SETTLEMENT,1770175140,0,10000,21100,10000
T0372,WIN_SETTLEMENT,1770175740,0,10000,800,10000
T0369,WIN_SETTLEMENT,1770174720,0,10000,180500,10000
T0373,WIN_SETTLEMENT,1770182520,0,10000,10600,10000
T0375,WIN_SETTLEMENT,1770187140,0,10000,183900,10000
T0382,WIN_SETTLEMENT,1770348120,0,10000,2000,10000
T0386,WIN_SETTLEMENT,1770434580,0,10000,23500,10000
T0387,WIN_SETTLEMENT,1770441540,0,10000,0,10000
T0389,WIN_SETTLEMENT,1770498480,0,10000,44500,10000
T0391,WIN_SETTLEMENT,1770505680,0,10000,6000,10000
T0394,WIN_SETTLEMENT,1770519720,0,10000,0,10000
T0398,WIN_SETTLEMENT,1770525720,0,10000,39400,10000
T0399,WIN_SETTLEMENT,1770580980,0,10000,153200,10000
T0400,WIN_SETTLEMENT,1770584520,0,10000,0,10000
T0401,WIN_SETTLEMENT,1770589200,0,10000,0,10000
T0423,WIN_SETTLEMENT,1771103040,0,10000,3600,10000
T0425,WIN_SETTLEMENT,1771108980,0,10000,27000,10000
T0428,WIN_SETTLEMENT,1771117320,0,10000,45000,10000
T0427,WIN_SETTLEMENT,1771120020,0,10000,0,10000
T0430,WIN_SETTLEMENT,1771127460,0,10000,0,10000
T0431,WIN_SETTLEMENT,1771128960,0,10000,148600,10000
T0432,WIN_SETTLEMENT,1771183620,0,10000,0,10000
T0433,WIN_SETTLEMENT,1771379220,0,10000,354700,10000
T0434,WIN_SETTLEMENT,1771380960,0,10000,0,10000
T0436,WIN_SETTLEMENT,1771386660,0,10000,36600,10000
T0437,WIN_SETTLEMENT,1771388460,0,10000,6300,10000
T0439,WIN_SETTLEMENT,1771463280,0,10000,3700,10000
T0445,WIN_SETTLEMENT,1771475520,0,10000,36100,10000
T0494,WIN_SETTLEMENT,1772318700,0,10000,0,10000
T0495,WIN_SETTLEMENT,1772327280,0,10000,0,10000
T0571,WIN_SETTLEMENT,1773282360,0,10000,0,10000
T0588,WIN_SETTLEMENT,1773451620,0,10000,0,10000
T0592,WIN_SETTLEMENT,1773519060,0,10000,0,10000
T0607,WIN_SETTLEMENT,1774058460,0,10000,365900,10000
T0627,WIN_SETTLEMENT,1774585140,0,10000,19200,10000
T0647,WIN_SETTLEMENT,1775109120,0,10000,0,10000
