source_experiment_id,target,family,bin_lo,bin_hi,N,mean_predicted,observed_rate,difference,strong_evidence
NCAAB_H1_2_AUSTIN_TRANSFER_V1,TARGET_terminal_loss,H0,0.0,0.2,382,0.16327851041436373,0.16230366492146597,0.0009748454928977524,True
NCAAB_H1_2_AUSTIN_TRANSFER_V1,TARGET_terminal_loss,H0,0.2,0.4,0,UNAVAILABLE,UNAVAILABLE,UNAVAILABLE,False
NCAAB_H1_2_AUSTIN_TRANSFER_V1,TARGET_terminal_loss,H0,0.4,0.6,0,UNAVAILABLE,UNAVAILABLE,UNAVAILABLE,False
NCAAB_H1_2_AUSTIN_TRANSFER_V1,TARGET_terminal_loss,H0,0.6,0.8,0,UNAVAILABLE,UNAVAILABLE,UNAVAILABLE,False
NCAAB_H1_2_AUSTIN_TRANSFER_V1,TARGET_terminal_loss,H0,0.8,1.0,0,UNAVAILABLE,UNAVAILABLE,UNAVAILABLE,False
NCAAB_H1_2_AUSTIN_TRANSFER_V1,TARGET_terminal_loss,H1,0.0,0.2,294,0.1522412067773069,0.14625850340136054,0.005982703375946363,True
NCAAB_H1_2_AUSTIN_TRANSFER_V1,TARGET_terminal_loss,H1,0.2,0.4,88,0.22219260838663824,0.2159090909090909,0.0062835174775473235,True
NCAAB_H1_2_AUSTIN_TRANSFER_V1,TARGET_terminal_loss,H1,0.4,0.6,0,UNAVAILABLE,UNAVAILABLE,UNAVAILABLE,False
NCAAB_H1_2_AUSTIN_TRANSFER_V1,TARGET_terminal_loss,H1,0.6,0.8,0,UNAVAILABLE,UNAVAILABLE,UNAVAILABLE,False
NCAAB_H1_2_AUSTIN_TRANSFER_V1,TARGET_terminal_loss,H1,0.8,1.0,0,UNAVAILABLE,UNAVAILABLE,UNAVAILABLE,False
NCAAB_H1_2_AUSTIN_TRANSFER_V1,TARGET_terminal_loss,H2,0.0,0.2,282,0.12690605323817342,0.1347517730496454,-0.007845719811471974,True
NCAAB_H1_2_AUSTIN_TRANSFER_V1,TARGET_terminal_loss,H2,0.2,0.4,82,0.2782461694809256,0.2926829268292683,-0.014436757348342655,True
NCAAB_H1_2_AUSTIN_TRANSFER_V1,TARGET_terminal_loss,H2,0.4,0.6,18,0.4137286324786325,0.0,0.4137286324786325,True
NCAAB_H1_2_AUSTIN_TRANSFER_V1,TARGET_terminal_loss,H2,0.6,0.8,0,UNAVAILABLE,UNAVAILABLE,UNAVAILABLE,False
NCAAB_H1_2_AUSTIN_TRANSFER_V1,TARGET_terminal_loss,H2,0.8,1.0,0,UNAVAILABLE,UNAVAILABLE,UNAVAILABLE,False
NCAAB_H2_1_AUSTIN_TRANSFER_V1,TARGET_terminal_loss,H0,0.0,0.2,13,0.1945930132507314,1.0,-0.8054069867492686,True
NCAAB_H2_1_AUSTIN_TRANSFER_V1,TARGET_terminal_loss,H0,0.2,0.4,140,0.21868967506226972,0.14285714285714285,0.07583253220512687,True
NCAAB_H2_1_AUSTIN_TRANSFER_V1,TARGET_terminal_loss,H0,0.4,0.6,0,UNAVAILABLE,UNAVAILABLE,UNAVAILABLE,False
NCAAB_H2_1_AUSTIN_TRANSFER_V1,TARGET_terminal_loss,H0,0.6,0.8,0,UNAVAILABLE,UNAVAILABLE,UNAVAILABLE,False
NCAAB_H2_1_AUSTIN_TRANSFER_V1,TARGET_terminal_loss,H0,0.8,1.0,0,UNAVAILABLE,UNAVAILABLE,UNAVAILABLE,False
NCAAB_H2_1_AUSTIN_TRANSFER_V1,TARGET_terminal_loss,H1,0.0,0.2,120,0.12322392725206024,0.11666666666666667,0.006557260585393576,True
NCAAB_H2_1_AUSTIN_TRANSFER_V1,TARGET_terminal_loss,H1,0.2,0.4,0,UNAVAILABLE,UNAVAILABLE,UNAVAILABLE,False
NCAAB_H2_1_AUSTIN_TRANSFER_V1,TARGET_terminal_loss,H1,0.4,0.6,29,0.5444096133751307,0.6551724137931034,-0.1107628004179727,True
NCAAB_H2_1_AUSTIN_TRANSFER_V1,TARGET_terminal_loss,H1,0.6,0.8,4,0.7250000000000001,0.0,0.7250000000000001,False
NCAAB_H2_1_AUSTIN_TRANSFER_V1,TARGET_terminal_loss,H1,0.8,1.0,0,UNAVAILABLE,UNAVAILABLE,UNAVAILABLE,False
NCAAB_H2_1_AUSTIN_TRANSFER_V1,TARGET_terminal_loss,H2,0.0,0.2,121,0.1265241346269014,0.12396694214876033,0.002557192478141068,True
NCAAB_H2_1_AUSTIN_TRANSFER_V1,TARGET_terminal_loss,H2,0.2,0.4,7,0.2857142857142857,0.2857142857142857,0.0,False
NCAAB_H2_1_AUSTIN_TRANSFER_V1,TARGET_terminal_loss,H2,0.4,0.6,3,0.5,1.0,-0.5,False
NCAAB_H2_1_AUSTIN_TRANSFER_V1,TARGET_terminal_loss,H2,0.6,0.8,20,0.673125,0.55,0.12312499999999993,True
NCAAB_H2_1_AUSTIN_TRANSFER_V1,TARGET_terminal_loss,H2,0.8,1.0,0,UNAVAILABLE,UNAVAILABLE,UNAVAILABLE,False
