period,n,gross_pnl_cents,fees_cents,net_pnl_cents,book,test_id,population_id,run_id,scenario_id,sport
2025-10-15,2,67672,924,66748,ONE_20000_BOOK_ATTRIBUTION,OCT_2025,PRIMARY_EX_ANTE_FIRST78,oos_adverse_20260926T082326Z,REF,NBA
2025-10-17,2,-33836,2116,-35952,ONE_20000_BOOK_ATTRIBUTION,OCT_2025,PRIMARY_EX_ANTE_FIRST78,oos_adverse_20260926T082326Z,REF,NBA
2025-10-21,1,33836,462,33374,ONE_20000_BOOK_ATTRIBUTION,OCT_2025,PRIMARY_EX_ANTE_FIRST78,oos_adverse_20260926T082326Z,REF,NBA
2025-10-22,8,17127,6695,10432,ONE_20000_BOOK_ATTRIBUTION,OCT_2025,PRIMARY_EX_ANTE_FIRST78,oos_adverse_20260926T082326Z,REF,NBA
2025-10-23,1,-17127,1071,-18198,ONE_20000_BOOK_ATTRIBUTION,OCT_2025,PRIMARY_EX_ANTE_FIRST78,oos_adverse_20260926T082326Z,REF,NBA
2025-10-24,6,0,5220,-5220,ONE_20000_BOOK_ATTRIBUTION,OCT_2025,PRIMARY_EX_ANTE_FIRST78,oos_adverse_20260926T082326Z,REF,NBA
2025-10-25,1,-17347,1085,-18432,ONE_20000_BOOK_ATTRIBUTION,OCT_2025,PRIMARY_EX_ANTE_FIRST78,oos_adverse_20260926T082326Z,REF,NBA
2025-10-26,3,52041,2033,50008,ONE_20000_BOOK_ATTRIBUTION,OCT_2025,PRIMARY_EX_ANTE_FIRST78,oos_adverse_20260926T082326Z,REF,NBA
2025-10-27,2,69388,948,68440,ONE_20000_BOOK_ATTRIBUTION,OCT_2025,PRIMARY_EX_ANTE_FIRST78,oos_adverse_20260926T082326Z,REF,NBA
2025-10-28,4,34694,3118,31576,ONE_20000_BOOK_ATTRIBUTION,OCT_2025,PRIMARY_EX_ANTE_FIRST78,oos_adverse_20260926T082326Z,REF,NBA
2025-10-29,6,166221,3680,162541,ONE_20000_BOOK_ATTRIBUTION,OCT_2025,PRIMARY_EX_ANTE_FIRST78,oos_adverse_20260926T082326Z,REF,NBA
2025-10-30,2,18469,1660,16809,ONE_20000_BOOK_ATTRIBUTION,OCT_2025,PRIMARY_EX_ANTE_FIRST78,oos_adverse_20260926T082326Z,REF,NBA
2025-10-31,3,0,2815,-2815,ONE_20000_BOOK_ATTRIBUTION,OCT_2025,PRIMARY_EX_ANTE_FIRST78,oos_adverse_20260926T082326Z,REF,NBA
