NBA	2025-2026	NBA_20260315_POR_PHI	home	41387029116898364358526781845945004900399838472021903838282021558547176835023	https://clob.polymarket.com/prices-history?market=41387029116898364358526781845945004900399838472021903838282021558547176835023&startTs=1773568800&endTs=1773640800&fidelity=1
NBA	2025-2026	NBA_20260315_POR_PHI	away	104807386405203753627029272733434517075421396226707309390912932054047431986054	https://clob.polymarket.com/prices-history?market=104807386405203753627029272733434517075421396226707309390912932054047431986054&startTs=1773568800&endTs=1773640800&fidelity=1
NBA	2025-2026	NBA_20260315_UTA_SAC	home	103652504291292774936796488328924952807631851838476414345461142609770264573246	https://clob.polymarket.com/prices-history?market=103652504291292774936796488328924952807631851838476414345461142609770264573246&startTs=1773583200&endTs=1773655200&fidelity=1
NBA	2025-2026	NBA_20260315_UTA_SAC	away	29938514184970414348155694778671980817991099472183324339505529775105034074937	https://clob.polymarket.com/prices-history?market=29938514184970414348155694778671980817991099472183324339505529775105034074937&startTs=1773583200&endTs=1773655200&fidelity=1
NBA	2025-2026	NBA_20260316_DAL_NOP	home	73430689641666162570208609687376950474748567262949087092171303688003662051888	https://clob.polymarket.com/prices-history?market=73430689641666162570208609687376950474748567262949087092171303688003662051888&startTs=1773662400&endTs=1773734400&fidelity=1
NBA	2025-2026	NBA_20260316_DAL_NOP	away	73076199521042016483590271134332180685639678683056501181406114343583982235572	https://clob.polymarket.com/prices-history?market=73076199521042016483590271134332180685639678683056501181406114343583982235572&startTs=1773662400&endTs=1773734400&fidelity=1
NBA	2025-2026	NBA_20260316_POR_BKN	home	38600232329200688987180768699520821242643228049856328861898321954490511578350	https://clob.polymarket.com/prices-history?market=38600232329200688987180768699520821242643228049856328861898321954490511578350&startTs=1773660600&endTs=1773732600&fidelity=1
NBA	2025-2026	NBA_20260316_POR_BKN	away	76810239256659738454108496355863002598719856235416794857507402205455866024593	https://clob.polymarket.com/prices-history?market=76810239256659738454108496355863002598719856235416794857507402205455866024593&startTs=1773660600&endTs=1773732600&fidelity=1
NBA	2025-2026	NBA_20260316_SAS_LAC	home	70125856368455597409103054709052917217494863863068571440955061920140576770481	https://clob.polymarket.com/prices-history?market=70125856368455597409103054709052917217494863863068571440955061920140576770481&startTs=1773669600&endTs=1773741600&fidelity=1
NBA	2025-2026	NBA_20260316_SAS_LAC	away	107595808475121353954878414033697282185110804024578231628702476953787251712388	https://clob.polymarket.com/prices-history?market=107595808475121353954878414033697282185110804024578231628702476953787251712388&startTs=1773669600&endTs=1773741600&fidelity=1
NBA	2025-2026	NBA_20260317_CLE_MIL	home	64341170344191134568512415672650723351060471127659473427491129766132576743246	https://clob.polymarket.com/prices-history?market=64341170344191134568512415672650723351060471127659473427491129766132576743246&startTs=1773748800&endTs=1773820800&fidelity=1
NBA	2025-2026	NBA_20260317_CLE_MIL	away	46440330975859580393340282172990358197170670732251031556467708289612450987806	https://clob.polymarket.com/prices-history?market=46440330975859580393340282172990358197170670732251031556467708289612450987806&startTs=1773748800&endTs=1773820800&fidelity=1
NBA	2025-2026	NBA_20260317_DET_WAS	home	17099481025837246885779189828657260235952615421316280987531483773805113695816	https://clob.polymarket.com/prices-history?market=17099481025837246885779189828657260235952615421316280987531483773805113695816&startTs=1773745200&endTs=1773817200&fidelity=1
NBA	2025-2026	NBA_20260317_DET_WAS	away	82790834489296792548001754818893068269706014238351914889123814624040902456072	https://clob.polymarket.com/prices-history?market=82790834489296792548001754818893068269706014238351914889123814624040902456072&startTs=1773745200&endTs=1773817200&fidelity=1
NBA	2025-2026	NBA_20260425_OKC_PHX	home	41772102129198252435268395441232788537892915035660994488552295928531028880890	https://clob.polymarket.com/prices-history?market=41772102129198252435268395441232788537892915035660994488552295928531028880890&startTs=1777102200&endTs=1777174200&fidelity=1
NBA	2025-2026	NBA_20260425_OKC_PHX	away	22334377791140002056209089209804890592803004640771654906225350516509539158966	https://clob.polymarket.com/prices-history?market=22334377791140002056209089209804890592803004640771654906225350516509539158966&startTs=1777102200&endTs=1777174200&fidelity=1
NBA	2025-2026	NBA_20260426_BOS_PHI	home	16178573174881568273667267624407523428628409780018130128613739766022276533843	https://clob.polymarket.com/prices-history?market=16178573174881568273667267624407523428628409780018130128613739766022276533843&startTs=1777201200&endTs=1777273200&fidelity=1
NBA	2025-2026	NBA_20260426_BOS_PHI	away	72191583546025361831225777665974697708285902529660640935369192804892327952658	https://clob.polymarket.com/prices-history?market=72191583546025361831225777665974697708285902529660640935369192804892327952658&startTs=1777201200&endTs=1777273200&fidelity=1
NBA	2025-2026	NBA_20260426_CLE_TOR	home	110095862791839927724013972407359234227912355695391513685800373740500754931616	https://clob.polymarket.com/prices-history?market=110095862791839927724013972407359234227912355695391513685800373740500754931616&startTs=1777179600&endTs=1777251600&fidelity=1
NBA	2025-2026	NBA_20260426_CLE_TOR	away	89064299181143394148709327473509743882930252400518549241798110493431019910983	https://clob.polymarket.com/prices-history?market=89064299181143394148709327473509743882930252400518549241798110493431019910983&startTs=1777179600&endTs=1777251600&fidelity=1
NBA	2025-2026	NBA_20260426_LAL_HOU	home	84204451169078385861763459562834733324860596573812256739968485435590653502759	https://clob.polymarket.com/prices-history?market=84204451169078385861763459562834733324860596573812256739968485435590653502759&startTs=1777210200&endTs=1777282200&fidelity=1
NBA	2025-2026	NBA_20260426_LAL_HOU	away	89628879983438666693229836095007901844397172691064613302845941791790913354622	https://clob.polymarket.com/prices-history?market=89628879983438666693229836095007901844397172691064613302845941791790913354622&startTs=1777210200&endTs=1777282200&fidelity=1
NBA	2025-2026	NBA_20260426_SAS_POR	home	29824778903257505034760734075553258090521496539818945851265427198516411759553	https://clob.polymarket.com/prices-history?market=29824778903257505034760734075553258090521496539818945851265427198516411759553&startTs=1777188600&endTs=1777260600&fidelity=1
NBA	2025-2026	NBA_20260426_SAS_POR	away	59005039819817191572790632185216584675790282938177567233176230080432531995226	https://clob.polymarket.com/prices-history?market=59005039819817191572790632185216584675790282938177567233176230080432531995226&startTs=1777188600&endTs=1777260600&fidelity=1
NBA	2025-2026	NBA_20260427_DET_ORL	home	42905966529551920280856671377807892456442992780489440069886536170978932721881	https://clob.polymarket.com/prices-history?market=42905966529551920280856671377807892456442992780489440069886536170978932721881&startTs=1777291200&endTs=1777363200&fidelity=1
NBA	2025-2026	NBA_20260427_DET_ORL	away	1518305619315874864361533443277634403855867647845789946086068902484304851588	https://clob.polymarket.com/prices-history?market=1518305619315874864361533443277634403855867647845789946086068902484304851588&startTs=1777291200&endTs=1777363200&fidelity=1
NBA	2025-2026	NBA_20260427_MIN_DEN	home	23474129862538016355769921752602588362727749687612650738794086635241500644505	https://clob.polymarket.com/prices-history?market=23474129862538016355769921752602588362727749687612650738794086635241500644505&startTs=1777300200&endTs=1777372200&fidelity=1
NBA	2025-2026	NBA_20260427_MIN_DEN	away	19864917728008780169589671230660157481183889222095324713973472684120112283428	https://clob.polymarket.com/prices-history?market=19864917728008780169589671230660157481183889222095324713973472684120112283428&startTs=1777300200&endTs=1777372200&fidelity=1
NBA	2025-2026	NBA_20260427_OKC_PHX	home	19653532241860349613991270353524402620888969676044603473903869130010978513279	https://clob.polymarket.com/prices-history?market=19653532241860349613991270353524402620888969676044603473903869130010978513279&startTs=1777296600&endTs=1777368600&fidelity=1
NBA	2025-2026	NBA_20260427_OKC_PHX	away	112286037958073885209790838022710719498896411342527654617538188530714723942787	https://clob.polymarket.com/prices-history?market=112286037958073885209790838022710719498896411342527654617538188530714723942787&startTs=1777296600&endTs=1777368600&fidelity=1
NBA	2025-2026	NBA_20260428_ATL_NYK	home	43309828823746339464489210180762823078052361330656522577966304624922661985110	https://clob.polymarket.com/prices-history?market=43309828823746339464489210180762823078052361330656522577966304624922661985110&startTs=1777377600&endTs=1777449600&fidelity=1
NBA	2025-2026	NBA_20260428_ATL_NYK	away	69668575735791623386069375203981180410588657877055306049875869400662641754575	https://clob.polymarket.com/prices-history?market=69668575735791623386069375203981180410588657877055306049875869400662641754575&startTs=1777377600&endTs=1777449600&fidelity=1
NBA	2025-2026	NBA_20260428_PHI_BOS	home	34663609549492601115337295535496965143176358207875068718716497391686997401540	https://clob.polymarket.com/prices-history?market=34663609549492601115337295535496965143176358207875068718716497391686997401540&startTs=1777374000&endTs=1777446000&fidelity=1
NBA	2025-2026	NBA_20260428_PHI_BOS	away	32853656584937659933459997176423433234862528446865968234895335030063768824701	https://clob.polymarket.com/prices-history?market=32853656584937659933459997176423433234862528446865968234895335030063768824701&startTs=1777374000&endTs=1777446000&fidelity=1
NBA	2025-2026	NBA_20260428_POR_SAS	home	36698205628142477836360790836398532623831451151753324017183574215774507580577	https://clob.polymarket.com/prices-history?market=36698205628142477836360790836398532623831451151753324017183574215774507580577&startTs=1777383000&endTs=1777455000&fidelity=1
NBA	2025-2026	NBA_20260428_POR_SAS	away	113048801158702797031448601641687957438814333598003788408753366282079685568408	https://clob.polymarket.com/prices-history?market=113048801158702797031448601641687957438814333598003788408753366282079685568408&startTs=1777383000&endTs=1777455000&fidelity=1
NBA	2025-2026	NBA_20260429_HOU_LAL	home	80729003654371335358412385917687517154257636519412634184200985170091219160210	https://clob.polymarket.com/prices-history?market=80729003654371335358412385917687517154257636519412634184200985170091219160210&startTs=1777471200&endTs=1777543200&fidelity=1
NBA	2025-2026	NBA_20260429_HOU_LAL	away	80490608991666608883237386217913374739973303042059736608678197505779737570449	https://clob.polymarket.com/prices-history?market=80490608991666608883237386217913374739973303042059736608678197505779737570449&startTs=1777471200&endTs=1777543200&fidelity=1
NBA	2025-2026	NBA_20260429_ORL_DET	home	108354690495269900846935213616573810961791790249722511484544107826360018883979	https://clob.polymarket.com/prices-history?market=108354690495269900846935213616573810961791790249722511484544107826360018883979&startTs=1777460400&endTs=1777532400&fidelity=1
NBA	2025-2026	NBA_20260429_ORL_DET	away	103750476413980743236939251006965962496166906034686163595426673328716344957635	https://clob.polymarket.com/prices-history?market=103750476413980743236939251006965962496166906034686163595426673328716344957635&startTs=1777460400&endTs=1777532400&fidelity=1
NBA	2025-2026	NBA_20260429_TOR_CLE	home	110696161007619141167346877572716324569139879462201376133276889377008281595790	https://clob.polymarket.com/prices-history?market=110696161007619141167346877572716324569139879462201376133276889377008281595790&startTs=1777462200&endTs=1777534200&fidelity=1
NBA	2025-2026	NBA_20260429_TOR_CLE	away	68397300146154670309816036090172676633892911639618244997323832346051103420886	https://clob.polymarket.com/prices-history?market=68397300146154670309816036090172676633892911639618244997323832346051103420886&startTs=1777462200&endTs=1777534200&fidelity=1
NBA	2025-2026	NBA_20260430_BOS_PHI	home	62083946852989988527721650673143828810500159519401076143932572939731622047015	https://clob.polymarket.com/prices-history?market=62083946852989988527721650673143828810500159519401076143932572939731622047015&startTs=1777550400&endTs=1777622400&fidelity=1
NBA	2025-2026	NBA_20260430_BOS_PHI	away	55628235770651476359986053297374971445004645381348576202364213864923708021967	https://clob.polymarket.com/prices-history?market=55628235770651476359986053297374971445004645381348576202364213864923708021967&startTs=1777550400&endTs=1777622400&fidelity=1
NBA	2025-2026	NBA_20260430_DEN_MIN	home	37072820737673550545982947499525351299052704677011952299848670736862285050132	https://clob.polymarket.com/prices-history?market=37072820737673550545982947499525351299052704677011952299848670736862285050132&startTs=1777555800&endTs=1777627800&fidelity=1
NBA	2025-2026	NBA_20260430_DEN_MIN	away	41054916495347957510087691174345858426588337259427885853416998968409113903196	https://clob.polymarket.com/prices-history?market=41054916495347957510087691174345858426588337259427885853416998968409113903196&startTs=1777555800&endTs=1777627800&fidelity=1
NBA	2025-2026	NBA_20260430_NYK_ATL	home	114940775952390233136841086743439972823323664132195957476936149506896581762151	https://clob.polymarket.com/prices-history?market=114940775952390233136841086743439972823323664132195957476936149506896581762151&startTs=1777546800&endTs=1777618800&fidelity=1
NBA	2025-2026	NBA_20260430_NYK_ATL	away	69821066132768145123325026951088973920164203826490601599171416230627485942213	https://clob.polymarket.com/prices-history?market=69821066132768145123325026951088973920164203826490601599171416230627485942213&startTs=1777546800&endTs=1777618800&fidelity=1
NBA	2025-2026	NBA_20260501_CLE_TOR	home	21592358009744043393960223086231073990965315360148894428636103483363588531983	https://clob.polymarket.com/prices-history?market=21592358009744043393960223086231073990965315360148894428636103483363588531983&startTs=1777635000&endTs=1777707000&fidelity=1
NBA	2025-2026	NBA_20260501_CLE_TOR	away	3458579677480418407462245282172328323357098371506388156545148696750943551593	https://clob.polymarket.com/prices-history?market=3458579677480418407462245282172328323357098371506388156545148696750943551593&startTs=1777635000&endTs=1777707000&fidelity=1
NBA	2025-2026	NBA_20260501_DET_ORL	home	82221339713135399428290955138306764638168438245123564027289128657368382639491	https://clob.polymarket.com/prices-history?market=82221339713135399428290955138306764638168438245123564027289128657368382639491&startTs=1777633200&endTs=1777705200&fidelity=1
NBA	2025-2026	NBA_20260501_DET_ORL	away	6583357871212360718822001350303665409333215855667261572173861988863763451646	https://clob.polymarket.com/prices-history?market=6583357871212360718822001350303665409333215855667261572173861988863763451646&startTs=1777633200&endTs=1777705200&fidelity=1
NBA	2025-2026	NBA_20260501_LAL_HOU	home	54754929907720209668809079943681031433684783617588893287676385583188854303727	https://clob.polymarket.com/prices-history?market=54754929907720209668809079943681031433684783617588893287676385583188854303727&startTs=1777642200&endTs=1777714200&fidelity=1
NBA	2025-2026	NBA_20260501_LAL_HOU	away	40876543978325190006945370412399191384138161338521232746809838247550265648605	https://clob.polymarket.com/prices-history?market=40876543978325190006945370412399191384138161338521232746809838247550265648605&startTs=1777642200&endTs=1777714200&fidelity=1
NBA	2025-2026	NBA_20260504_MIN_SAS	home	11814614911751245685595338429953809518037031788963281537257994211188574329710	https://clob.polymarket.com/prices-history?market=11814614911751245685595338429953809518037031788963281537257994211188574329710&startTs=1777901400&endTs=1777973400&fidelity=1
NBA	2025-2026	NBA_20260504_MIN_SAS	away	113612877323423658909275002980526144749213135301890940162044238784095239141867	https://clob.polymarket.com/prices-history?market=113612877323423658909275002980526144749213135301890940162044238784095239141867&startTs=1777901400&endTs=1777973400&fidelity=1
NBA	2025-2026	NBA_20260504_PHI_NYK	home	7271719228951905168165152473816520161088506548359004023144822068459306025418	https://clob.polymarket.com/prices-history?market=7271719228951905168165152473816520161088506548359004023144822068459306025418&startTs=1777896000&endTs=1777968000&fidelity=1
NBA	2025-2026	NBA_20260504_PHI_NYK	away	33862401716642002501647461914977826825351702497099522676447647713215792005182	https://clob.polymarket.com/prices-history?market=33862401716642002501647461914977826825351702497099522676447647713215792005182&startTs=1777896000&endTs=1777968000&fidelity=1
NBA	2025-2026	NBA_20260505_CLE_DET	home	104151088111050796165493138104257464397360419273400967671471801443001163076614	https://clob.polymarket.com/prices-history?market=104151088111050796165493138104257464397360419273400967671471801443001163076614&startTs=1777978800&endTs=1778050800&fidelity=1
NBA	2025-2026	NBA_20260505_CLE_DET	away	81056463398495757793045378204647663111368821948738909834783106995385310685520	https://clob.polymarket.com/prices-history?market=81056463398495757793045378204647663111368821948738909834783106995385310685520&startTs=1777978800&endTs=1778050800&fidelity=1
NBA	2025-2026	NBA_20260505_LAL_OKC	home	27454048700384044092450964960644275110852624571232205631229553352693375566935	https://clob.polymarket.com/prices-history?market=27454048700384044092450964960644275110852624571232205631229553352693375566935&startTs=1777984200&endTs=1778056200&fidelity=1
