NBA_20251010_BOS_TOR	home	89850431450303387678538953020686460455738437354495540428769154762986528633198	https://clob.polymarket.com/prices-history?market=89850431450303387678538953020686460455738437354495540428769154762986528633198&startTs=1760094000&endTs=1760166000&fidelity=1
NBA_20251010_BOS_TOR	away	20657321884881965442502440686991904058493170404696956727788217311904835714523	https://clob.polymarket.com/prices-history?market=20657321884881965442502440686991904058493170404696956727788217311904835714523&startTs=1760094000&endTs=1760166000&fidelity=1
NBA_20251010_ORL_PHI	home	73926284041345826404340372321415586978124275944120301020782777916203517903841	https://clob.polymarket.com/prices-history?market=73926284041345826404340372321415586978124275944120301020782777916203517903841&startTs=1760094000&endTs=1760166000&fidelity=1
NBA_20251010_ORL_PHI	away	22452397828776584044948046453264055363936863172486547742753018827638257980077	https://clob.polymarket.com/prices-history?market=22452397828776584044948046453264055363936863172486547742753018827638257980077&startTs=1760094000&endTs=1760166000&fidelity=1
NBA_20251010_PHX_BKN	home	20315278082395843777691815797858852135929520716620212273189742399367440159162	https://clob.polymarket.com/prices-history?market=20315278082395843777691815797858852135929520716620212273189742399367440159162&startTs=1760054400&endTs=1760126400&fidelity=1
NBA_20251010_PHX_BKN	away	100282449680164516699695782129950319975609393051186418375611364291942875093525	https://clob.polymarket.com/prices-history?market=100282449680164516699695782129950319975609393051186418375611364291942875093525&startTs=1760054400&endTs=1760126400&fidelity=1
NBA_20251010_SAC_POR	home	46379258811524236656856019336723247711897095178046221140692551162998575592268	https://clob.polymarket.com/prices-history?market=46379258811524236656856019336723247711897095178046221140692551162998575592268&startTs=1760104800&endTs=1760176800&fidelity=1
NBA_20251010_SAC_POR	away	47958695128445384378223706854416770063607829009253696564529279434817861525460	https://clob.polymarket.com/prices-history?market=47958695128445384378223706854416770063607829009253696564529279434817861525460&startTs=1760104800&endTs=1760176800&fidelity=1
NBA_20251010_UTA_SAS	home	67457044927988824624244502089342110974215797038194575005752436950629605707317	https://clob.polymarket.com/prices-history?market=67457044927988824624244502089342110974215797038194575005752436950629605707317&startTs=1760097600&endTs=1760169600&fidelity=1
NBA_20251010_UTA_SAS	away	36098328477313489855821190530712510961034941483174165640364715047923457357392	https://clob.polymarket.com/prices-history?market=36098328477313489855821190530712510961034941483174165640364715047923457357392&startTs=1760097600&endTs=1760169600&fidelity=1
NBA_20251021_GSW_LAL	home	105195273800805741302360656781906689814267611070744981889377039652248092220829	https://clob.polymarket.com/prices-history?market=105195273800805741302360656781906689814267611070744981889377039652248092220829&startTs=1761055200&endTs=1761127200&fidelity=1
NBA_20251021_GSW_LAL	away	115152008118765244343487114539449379750173974324869251973707544487356888724377	https://clob.polymarket.com/prices-history?market=115152008118765244343487114539449379750173974324869251973707544487356888724377&startTs=1761055200&endTs=1761127200&fidelity=1
NBA_20251021_HOU_OKC	home	63870975990032637940573018258863155951022942268139818518284867189910926394044	https://clob.polymarket.com/prices-history?market=63870975990032637940573018258863155951022942268139818518284867189910926394044&startTs=1761046200&endTs=1761118200&fidelity=1
NBA_20251021_HOU_OKC	away	73582508735243804431243521609187595818638905970129491451786956759701866039940	https://clob.polymarket.com/prices-history?market=73582508735243804431243521609187595818638905970129491451786956759701866039940&startTs=1761046200&endTs=1761118200&fidelity=1
NBA_20251022_BKN_CHA	home	63364177828376435301351442563444525417434793301267016695208924755948951860234	https://clob.polymarket.com/prices-history?market=63364177828376435301351442563444525417434793301267016695208924755948951860234&startTs=1761130800&endTs=1761202800&fidelity=1
NBA_20251022_BKN_CHA	away	59154207280635570570229615289602223018467336053150598419553931920090499032820	https://clob.polymarket.com/prices-history?market=59154207280635570570229615289602223018467336053150598419553931920090499032820&startTs=1761130800&endTs=1761202800&fidelity=1
NBA_20251022_CLE_NYK	home	15721124841227969172581780456782027277796239974251136417959080929199260067346	https://clob.polymarket.com/prices-history?market=15721124841227969172581780456782027277796239974251136417959080929199260067346&startTs=1761130800&endTs=1761202800&fidelity=1
NBA_20251022_CLE_NYK	away	12174907552380481449558625286581790517252890375007137204936009091630461152066	https://clob.polymarket.com/prices-history?market=12174907552380481449558625286581790517252890375007137204936009091630461152066&startTs=1761130800&endTs=1761202800&fidelity=1
NBA_20251022_DET_CHI	home	54272314271064784220980414753571794756757693436166803014129779115124712292049	https://clob.polymarket.com/prices-history?market=54272314271064784220980414753571794756757693436166803014129779115124712292049&startTs=1761134400&endTs=1761206400&fidelity=1
NBA_20251022_DET_CHI	away	62112113324623612806508170339318683054125087302117752681230882064464078006137	https://clob.polymarket.com/prices-history?market=62112113324623612806508170339318683054125087302117752681230882064464078006137&startTs=1761134400&endTs=1761206400&fidelity=1
NBA_20251022_LAC_UTA	home	54343792840851908517987601351670284940939051458831805361797061477179461306976	https://clob.polymarket.com/prices-history?market=54343792840851908517987601351670284940939051458831805361797061477179461306976&startTs=1761138000&endTs=1761210000&fidelity=1
NBA_20251022_LAC_UTA	away	56263584879460760745758111783551127255496994527584354698559038024337835375120	https://clob.polymarket.com/prices-history?market=56263584879460760745758111783551127255496994527584354698559038024337835375120&startTs=1761138000&endTs=1761210000&fidelity=1
NBA_20251022_MIA_ORL	home	21304087698650079705828527352769626178020773406347830720801346158402903459114	https://clob.polymarket.com/prices-history?market=21304087698650079705828527352769626178020773406347830720801346158402903459114&startTs=1761130800&endTs=1761202800&fidelity=1
NBA_20251022_MIA_ORL	away	31552324189428364849921429495689640174032943923567551376823997422949813487483	https://clob.polymarket.com/prices-history?market=31552324189428364849921429495689640174032943923567551376823997422949813487483&startTs=1761130800&endTs=1761202800&fidelity=1
NBA_20251022_NOP_MEM	home	105056068528113173778746043560779525519254819123519741104564377007248938228558	https://clob.polymarket.com/prices-history?market=105056068528113173778746043560779525519254819123519741104564377007248938228558&startTs=1761134400&endTs=1761206400&fidelity=1
NBA_20251022_NOP_MEM	away	3040055911893781863787286529092188976363453886073535217905307453893402101680	https://clob.polymarket.com/prices-history?market=3040055911893781863787286529092188976363453886073535217905307453893402101680&startTs=1761134400&endTs=1761206400&fidelity=1
NBA_20251022_PHI_BOS	home	100817983155645135914427425000052191526937581260586344595125224952921936370920	https://clob.polymarket.com/prices-history?market=100817983155645135914427425000052191526937581260586344595125224952921936370920&startTs=1761132600&endTs=1761204600&fidelity=1
NBA_20251022_PHI_BOS	away	36588252805891405622192021663682911922795750993518578680902576500086169492917	https://clob.polymarket.com/prices-history?market=36588252805891405622192021663682911922795750993518578680902576500086169492917&startTs=1761132600&endTs=1761204600&fidelity=1
NBA_20251022_SAS_DAL	home	60169201630067160656972326293269086048473910921702356233799384648137415506078	https://clob.polymarket.com/prices-history?market=60169201630067160656972326293269086048473910921702356233799384648137415506078&startTs=1761139800&endTs=1761211800&fidelity=1
NBA_20251022_SAS_DAL	away	21058990012637652216794729930781102782582217518767704874744587462341445596186	https://clob.polymarket.com/prices-history?market=21058990012637652216794729930781102782582217518767704874744587462341445596186&startTs=1761139800&endTs=1761211800&fidelity=1
NBA_20251022_TOR_ATL	home	40333867387966972463328380632415965402255181108016383630123154050549655662173	https://clob.polymarket.com/prices-history?market=40333867387966972463328380632415965402255181108016383630123154050549655662173&startTs=1761132600&endTs=1761204600&fidelity=1
NBA_20251022_TOR_ATL	away	92438137061504971308911093001724139098915587192446507254124227403503971681303	https://clob.polymarket.com/prices-history?market=92438137061504971308911093001724139098915587192446507254124227403503971681303&startTs=1761132600&endTs=1761204600&fidelity=1
NBA_20251022_WAS_MIL	home	114209151549775515086401127293326597448951833893464509881659331676843910415541	https://clob.polymarket.com/prices-history?market=114209151549775515086401127293326597448951833893464509881659331676843910415541&startTs=1761134400&endTs=1761206400&fidelity=1
NBA_20251022_WAS_MIL	away	72663617020265994081895612688983389408747314271428746278106217950237272327111	https://clob.polymarket.com/prices-history?market=72663617020265994081895612688983389408747314271428746278106217950237272327111&startTs=1761134400&endTs=1761206400&fidelity=1
NCAAB_20251103_UCSC_SF	home	90819019568962990836613555517399377009398950779858212451472420081650274409792	https://clob.polymarket.com/prices-history?market=90819019568962990836613555517399377009398950779858212451472420081650274409792&startTs=1762167600&endTs=1762239600&fidelity=1
NCAAB_20251103_UCSC_SF	away	80638823356480494814073631003700734344959836183777912155659735951202341756821	https://clob.polymarket.com/prices-history?market=80638823356480494814073631003700734344959836183777912155659735951202341756821&startTs=1762167600&endTs=1762239600&fidelity=1
WNBA_20250522_IND_ATL	home	58828242476919604918688294658888095843116913539726763727239688385389573423044	https://clob.polymarket.com/prices-history?market=58828242476919604918688294658888095843116913539726763727239688385389573423044&startTs=1747913400&endTs=1747985400&fidelity=1
WNBA_20250522_IND_ATL	away	112648859414159763891076852197009912122792562365571664540228025272756152834032	https://clob.polymarket.com/prices-history?market=112648859414159763891076852197009912122792562365571664540228025272756152834032&startTs=1747913400&endTs=1747985400&fidelity=1
WNBA_20250522_NY_CHI	home	53081242252297641963392367150688145516950355234495811301756832270545956579032	https://clob.polymarket.com/prices-history?market=53081242252297641963392367150688145516950355234495811301756832270545956579032&startTs=1747915200&endTs=1747987200&fidelity=1
WNBA_20250522_NY_CHI	away	74484737690150453656326072678223408467978885820548023828887851720957299092958	https://clob.polymarket.com/prices-history?market=74484737690150453656326072678223408467978885820548023828887851720957299092958&startTs=1747915200&endTs=1747987200&fidelity=1
WNBA_20250523_CONN_MIN	home	63447754210908157805076021721759378818448899693926026008600740227603959341947	https://clob.polymarket.com/prices-history?market=63447754210908157805076021721759378818448899693926026008600740227603959341947&startTs=1747999800&endTs=1748071800&fidelity=1
WNBA_20250523_CONN_MIN	away	86910281079478457432309068270493199360406111932794359085062356637262201703446	https://clob.polymarket.com/prices-history?market=86910281079478457432309068270493199360406111932794359085062356637262201703446&startTs=1747999800&endTs=1748071800&fidelity=1
WNBA_20250523_GS_LA	home	2589667220592049015870588999592965828781825005369065838435029485351165688195	https://clob.polymarket.com/prices-history?market=2589667220592049015870588999592965828781825005369065838435029485351165688195&startTs=1748008800&endTs=1748080800&fidelity=1
WNBA_20250523_GS_LA	away	449160478882624815723484222044586387991268868502904673182980737493083968668	https://clob.polymarket.com/prices-history?market=449160478882624815723484222044586387991268868502904673182980737493083968668&startTs=1748008800&endTs=1748080800&fidelity=1
WNBA_20250523_PHX_SEA	home	75546648265837287060750847779433502105252767105099976608096218799766236077988	https://clob.polymarket.com/prices-history?market=75546648265837287060750847779433502105252767105099976608096218799766236077988&startTs=1748008800&endTs=1748080800&fidelity=1
WNBA_20250523_PHX_SEA	away	23140220416161290375693701231938068081067414124155616300228209097458717278354	https://clob.polymarket.com/prices-history?market=23140220416161290375693701231938068081067414124155616300228209097458717278354&startTs=1748008800&endTs=1748080800&fidelity=1
