NBA	2025-2026	NBA_20251210_PHX_OKC	home	91808076003480971587770498332396660308637041977142339210795036096368587232161	https://clob.polymarket.com/prices-history?market=91808076003480971587770498332396660308637041977142339210795036096368587232161&startTs=1765369800&endTs=1765441800&fidelity=1
NBA	2025-2026	NBA_20251210_PHX_OKC	away	35594657150931700914302562069822803425182420231217518643529605760695795556209	https://clob.polymarket.com/prices-history?market=35594657150931700914302562069822803425182420231217518643529605760695795556209&startTs=1765369800&endTs=1765441800&fidelity=1
NBA	2025-2026	NBA_20251210_SAS_LAL	home	114238773832908483069082991054428273188448323998839051789529996164895184951167	https://clob.polymarket.com/prices-history?market=114238773832908483069082991054428273188448323998839051789529996164895184951167&startTs=1765378800&endTs=1765450800&fidelity=1
NBA	2025-2026	NBA_20251210_SAS_LAL	away	13444945640202321528095851332809153200962291577951823969882341501003901713544	https://clob.polymarket.com/prices-history?market=13444945640202321528095851332809153200962291577951823969882341501003901713544&startTs=1765378800&endTs=1765450800&fidelity=1
NBA	2025-2026	NBA_20251211_BOS_MIL	home	73017489455102510467984706197032718385253663647243355687052691133786377782260	https://clob.polymarket.com/prices-history?market=73017489455102510467984706197032718385253663647243355687052691133786377782260&startTs=1765458000&endTs=1765530000&fidelity=1
NBA	2025-2026	NBA_20251211_BOS_MIL	away	53745778851798367675252582416767824056126679558565971609650304277965645798736	https://clob.polymarket.com/prices-history?market=53745778851798367675252582416767824056126679558565971609650304277965645798736&startTs=1765458000&endTs=1765530000&fidelity=1
NBA	2025-2026	NBA_20251211_DEN_SAC	home	19542634162816333128570693498483915905507461886909777795509459396543054106160	https://clob.polymarket.com/prices-history?market=19542634162816333128570693498483915905507461886909777795509459396543054106160&startTs=1765465200&endTs=1765537200&fidelity=1
NBA	2025-2026	NBA_20251211_DEN_SAC	away	23427230575603681239748874954746301015307191131861378261708447743693345867931	https://clob.polymarket.com/prices-history?market=23427230575603681239748874954746301015307191131861378261708447743693345867931&startTs=1765465200&endTs=1765537200&fidelity=1
NBA	2025-2026	NBA_20251211_LAC_HOU	home	73464279889258812687015308343763741875972280549570074340615474189329011162035	https://clob.polymarket.com/prices-history?market=73464279889258812687015308343763741875972280549570074340615474189329011162035&startTs=1765458000&endTs=1765530000&fidelity=1
NBA	2025-2026	NBA_20251211_LAC_HOU	away	112390165192515019211549237498639811852574145041711445242322366402595174729499	https://clob.polymarket.com/prices-history?market=112390165192515019211549237498639811852574145041711445242322366402595174729499&startTs=1765458000&endTs=1765530000&fidelity=1
NBA	2025-2026	NBA_20251211_POR_NOP	home	91668149760247573101547363109643972980854592403134003424081606750077602358174	https://clob.polymarket.com/prices-history?market=91668149760247573101547363109643972980854592403134003424081606750077602358174&startTs=1765458000&endTs=1765530000&fidelity=1
NBA	2025-2026	NBA_20251211_POR_NOP	away	92150540872167892698619198245883832685507631040202633351022401010116219538092	https://clob.polymarket.com/prices-history?market=92150540872167892698619198245883832685507631040202633351022401010116219538092&startTs=1765458000&endTs=1765530000&fidelity=1
NBA	2025-2026	NBA_20251212_ATL_DET	home	31227329064996680371249120167350890415264315015782015795205469714650751877323	https://clob.polymarket.com/prices-history?market=31227329064996680371249120167350890415264315015782015795205469714650751877323&startTs=1765540800&endTs=1765612800&fidelity=1
NBA	2025-2026	NBA_20251212_ATL_DET	away	40667240771805447339655112500644395467270609038245165060102225512644007808012	https://clob.polymarket.com/prices-history?market=40667240771805447339655112500644395467270609038245165060102225512644007808012&startTs=1765540800&endTs=1765612800&fidelity=1
NBA	2025-2026	NBA_20251212_UTA_MEM	home	52121321089908993203797148912787510405505842029459280685063070016876667993108	https://clob.polymarket.com/prices-history?market=52121321089908993203797148912787510405505842029459280685063070016876667993108&startTs=1765544400&endTs=1765616400&fidelity=1
NBA	2025-2026	NBA_20251212_UTA_MEM	away	86469029410929421390459740047838702984735032237050749127343658524463521237482	https://clob.polymarket.com/prices-history?market=86469029410929421390459740047838702984735032237050749127343658524463521237482&startTs=1765544400&endTs=1765616400&fidelity=1
NBA	2025-2026	NBA_20251213_NYK_ORL	home	45100490716855077839518053377382486883197819591128476109667459691677558953720	https://clob.polymarket.com/prices-history?market=45100490716855077839518053377382486883197819591128476109667459691677558953720&startTs=1765621800&endTs=1765693800&fidelity=1
NBA	2025-2026	NBA_20251213_NYK_ORL	away	109989226572563776828568717121260516874361916388856014824348044662175611746445	https://clob.polymarket.com/prices-history?market=109989226572563776828568717121260516874361916388856014824348044662175611746445&startTs=1765621800&endTs=1765693800&fidelity=1
NBA	2025-2026	NBA_20251213_SAS_OKC	home	83099694799261768650086400562235231333108076228325996848479636958642777729751	https://clob.polymarket.com/prices-history?market=83099694799261768650086400562235231333108076228325996848479636958642777729751&startTs=1765634400&endTs=1765706400&fidelity=1
NBA	2025-2026	NBA_20251213_SAS_OKC	away	34755544515650133041459672741616096774878868408877889121617230568320007747299	https://clob.polymarket.com/prices-history?market=34755544515650133041459672741616096774878868408877889121617230568320007747299&startTs=1765634400&endTs=1765706400&fidelity=1
NBA	2025-2026	NBA_20251214_CHA_CLE	home	64419882056214593906493217568013021515525264434962703744542998262122732317989	https://clob.polymarket.com/prices-history?market=64419882056214593906493217568013021515525264434962703744542998262122732317989&startTs=1765701000&endTs=1765773000&fidelity=1
NBA	2025-2026	NBA_20251214_CHA_CLE	away	21398463075188330689128947705273541519181420689730982429025840854507352858638	https://clob.polymarket.com/prices-history?market=21398463075188330689128947705273541519181420689730982429025840854507352858638&startTs=1765701000&endTs=1765773000&fidelity=1
NBA	2025-2026	NBA_20251214_GSW_POR	home	76205482836568371641954192913358324007005518610902310598175936774530578682847	https://clob.polymarket.com/prices-history?market=76205482836568371641954192913358324007005518610902310598175936774530578682847&startTs=1765720800&endTs=1765792800&fidelity=1
NBA	2025-2026	NBA_20251214_GSW_POR	away	74771401696480511926104446043328748673687163207940558516503598154505964619843	https://clob.polymarket.com/prices-history?market=74771401696480511926104446043328748673687163207940558516503598154505964619843&startTs=1765720800&endTs=1765792800&fidelity=1
NBA	2025-2026	NBA_20251214_LAL_PHX	home	31725627124986860783096161054346904478591710202931048635023957137456469687706	https://clob.polymarket.com/prices-history?market=31725627124986860783096161054346904478591710202931048635023957137456469687706&startTs=1765717200&endTs=1765789200&fidelity=1
NBA	2025-2026	NBA_20251214_LAL_PHX	away	29091783267615229865190160755111133050173237292912301796204571875506398689280	https://clob.polymarket.com/prices-history?market=29091783267615229865190160755111133050173237292912301796204571875506398689280&startTs=1765717200&endTs=1765789200&fidelity=1
NBA	2025-2026	NBA_20251214_MIL_BKN	home	95194536383677230940604707066741273351932011703250978696393236065896314711105	https://clob.polymarket.com/prices-history?market=95194536383677230940604707066741273351932011703250978696393236065896314711105&startTs=1765710000&endTs=1765782000&fidelity=1
NBA	2025-2026	NBA_20251214_MIL_BKN	away	78839755649604920924051409730052913195353224778311536180128498069501197581869	https://clob.polymarket.com/prices-history?market=78839755649604920924051409730052913195353224778311536180128498069501197581869&startTs=1765710000&endTs=1765782000&fidelity=1
NBA	2025-2026	NBA_20251215_DET_BOS	home	5633222880126788439269153955219747618722832401975807067051723943732222776387	https://clob.polymarket.com/prices-history?market=5633222880126788439269153955219747618722832401975807067051723943732222776387&startTs=1765800000&endTs=1765872000&fidelity=1
NBA	2025-2026	NBA_20251215_DET_BOS	away	95624972018784002532162612740720496006567655469353635502553898608270175454207	https://clob.polymarket.com/prices-history?market=95624972018784002532162612740720496006567655469353635502553898608270175454207&startTs=1765800000&endTs=1765872000&fidelity=1
NBA	2025-2026	NBA_20251215_HOU_DEN	home	86373898240091097354610720098294988465078459763662681611920818413877662853588	https://clob.polymarket.com/prices-history?market=86373898240091097354610720098294988465078459763662681611920818413877662853588&startTs=1765809000&endTs=1765881000&fidelity=1
NBA	2025-2026	NBA_20251215_HOU_DEN	away	36607076611861193285632026391589103222083494993648436533142652232600888406706	https://clob.polymarket.com/prices-history?market=36607076611861193285632026391589103222083494993648436533142652232600888406706&startTs=1765809000&endTs=1765881000&fidelity=1
NBA	2025-2026	NBA_20251215_MEM_LAC	home	30697945283436915618476036502141444419153947919593516303787816186119578468580	https://clob.polymarket.com/prices-history?market=30697945283436915618476036502141444419153947919593516303787816186119578468580&startTs=1765812600&endTs=1765884600&fidelity=1
NBA	2025-2026	NBA_20251215_MEM_LAC	away	110679057629135200712876553519534235037701821502466902089246422482450654470141	https://clob.polymarket.com/prices-history?market=110679057629135200712876553519534235037701821502466902089246422482450654470141&startTs=1765812600&endTs=1765884600&fidelity=1
NBA	2025-2026	NBA_20251215_TOR_MIA	home	84155643415281692697306363338780530220632849336271569697038377426892823952595	https://clob.polymarket.com/prices-history?market=84155643415281692697306363338780530220632849336271569697038377426892823952595&startTs=1765801800&endTs=1765873800&fidelity=1
NBA	2025-2026	NBA_20251215_TOR_MIA	away	98381739851525610116723540969860208174974313497529280735627204925251063076219	https://clob.polymarket.com/prices-history?market=98381739851525610116723540969860208174974313497529280735627204925251063076219&startTs=1765801800&endTs=1765873800&fidelity=1
NBA	2025-2026	NBA_20251217_CLE_CHI	home	48400636188742323535718851889702759300481693861609064258988555609039872938456	https://clob.polymarket.com/prices-history?market=48400636188742323535718851889702759300481693861609064258988555609039872938456&startTs=1765976400&endTs=1766048400&fidelity=1
NBA	2025-2026	NBA_20251217_CLE_CHI	away	57439577996886402582915041351479168162140325219206529991353559587712697694071	https://clob.polymarket.com/prices-history?market=57439577996886402582915041351479168162140325219206529991353559587712697694071&startTs=1765976400&endTs=1766048400&fidelity=1
NBA	2025-2026	NBA_20251217_MEM_MIN	home	8006587964053685625666779030177730173246093674143655245133986963849506176114	https://clob.polymarket.com/prices-history?market=8006587964053685625666779030177730173246093674143655245133986963849506176114&startTs=1765976400&endTs=1766048400&fidelity=1
NBA	2025-2026	NBA_20251217_MEM_MIN	away	94162102329418717973462361294908900639437688033844555384445599824447775159975	https://clob.polymarket.com/prices-history?market=94162102329418717973462361294908900639437688033844555384445599824447775159975&startTs=1765976400&endTs=1766048400&fidelity=1
NBA	2025-2026	NBA_20251218_ATL_CHA	home	71572882021151026497535749052018735334198868593525946893927435398339547886570	https://clob.polymarket.com/prices-history?market=71572882021151026497535749052018735334198868593525946893927435398339547886570&startTs=1766059200&endTs=1766131200&fidelity=1
NBA	2025-2026	NBA_20251218_ATL_CHA	away	111193434510713050064768636373946495338445843495554099072289678854932117723835	https://clob.polymarket.com/prices-history?market=111193434510713050064768636373946495338445843495554099072289678854932117723835&startTs=1766059200&endTs=1766131200&fidelity=1
NBA	2025-2026	NBA_20251218_DET_DAL	home	12220650659391648871981127352081109621422939520995159722028256075048883940164	https://clob.polymarket.com/prices-history?market=12220650659391648871981127352081109621422939520995159722028256075048883940164&startTs=1766064600&endTs=1766136600&fidelity=1
NBA	2025-2026	NBA_20251218_DET_DAL	away	20050662795098851333170060600001431000849048702347268828510001265072124164037	https://clob.polymarket.com/prices-history?market=20050662795098851333170060600001431000849048702347268828510001265072124164037&startTs=1766064600&endTs=1766136600&fidelity=1
NBA	2025-2026	NBA_20251218_NYK_IND	home	109120082185260708651376284030501851586440559710539223467597530219415747371641	https://clob.polymarket.com/prices-history?market=109120082185260708651376284030501851586440559710539223467597530219415747371641&startTs=1766059200&endTs=1766131200&fidelity=1
NBA	2025-2026	NBA_20251218_NYK_IND	away	75025929443602936122533983725664777479579155786341965599816821998416858977741	https://clob.polymarket.com/prices-history?market=75025929443602936122533983725664777479579155786341965599816821998416858977741&startTs=1766059200&endTs=1766131200&fidelity=1
NBA	2025-2026	NBA_20251218_ORL_DEN	home	18359733565468219166649020356556866518396298994708146882858597745905152273270	https://clob.polymarket.com/prices-history?market=18359733565468219166649020356556866518396298994708146882858597745905152273270&startTs=1766066400&endTs=1766138400&fidelity=1
NBA	2025-2026	NBA_20251218_ORL_DEN	away	33454405429085099827162047598554405452617751964104935206305623666746304018732	https://clob.polymarket.com/prices-history?market=33454405429085099827162047598554405452617751964104935206305623666746304018732&startTs=1766066400&endTs=1766138400&fidelity=1
NBA	2025-2026	NBA_20251218_SAC_POR	home	40768352908479874103353208557838530455070546504256550612665701566724282854840	https://clob.polymarket.com/prices-history?market=40768352908479874103353208557838530455070546504256550612665701566724282854840&startTs=1766070000&endTs=1766142000&fidelity=1
NBA	2025-2026	NBA_20251218_SAC_POR	away	22394952383370073319279436388129856455383574557110247957129631336006498206219	https://clob.polymarket.com/prices-history?market=22394952383370073319279436388129856455383574557110247957129631336006498206219&startTs=1766070000&endTs=1766142000&fidelity=1
NBA	2025-2026	NBA_20251218_TOR_MIL	home	101507311680047500081654523253100815582134248892198080121306919270297937925175	https://clob.polymarket.com/prices-history?market=101507311680047500081654523253100815582134248892198080121306919270297937925175&startTs=1766062800&endTs=1766134800&fidelity=1
NBA	2025-2026	NBA_20251218_TOR_MIL	away	89450152738344263583541887959230206925179441975284351698762017489644563049829	https://clob.polymarket.com/prices-history?market=89450152738344263583541887959230206925179441975284351698762017489644563049829&startTs=1766062800&endTs=1766134800&fidelity=1
NBA	2025-2026	NBA_20251218_WAS_SAS	home	70085594528268803336372279209193677941407218536545967148587032031773184110332	https://clob.polymarket.com/prices-history?market=70085594528268803336372279209193677941407218536545967148587032031773184110332&startTs=1766062800&endTs=1766134800&fidelity=1
NBA	2025-2026	NBA_20251218_WAS_SAS	away	64978734815391964551319276665241481485904115602496847031512128807402747297947	https://clob.polymarket.com/prices-history?market=64978734815391964551319276665241481485904115602496847031512128807402747297947&startTs=1766062800&endTs=1766134800&fidelity=1
NBA	2025-2026	NBA_20251219_CHI_CLE	home	97825488518256318503933831625887327954679092644413106517512345125232457402498	https://clob.polymarket.com/prices-history?market=97825488518256318503933831625887327954679092644413106517512345125232457402498&startTs=1766147400&endTs=1766219400&fidelity=1
NBA	2025-2026	NBA_20251219_CHI_CLE	away	26898714545192588661001356793757297959380888358031544803580577133521938628593	https://clob.polymarket.com/prices-history?market=26898714545192588661001356793757297959380888358031544803580577133521938628593&startTs=1766147400&endTs=1766219400&fidelity=1
NBA	2025-2026	NBA_20251219_MIA_BOS	home	49237815910825648432040497135317702065245027936302400075746347925477822515566	https://clob.polymarket.com/prices-history?market=49237815910825648432040497135317702065245027936302400075746347925477822515566&startTs=1766145600&endTs=1766217600&fidelity=1
NBA	2025-2026	NBA_20251219_MIA_BOS	away	93023768887586549516380306125170768141689465984033663800992231565521245286731	https://clob.polymarket.com/prices-history?market=93023768887586549516380306125170768141689465984033663800992231565521245286731&startTs=1766145600&endTs=1766217600&fidelity=1
NBA	2025-2026	NBA_20251219_OKC_MIN	home	26177295524408191397290574171702202129751856811983267355574449377274041339208	https://clob.polymarket.com/prices-history?market=26177295524408191397290574171702202129751856811983267355574449377274041339208&startTs=1766154600&endTs=1766226600&fidelity=1
NBA	2025-2026	NBA_20251219_OKC_MIN	away	47087529117391144366947478381256511651474817015375362486102115504618940523055	https://clob.polymarket.com/prices-history?market=47087529117391144366947478381256511651474817015375362486102115504618940523055&startTs=1766154600&endTs=1766226600&fidelity=1
NBA	2025-2026	NBA_20251219_PHI_NYK	home	71556886223491775803294553000785005101308921558964922272509934872463039334146	https://clob.polymarket.com/prices-history?market=71556886223491775803294553000785005101308921558964922272509934872463039334146&startTs=1766145600&endTs=1766217600&fidelity=1
NBA	2025-2026	NBA_20251219_PHI_NYK	away	5068737578396634940143537571765972301279507548604518442770672060011475217141	https://clob.polymarket.com/prices-history?market=5068737578396634940143537571765972301279507548604518442770672060011475217141&startTs=1766145600&endTs=1766217600&fidelity=1
NBA	2025-2026	NBA_20251219_SAS_ATL	home	52823063136184662134204592049925177315701125620796484706213738213301686030924	https://clob.polymarket.com/prices-history?market=52823063136184662134204592049925177315701125620796484706213738213301686030924&startTs=1766147400&endTs=1766219400&fidelity=1
NBA	2025-2026	NBA_20251219_SAS_ATL	away	40489111565473427858424429593934032951415829769009487668144652751095899781472	https://clob.polymarket.com/prices-history?market=40489111565473427858424429593934032951415829769009487668144652751095899781472&startTs=1766147400&endTs=1766219400&fidelity=1
NBA	2025-2026	NBA_20251220_BOS_TOR	home	83558527562448125236452762520467238301137410156670385851336385742363822266906	https://clob.polymarket.com/prices-history?market=83558527562448125236452762520467238301137410156670385851336385742363822266906&startTs=1766232000&endTs=1766304000&fidelity=1
NBA	2025-2026	NBA_20251220_BOS_TOR	away	94493286126193544349305533131058522163069336266087936018332136339753157647219	https://clob.polymarket.com/prices-history?market=94493286126193544349305533131058522163069336266087936018332136339753157647219&startTs=1766232000&endTs=1766304000&fidelity=1
NBA	2025-2026	NBA_20251220_CHA_DET	home	19639181206970244358052478630933383113702726547010645742633393842520525281471	https://clob.polymarket.com/prices-history?market=19639181206970244358052478630933383113702726547010645742633393842520525281471&startTs=1766233800&endTs=1766305800&fidelity=1
NBA	2025-2026	NBA_20251220_CHA_DET	away	76740301948925097299778266634495407465261045555795856743742663818926322713502	https://clob.polymarket.com/prices-history?market=76740301948925097299778266634495407465261045555795856743742663818926322713502&startTs=1766233800&endTs=1766305800&fidelity=1
NBA	2025-2026	NBA_20251220_DAL_PHI	home	93988011224068110689595455361615938058097126079291850323066181114535236576267	https://clob.polymarket.com/prices-history?market=93988011224068110689595455361615938058097126079291850323066181114535236576267&startTs=1766232000&endTs=1766304000&fidelity=1
NBA	2025-2026	NBA_20251220_DAL_PHI	away	81651850146486015871711144197652827715974758314906089880848987680522639679001	https://clob.polymarket.com/prices-history?market=81651850146486015871711144197652827715974758314906089880848987680522639679001&startTs=1766232000&endTs=1766304000&fidelity=1
NBA	2025-2026	NBA_20251220_HOU_DEN	home	44981476928533336005207364947806469395451087952631540682599018527321063504838	https://clob.polymarket.com/prices-history?market=44981476928533336005207364947806469395451087952631540682599018527321063504838&startTs=1766224800&endTs=1766296800&fidelity=1
NBA	2025-2026	NBA_20251220_HOU_DEN	away	54829853978330669429551251905778214074128014124609781186771015417529556703558	https://clob.polymarket.com/prices-history?market=54829853978330669429551251905778214074128014124609781186771015417529556703558&startTs=1766224800&endTs=1766296800&fidelity=1
NBA	2025-2026	NBA_20251220_IND_NOP	home	68780621578760001970105623135635792173876616848053059097106339706597389231469	https://clob.polymarket.com/prices-history?market=68780621578760001970105623135635792173876616848053059097106339706597389231469&startTs=1766232000&endTs=1766304000&fidelity=1
NBA	2025-2026	NBA_20251220_IND_NOP	away	9633611404760346914169769610495073454891916799809394985531353854013878667308	https://clob.polymarket.com/prices-history?market=9633611404760346914169769610495073454891916799809394985531353854013878667308&startTs=1766232000&endTs=1766304000&fidelity=1
NBA	2025-2026	NBA_20251222_UTA_DEN	home	11222820284058504858078385299859637111970763662402638906806823986603093054393	https://clob.polymarket.com/prices-history?market=11222820284058504858078385299859637111970763662402638906806823986603093054393&startTs=1766412000&endTs=1766484000&fidelity=1
NBA	2025-2026	NBA_20251222_UTA_DEN	away	93096021136613090667791569972629903868615599605303727960061739429328966946837	https://clob.polymarket.com/prices-history?market=93096021136613090667791569972629903868615599605303727960061739429328966946837&startTs=1766412000&endTs=1766484000&fidelity=1
NBA	2025-2026	NBA_20251223_BKN_PHI	home	104965431220317528006874335620291792214679810667396938898683505432437152846754	https://clob.polymarket.com/prices-history?market=104965431220317528006874335620291792214679810667396938898683505432437152846754&startTs=1766491200&endTs=1766563200&fidelity=1
NBA	2025-2026	NBA_20251223_BKN_PHI	away	100428011340453649221532712205664458015241874665114375233556620937618361274382	https://clob.polymarket.com/prices-history?market=100428011340453649221532712205664458015241874665114375233556620937618361274382&startTs=1766491200&endTs=1766563200&fidelity=1
NBA	2025-2026	NBA_20251223_CHI_ATL	home	16175423257753554790309726339235080339815438328949773947876213876097635142248	https://clob.polymarket.com/prices-history?market=16175423257753554790309726339235080339815438328949773947876213876097635142248&startTs=1766493000&endTs=1766565000&fidelity=1
NBA	2025-2026	NBA_20251223_CHI_ATL	away	79732167688411694472820169080753450266438005119752908688337578938477556703110	https://clob.polymarket.com/prices-history?market=79732167688411694472820169080753450266438005119752908688337578938477556703110&startTs=1766493000&endTs=1766565000&fidelity=1
NBA	2025-2026	NBA_20251223_DEN_DAL	home	60682169574670726317589848489879010648117481945225646104933175682199990472157	https://clob.polymarket.com/prices-history?market=60682169574670726317589848489879010648117481945225646104933175682199990472157&startTs=1766494800&endTs=1766566800&fidelity=1
NBA	2025-2026	NBA_20251223_DEN_DAL	away	111040478011426570980779610476160385039087117593876564924717580153336789828982	https://clob.polymarket.com/prices-history?market=111040478011426570980779610476160385039087117593876564924717580153336789828982&startTs=1766494800&endTs=1766566800&fidelity=1
NBA	2025-2026	NBA_20251223_DET_SAC	home	37016474774023751751797741303853482574666445001290957833483490935629665342058	https://clob.polymarket.com/prices-history?market=37016474774023751751797741303853482574666445001290957833483490935629665342058&startTs=1766502000&endTs=1766574000&fidelity=1
NBA	2025-2026	NBA_20251223_DET_SAC	away	107397183204941541931510543163563227648599442082208912284193645741146033902438	https://clob.polymarket.com/prices-history?market=107397183204941541931510543163563227648599442082208912284193645741146033902438&startTs=1766502000&endTs=1766574000&fidelity=1
NBA	2025-2026	NBA_20251223_HOU_LAC	home	24729763754870004151115311523537542495280348722610770526497872895843904550092	https://clob.polymarket.com/prices-history?market=24729763754870004151115311523537542495280348722610770526497872895843904550092&startTs=1766505600&endTs=1766577600&fidelity=1
NBA	2025-2026	NBA_20251223_HOU_LAC	away	33288453333091112250961613398562276702222353482503127011482595715102711758334	https://clob.polymarket.com/prices-history?market=33288453333091112250961613398562276702222353482503127011482595715102711758334&startTs=1766505600&endTs=1766577600&fidelity=1
NBA	2025-2026	NBA_20251223_LAL_PHX	home	72092857085520611898146403253907138835077331542072618208096694446088386455290	https://clob.polymarket.com/prices-history?market=72092857085520611898146403253907138835077331542072618208096694446088386455290&startTs=1766498400&endTs=1766570400&fidelity=1
NBA	2025-2026	NBA_20251223_LAL_PHX	away	30606873291216437605528285130959129040565758929944151386811418870079025188231	https://clob.polymarket.com/prices-history?market=30606873291216437605528285130959129040565758929944151386811418870079025188231&startTs=1766498400&endTs=1766570400&fidelity=1
NBA	2025-2026	NBA_20251223_MEM_UTA	home	54205238316362067502921030406109239692599366055300924875726531354882382952842	https://clob.polymarket.com/prices-history?market=54205238316362067502921030406109239692599366055300924875726531354882382952842&startTs=1766498400&endTs=1766570400&fidelity=1
NBA	2025-2026	NBA_20251223_MEM_UTA	away	112391070150966670750588573455190359493368771992668687445087936015764792600857	https://clob.polymarket.com/prices-history?market=112391070150966670750588573455190359493368771992668687445087936015764792600857&startTs=1766498400&endTs=1766570400&fidelity=1
NBA	2025-2026	NBA_20251223_MIL_IND	home	5159825013663199476630385789459649200910647335044000757375650963271362006687	https://clob.polymarket.com/prices-history?market=5159825013663199476630385789459649200910647335044000757375650963271362006687&startTs=1766493000&endTs=1766565000&fidelity=1
NBA	2025-2026	NBA_20251223_MIL_IND	away	16585393537604747009001589277263429029265758547735423523865104709779695516605	https://clob.polymarket.com/prices-history?market=16585393537604747009001589277263429029265758547735423523865104709779695516605&startTs=1766493000&endTs=1766565000&fidelity=1
NBA	2025-2026	NBA_20251223_NOP_CLE	home	40731426586718666392335272054970537759491309887677616667790127779376729543013	https://clob.polymarket.com/prices-history?market=40731426586718666392335272054970537759491309887677616667790127779376729543013&startTs=1766493000&endTs=1766565000&fidelity=1
NBA	2025-2026	NBA_20251223_NOP_CLE	away	72429624847008034886798157703026400143225152554131708825876175864715414633443	https://clob.polymarket.com/prices-history?market=72429624847008034886798157703026400143225152554131708825876175864715414633443&startTs=1766493000&endTs=1766565000&fidelity=1
NBA	2025-2026	NBA_20251223_NYK_MIN	home	75747994504629112241257641713220929962629472788787402282458685769687786337654	https://clob.polymarket.com/prices-history?market=75747994504629112241257641713220929962629472788787402282458685769687786337654&startTs=1766494800&endTs=1766566800&fidelity=1
NBA	2025-2026	NBA_20251223_NYK_MIN	away	108562340492024584022131920768060041519611777670110530790400255898755017286749	https://clob.polymarket.com/prices-history?market=108562340492024584022131920768060041519611777670110530790400255898755017286749&startTs=1766494800&endTs=1766566800&fidelity=1
NBA	2025-2026	NBA_20251223_OKC_SAS	home	102091460844572423095830718975565563707926115258768362191246061609139425465081	https://clob.polymarket.com/prices-history?market=102091460844572423095830718975565563707926115258768362191246061609139425465081&startTs=1766496600&endTs=1766568600&fidelity=1
NBA	2025-2026	NBA_20251223_OKC_SAS	away	106022710462072280718588352788001322291792266810127276745070318745048364141915	https://clob.polymarket.com/prices-history?market=106022710462072280718588352788001322291792266810127276745070318745048364141915&startTs=1766496600&endTs=1766568600&fidelity=1
NBA	2025-2026	NBA_20251223_ORL_POR	home	2084217026925213163893877424686641751824420647354329983366871790449404771600	https://clob.polymarket.com/prices-history?market=2084217026925213163893877424686641751824420647354329983366871790449404771600&startTs=1766502000&endTs=1766574000&fidelity=1
NBA	2025-2026	NBA_20251223_ORL_POR	away	72594991758105516568376859124680250794053429672128922132161113868959622957528	https://clob.polymarket.com/prices-history?market=72594991758105516568376859124680250794053429672128922132161113868959622957528&startTs=1766502000&endTs=1766574000&fidelity=1
NBA	2025-2026	NBA_20251223_TOR_MIA	home	109862524975801058319116535550183248331138361587262932867091129460673671281385	https://clob.polymarket.com/prices-history?market=109862524975801058319116535550183248331138361587262932867091129460673671281385&startTs=1766493000&endTs=1766565000&fidelity=1
NBA	2025-2026	NBA_20251223_TOR_MIA	away	110119311173494671871843071557010987919425130876645825914506174503203720718595	https://clob.polymarket.com/prices-history?market=110119311173494671871843071557010987919425130876645825914506174503203720718595&startTs=1766493000&endTs=1766565000&fidelity=1
NBA	2025-2026	NBA_20251226_BOS_IND	home	94035439474469306380293693259536155678300359673336181423429415822655469041972	https://clob.polymarket.com/prices-history?market=94035439474469306380293693259536155678300359673336181423429415822655469041972&startTs=1766750400&endTs=1766822400&fidelity=1
NBA	2025-2026	NBA_20251226_BOS_IND	away	71654225492931980320824370741052343805666384303094312159950874539628048778849	https://clob.polymarket.com/prices-history?market=71654225492931980320824370741052343805666384303094312159950874539628048778849&startTs=1766750400&endTs=1766822400&fidelity=1
NBA	2025-2026	NBA_20251226_CHA_ORL	home	91680432413354639841423552938365480581779836080696854594572138690530972399895	https://clob.polymarket.com/prices-history?market=91680432413354639841423552938365480581779836080696854594572138690530972399895&startTs=1766750400&endTs=1766822400&fidelity=1
NBA	2025-2026	NBA_20251226_CHA_ORL	away	80616395531752076493055784122178910386859640099900677144428764205326003568091	https://clob.polymarket.com/prices-history?market=80616395531752076493055784122178910386859640099900677144428764205326003568091&startTs=1766750400&endTs=1766822400&fidelity=1
NBA	2025-2026	NBA_20251226_DET_UTA	home	45308591054015056209293030476027816076732365357233484708427049611338339958759	https://clob.polymarket.com/prices-history?market=45308591054015056209293030476027816076732365357233484708427049611338339958759&startTs=1766759400&endTs=1766831400&fidelity=1
NBA	2025-2026	NBA_20251226_DET_UTA	away	56723104850979998735441357562962109513737885031187369314593411913452063074127	https://clob.polymarket.com/prices-history?market=56723104850979998735441357562962109513737885031187369314593411913452063074127&startTs=1766759400&endTs=1766831400&fidelity=1
NBA	2025-2026	NBA_20251226_LAC_POR	home	40819724725065497114076478951831316313288290672763983075537395137666858680686	https://clob.polymarket.com/prices-history?market=40819724725065497114076478951831316313288290672763983075537395137666858680686&startTs=1766761200&endTs=1766833200&fidelity=1
NBA	2025-2026	NBA_20251226_LAC_POR	away	101428495694058150501159524583764019418991294753457809337702676707094834990187	https://clob.polymarket.com/prices-history?market=101428495694058150501159524583764019418991294753457809337702676707094834990187&startTs=1766761200&endTs=1766833200&fidelity=1
NBA	2025-2026	NBA_20251226_MIA_ATL	home	69311376696724877073350540294712967296240562079310943071255625833386934956801	https://clob.polymarket.com/prices-history?market=69311376696724877073350540294712967296240562079310943071255625833386934956801&startTs=1766750400&endTs=1766822400&fidelity=1
NBA	2025-2026	NBA_20251226_MIA_ATL	away	66456089239810791482113365288478480882044475927884302426565629470712495876103	https://clob.polymarket.com/prices-history?market=66456089239810791482113365288478480882044475927884302426565629470712495876103&startTs=1766750400&endTs=1766822400&fidelity=1
NBA	2025-2026	NBA_20251226_MIL_MEM	home	115779733856114326785931476997402847188166737670800723978154958642894697212215	https://clob.polymarket.com/prices-history?market=115779733856114326785931476997402847188166737670800723978154958642894697212215&startTs=1766754000&endTs=1766826000&fidelity=1
NBA	2025-2026	NBA_20251226_MIL_MEM	away	70100867957947431692774189625371346790404172094062589978700964917013308508795	https://clob.polymarket.com/prices-history?market=70100867957947431692774189625371346790404172094062589978700964917013308508795&startTs=1766754000&endTs=1766826000&fidelity=1
NBA	2025-2026	NBA_20251226_PHI_CHI	home	111284455668653748237102034110956313984979737611505087104613291415391642284157	https://clob.polymarket.com/prices-history?market=111284455668653748237102034110956313984979737611505087104613291415391642284157&startTs=1766752200&endTs=1766824200&fidelity=1
NBA	2025-2026	NBA_20251226_PHI_CHI	away	5105114952169514014330299878637033295521697982890146776679595159834741043520	https://clob.polymarket.com/prices-history?market=5105114952169514014330299878637033295521697982890146776679595159834741043520&startTs=1766752200&endTs=1766824200&fidelity=1
NBA	2025-2026	NBA_20251226_PHX_NOP	home	36277104660914318379023202921310613000719124563852457256872314877544330568534	https://clob.polymarket.com/prices-history?market=36277104660914318379023202921310613000719124563852457256872314877544330568534&startTs=1766754000&endTs=1766826000&fidelity=1
NBA	2025-2026	NBA_20251226_PHX_NOP	away	69146098582872889904932496720455041759446990383740770253045976236499709201220	https://clob.polymarket.com/prices-history?market=69146098582872889904932496720455041759446990383740770253045976236499709201220&startTs=1766754000&endTs=1766826000&fidelity=1
NBA	2025-2026	NBA_20251227_IND_MIA	home	6052747492224723772812216957616358035954687757606960481437644869165780312353	https://clob.polymarket.com/prices-history?market=6052747492224723772812216957616358035954687757606960481437644869165780312353&startTs=1766840400&endTs=1766912400&fidelity=1
NBA	2025-2026	NBA_20251227_IND_MIA	away	14711910485693776408435634831238393932395662775883701487009032891705950409943	https://clob.polymarket.com/prices-history?market=14711910485693776408435634831238393932395662775883701487009032891705950409943&startTs=1766840400&endTs=1766912400&fidelity=1
