NBA	2025-2026	NBA_20251117_CHI_DEN	home	99914311010464361045434382397199437208058854859408377923228320145316121637127	https://clob.polymarket.com/prices-history?market=99914311010464361045434382397199437208058854859408377923228320145316121637127&startTs=1763388000&endTs=1763460000&fidelity=1
NBA	2025-2026	NBA_20251117_CHI_DEN	away	76933537925012734145765275699601048762126632349350063097961046011216440685536	https://clob.polymarket.com/prices-history?market=76933537925012734145765275699601048762126632349350063097961046011216440685536&startTs=1763388000&endTs=1763460000&fidelity=1
NBA	2025-2026	NBA_20251117_DAL_MIN	home	25562092238203129640548336232932188857494873976665213366506818923451453402639	https://clob.polymarket.com/prices-history?market=25562092238203129640548336232932188857494873976665213366506818923451453402639&startTs=1763384400&endTs=1763456400&fidelity=1
NBA	2025-2026	NBA_20251117_DAL_MIN	away	62029302423889738541920906638438100919672307182417468784841188938607962870080	https://clob.polymarket.com/prices-history?market=62029302423889738541920906638438100919672307182417468784841188938607962870080&startTs=1763384400&endTs=1763456400&fidelity=1
NBA	2025-2026	NBA_20251117_IND_DET	home	9068689071551995789411389341053277792755149991549550967941597677123662790807	https://clob.polymarket.com/prices-history?market=9068689071551995789411389341053277792755149991549550967941597677123662790807&startTs=1763380800&endTs=1763452800&fidelity=1
NBA	2025-2026	NBA_20251117_IND_DET	away	26775040445961691882219737709251262022785993805647019359098990950700969298570	https://clob.polymarket.com/prices-history?market=26775040445961691882219737709251262022785993805647019359098990950700969298570&startTs=1763380800&endTs=1763452800&fidelity=1
NBA	2025-2026	NBA_20251117_LAC_PHI	home	21935789589741887046681547020242983784895199382505383344933693856054351059064	https://clob.polymarket.com/prices-history?market=21935789589741887046681547020242983784895199382505383344933693856054351059064&startTs=1763380800&endTs=1763452800&fidelity=1
NBA	2025-2026	NBA_20251117_LAC_PHI	away	114261698365803180360826423866645650296315805382259881524363031542329477310859	https://clob.polymarket.com/prices-history?market=114261698365803180360826423866645650296315805382259881524363031542329477310859&startTs=1763380800&endTs=1763452800&fidelity=1
NBA	2025-2026	NBA_20251117_MIL_CLE	home	29475700648017336680827133962412708087214517839495914716822783881830388356980	https://clob.polymarket.com/prices-history?market=29475700648017336680827133962412708087214517839495914716822783881830388356980&startTs=1763380800&endTs=1763452800&fidelity=1
NBA	2025-2026	NBA_20251117_MIL_CLE	away	6659027722549617710229539004653388450954253456265544983372298983044728599610	https://clob.polymarket.com/prices-history?market=6659027722549617710229539004653388450954253456265544983372298983044728599610&startTs=1763380800&endTs=1763452800&fidelity=1
NBA	2025-2026	NBA_20251117_NYK_MIA	home	87309422871449608601744994478026592370030568305741215549263843453915435906319	https://clob.polymarket.com/prices-history?market=87309422871449608601744994478026592370030568305741215549263843453915435906319&startTs=1763382600&endTs=1763454600&fidelity=1
NBA	2025-2026	NBA_20251117_NYK_MIA	away	76159317791750007744763030347828095846435192886802764276197628837585062303137	https://clob.polymarket.com/prices-history?market=76159317791750007744763030347828095846435192886802764276197628837585062303137&startTs=1763382600&endTs=1763454600&fidelity=1
NBA	2025-2026	NBA_20251117_OKC_NOP	home	60739470856682536847445273265345750023718955509411694145598721258024914196630	https://clob.polymarket.com/prices-history?market=60739470856682536847445273265345750023718955509411694145598721258024914196630&startTs=1763384400&endTs=1763456400&fidelity=1
NBA	2025-2026	NBA_20251117_OKC_NOP	away	25689281712904062922684186386767168193211293991479829078770757892391712931304	https://clob.polymarket.com/prices-history?market=25689281712904062922684186386767168193211293991479829078770757892391712931304&startTs=1763384400&endTs=1763456400&fidelity=1
NBA	2025-2026	NBA_20251118_BOS_BKN	home	51090123154876409384652748958994213129207000557350215937559106819875795938227	https://clob.polymarket.com/prices-history?market=51090123154876409384652748958994213129207000557350215937559106819875795938227&startTs=1763469000&endTs=1763541000&fidelity=1
NBA	2025-2026	NBA_20251118_BOS_BKN	away	51851880223290407825872150827934296608070009371891114025629582819868766043137	https://clob.polymarket.com/prices-history?market=51851880223290407825872150827934296608070009371891114025629582819868766043137&startTs=1763469000&endTs=1763541000&fidelity=1
NBA	2025-2026	NBA_20251118_DET_ATL	home	12862614414050503802974331836983669800738632985047957100174924488506870792703	https://clob.polymarket.com/prices-history?market=12862614414050503802974331836983669800738632985047957100174924488506870792703&startTs=1763469000&endTs=1763541000&fidelity=1
NBA	2025-2026	NBA_20251118_DET_ATL	away	17651557284397707993557359640263009882500804259757138715870075895952122722542	https://clob.polymarket.com/prices-history?market=17651557284397707993557359640263009882500804259757138715870075895952122722542&startTs=1763469000&endTs=1763541000&fidelity=1
NBA	2025-2026	NBA_20251118_GSW_ORL	home	64888268135417688657670368689242874436022438949194962989472477368731644286041	https://clob.polymarket.com/prices-history?market=64888268135417688657670368689242874436022438949194962989472477368731644286041&startTs=1763467200&endTs=1763539200&fidelity=1
NBA	2025-2026	NBA_20251118_GSW_ORL	away	95775993467194307353467645657681933860330312290822573981255312249351845735526	https://clob.polymarket.com/prices-history?market=95775993467194307353467645657681933860330312290822573981255312249351845735526&startTs=1763467200&endTs=1763539200&fidelity=1
NBA	2025-2026	NBA_20251118_MEM_SAS	home	38341063816723347521387313620059807659413390014848064773467752124302461643031	https://clob.polymarket.com/prices-history?market=38341063816723347521387313620059807659413390014848064773467752124302461643031&startTs=1763470800&endTs=1763542800&fidelity=1
NBA	2025-2026	NBA_20251118_MEM_SAS	away	23786359595973390610198064377365733883599239573359162241179046191243998352148	https://clob.polymarket.com/prices-history?market=23786359595973390610198064377365733883599239573359162241179046191243998352148&startTs=1763470800&endTs=1763542800&fidelity=1
NBA	2025-2026	NBA_20251118_PHX_POR	home	29101630059128343274407692890112159426246755494285275034024595315821029260647	https://clob.polymarket.com/prices-history?market=29101630059128343274407692890112159426246755494285275034024595315821029260647&startTs=1763481600&endTs=1763553600&fidelity=1
NBA	2025-2026	NBA_20251118_PHX_POR	away	103478423334723150136394826934062205470239113570126621965691871419217475037345	https://clob.polymarket.com/prices-history?market=103478423334723150136394826934062205470239113570126621965691871419217475037345&startTs=1763481600&endTs=1763553600&fidelity=1
NBA	2025-2026	NBA_20251118_UTA_LAL	home	1984045739195940160050928190975772611589572431406268085325310804885865485065	https://clob.polymarket.com/prices-history?market=1984045739195940160050928190975772611589572431406268085325310804885865485065&startTs=1763479800&endTs=1763551800&fidelity=1
NBA	2025-2026	NBA_20251118_UTA_LAL	away	47173187182019446809795088129096017872350832375022512158090355269946908045156	https://clob.polymarket.com/prices-history?market=47173187182019446809795088129096017872350832375022512158090355269946908045156&startTs=1763479800&endTs=1763551800&fidelity=1
NBA	2025-2026	NBA_20251119_CHA_IND	home	62332820898521001123634160137050475925582566746330301016550376177689675958285	https://clob.polymarket.com/prices-history?market=62332820898521001123634160137050475925582566746330301016550376177689675958285&startTs=1763553600&endTs=1763625600&fidelity=1
NBA	2025-2026	NBA_20251119_CHA_IND	away	102080883593090626558738828147575902053182198054509347992957796852217126537618	https://clob.polymarket.com/prices-history?market=102080883593090626558738828147575902053182198054509347992957796852217126537618&startTs=1763553600&endTs=1763625600&fidelity=1
NBA	2025-2026	NBA_20251119_CHI_POR	home	51794589785070506617713861461984448174989757502260409308319586745373900690131	https://clob.polymarket.com/prices-history?market=51794589785070506617713861461984448174989757502260409308319586745373900690131&startTs=1763564400&endTs=1763636400&fidelity=1
NBA	2025-2026	NBA_20251119_CHI_POR	away	70232451628885130337868272779219337639195906086930266379410875484558732695821	https://clob.polymarket.com/prices-history?market=70232451628885130337868272779219337639195906086930266379410875484558732695821&startTs=1763564400&endTs=1763636400&fidelity=1
NBA	2025-2026	NBA_20251119_DEN_NOP	home	114355048336258717405707748062330219481880143326263317916434280071304434438403	https://clob.polymarket.com/prices-history?market=114355048336258717405707748062330219481880143326263317916434280071304434438403&startTs=1763557200&endTs=1763629200&fidelity=1
NBA	2025-2026	NBA_20251119_DEN_NOP	away	77865891427010230979055606329561567251584856153465899463276756624426262394498	https://clob.polymarket.com/prices-history?market=77865891427010230979055606329561567251584856153465899463276756624426262394498&startTs=1763557200&endTs=1763629200&fidelity=1
NBA	2025-2026	NBA_20251119_GSW_MIA	home	47256975497434440403637682631702201563489089905286353300076605979248875386034	https://clob.polymarket.com/prices-history?market=47256975497434440403637682631702201563489089905286353300076605979248875386034&startTs=1763555400&endTs=1763627400&fidelity=1
NBA	2025-2026	NBA_20251119_GSW_MIA	away	1848422048757195729409858635590540971259779390214897161192470999435905433072	https://clob.polymarket.com/prices-history?market=1848422048757195729409858635590540971259779390214897161192470999435905433072&startTs=1763555400&endTs=1763627400&fidelity=1
NBA	2025-2026	NBA_20251119_HOU_CLE	home	10472703569314608074006072607910491387933490435811860705369930263621561793945	https://clob.polymarket.com/prices-history?market=10472703569314608074006072607910491387933490435811860705369930263621561793945&startTs=1763553600&endTs=1763625600&fidelity=1
NBA	2025-2026	NBA_20251119_HOU_CLE	away	17761787378703808553271357209729890435438998318995368487528326182478406954304	https://clob.polymarket.com/prices-history?market=17761787378703808553271357209729890435438998318995368487528326182478406954304&startTs=1763553600&endTs=1763625600&fidelity=1
NBA	2025-2026	NBA_20251119_NYK_DAL	home	100816611017847571166918066857859686236687176615306704215212059516244589725336	https://clob.polymarket.com/prices-history?market=100816611017847571166918066857859686236687176615306704215212059516244589725336&startTs=1763562600&endTs=1763634600&fidelity=1
NBA	2025-2026	NBA_20251119_NYK_DAL	away	8329126815993998592913128656103353717127359716659776070397582671526940063166	https://clob.polymarket.com/prices-history?market=8329126815993998592913128656103353717127359716659776070397582671526940063166&startTs=1763562600&endTs=1763634600&fidelity=1
NBA	2025-2026	NBA_20251119_SAC_OKC	home	87062033043809670825132162735109403649406433080158699072894568764764640063408	https://clob.polymarket.com/prices-history?market=87062033043809670825132162735109403649406433080158699072894568764764640063408&startTs=1763557200&endTs=1763629200&fidelity=1
NBA	2025-2026	NBA_20251119_SAC_OKC	away	71339478392980954027717540589407875996091452584494523936168289595394793065270	https://clob.polymarket.com/prices-history?market=71339478392980954027717540589407875996091452584494523936168289595394793065270&startTs=1763557200&endTs=1763629200&fidelity=1
NBA	2025-2026	NBA_20251119_TOR_PHI	home	56579149801895745818386622588105149816753435608502517607885100764619543558176	https://clob.polymarket.com/prices-history?market=56579149801895745818386622588105149816753435608502517607885100764619543558176&startTs=1763553600&endTs=1763625600&fidelity=1
NBA	2025-2026	NBA_20251119_TOR_PHI	away	11188031823622883623668196472226176488618609135581874426628489729086275506175	https://clob.polymarket.com/prices-history?market=11188031823622883623668196472226176488618609135581874426628489729086275506175&startTs=1763553600&endTs=1763625600&fidelity=1
NBA	2025-2026	NBA_20251119_WAS_MIN	home	100756843850801370913944864657882374344374435500843329138499419663789918037713	https://clob.polymarket.com/prices-history?market=100756843850801370913944864657882374344374435500843329138499419663789918037713&startTs=1763557200&endTs=1763629200&fidelity=1
NBA	2025-2026	NBA_20251119_WAS_MIN	away	77757237474380840953933020128976426278812464352397844219280347862206828898199	https://clob.polymarket.com/prices-history?market=77757237474380840953933020128976426278812464352397844219280347862206828898199&startTs=1763557200&endTs=1763629200&fidelity=1
NBA	2025-2026	NBA_20251120_ATL_SAS	home	56804234969835798126771072342180734040581191813286538704677679892608517363937	https://clob.polymarket.com/prices-history?market=56804234969835798126771072342180734040581191813286538704677679892608517363937&startTs=1763643600&endTs=1763715600&fidelity=1
NBA	2025-2026	NBA_20251120_ATL_SAS	away	106975007732824963033053817343504096236542630119445499613952259293523465260936	https://clob.polymarket.com/prices-history?market=106975007732824963033053817343504096236542630119445499613952259293523465260936&startTs=1763643600&endTs=1763715600&fidelity=1
NBA	2025-2026	NBA_20251120_LAC_ORL	home	77758951222726806634667379164025571323346393723214225788576289417105725292093	https://clob.polymarket.com/prices-history?market=77758951222726806634667379164025571323346393723214225788576289417105725292093&startTs=1763640000&endTs=1763712000&fidelity=1
NBA	2025-2026	NBA_20251120_LAC_ORL	away	76511793427926137510318856680136004846734725506890295266632355967764551332473	https://clob.polymarket.com/prices-history?market=76511793427926137510318856680136004846734725506890295266632355967764551332473&startTs=1763640000&endTs=1763712000&fidelity=1
NBA	2025-2026	NBA_20251120_PHI_MIL	home	85793088672467335428845884480911156912393277198626930509394748938898727522709	https://clob.polymarket.com/prices-history?market=85793088672467335428845884480911156912393277198626930509394748938898727522709&startTs=1763643600&endTs=1763715600&fidelity=1
NBA	2025-2026	NBA_20251120_PHI_MIL	away	109071856992017339072775527011682316907624194036746810671976693235074222368845	https://clob.polymarket.com/prices-history?market=109071856992017339072775527011682316907624194036746810671976693235074222368845&startTs=1763643600&endTs=1763715600&fidelity=1
NBA	2025-2026	NBA_20251120_SAC_MEM	home	88496893203353303771826476673883059425732241852436136103882514035431968504765	https://clob.polymarket.com/prices-history?market=88496893203353303771826476673883059425732241852436136103882514035431968504765&startTs=1763643600&endTs=1763715600&fidelity=1
NBA	2025-2026	NBA_20251120_SAC_MEM	away	76848131493285706913893644379340291709408479800366517247259417432823090288755	https://clob.polymarket.com/prices-history?market=76848131493285706913893644379340291709408479800366517247259417432823090288755&startTs=1763643600&endTs=1763715600&fidelity=1
NBA	2025-2026	NBA_20251121_BKN_BOS	home	86390850168506290098845752703048424446013236195602054012737317399661275675531	https://clob.polymarket.com/prices-history?market=86390850168506290098845752703048424446013236195602054012737317399661275675531&startTs=1763728200&endTs=1763800200&fidelity=1
NBA	2025-2026	NBA_20251121_BKN_BOS	away	77082201186894401474643479835635103211027040145660208923394923749088891246507	https://clob.polymarket.com/prices-history?market=77082201186894401474643479835635103211027040145660208923394923749088891246507&startTs=1763728200&endTs=1763800200&fidelity=1
NBA	2025-2026	NBA_20251121_DEN_HOU	home	85514956529460662173224252811953926229219629420429372533599702304601029043253	https://clob.polymarket.com/prices-history?market=85514956529460662173224252811953926229219629420429372533599702304601029043253&startTs=1763735400&endTs=1763807400&fidelity=1
NBA	2025-2026	NBA_20251121_DEN_HOU	away	12177162741503020334979665607885349379215113807960108480857227039565101628147	https://clob.polymarket.com/prices-history?market=12177162741503020334979665607885349379215113807960108480857227039565101628147&startTs=1763735400&endTs=1763807400&fidelity=1
NBA	2025-2026	NBA_20251121_IND_CLE	home	103443988540581159052442430735870311541997789007771026376329899563447568216580	https://clob.polymarket.com/prices-history?market=103443988540581159052442430735870311541997789007771026376329899563447568216580&startTs=1763726400&endTs=1763798400&fidelity=1
NBA	2025-2026	NBA_20251121_IND_CLE	away	66951308161213962612094443407193179982159129874312716712028040710700469336131	https://clob.polymarket.com/prices-history?market=66951308161213962612094443407193179982159129874312716712028040710700469336131&startTs=1763726400&endTs=1763798400&fidelity=1
NBA	2025-2026	NBA_20251121_MIA_CHI	home	12341277804704064365512040805545333870045519261803882614094612055297888270505	https://clob.polymarket.com/prices-history?market=12341277804704064365512040805545333870045519261803882614094612055297888270505&startTs=1763730000&endTs=1763802000&fidelity=1
NBA	2025-2026	NBA_20251121_MIA_CHI	away	17172534480191114731684649039231483628133799672384902614021128663005351577066	https://clob.polymarket.com/prices-history?market=17172534480191114731684649039231483628133799672384902614021128663005351577066&startTs=1763730000&endTs=1763802000&fidelity=1
NBA	2025-2026	NBA_20251121_MIN_PHX	home	22125771224821126428837335785835282526575857204658854912221338546804721021356	https://clob.polymarket.com/prices-history?market=22125771224821126428837335785835282526575857204658854912221338546804721021356&startTs=1763733600&endTs=1763805600&fidelity=1
NBA	2025-2026	NBA_20251121_MIN_PHX	away	99085215294598572274737039839196201346484935665627585261700094732249638861864	https://clob.polymarket.com/prices-history?market=99085215294598572274737039839196201346484935665627585261700094732249638861864&startTs=1763733600&endTs=1763805600&fidelity=1
NBA	2025-2026	NBA_20251121_NOP_DAL	home	15861304380872540666015804397961334633393698056133380892180385703156156116083	https://clob.polymarket.com/prices-history?market=15861304380872540666015804397961334633393698056133380892180385703156156116083&startTs=1763731800&endTs=1763803800&fidelity=1
NBA	2025-2026	NBA_20251121_NOP_DAL	away	113700131132451474352844629497948156931039192253633793382574638014174831332345	https://clob.polymarket.com/prices-history?market=113700131132451474352844629497948156931039192253633793382574638014174831332345&startTs=1763731800&endTs=1763803800&fidelity=1
NBA	2025-2026	NBA_20251121_OKC_UTA	home	29560203002786728255145713300089990426026649537414680934638064626723961078674	https://clob.polymarket.com/prices-history?market=29560203002786728255145713300089990426026649537414680934638064626723961078674&startTs=1763737200&endTs=1763809200&fidelity=1
NBA	2025-2026	NBA_20251121_OKC_UTA	away	65796365643336032770832816180588664555577155879139353841318646005190373255067	https://clob.polymarket.com/prices-history?market=65796365643336032770832816180588664555577155879139353841318646005190373255067&startTs=1763737200&endTs=1763809200&fidelity=1
NBA	2025-2026	NBA_20251121_POR_GSW	home	58363383347375219167399500962030642215685826472183376940159727979377221936637	https://clob.polymarket.com/prices-history?market=58363383347375219167399500962030642215685826472183376940159727979377221936637&startTs=1763737200&endTs=1763809200&fidelity=1
NBA	2025-2026	NBA_20251121_POR_GSW	away	53317707603585443211244696909805321369045900799753098570928381046762138937191	https://clob.polymarket.com/prices-history?market=53317707603585443211244696909805321369045900799753098570928381046762138937191&startTs=1763737200&endTs=1763809200&fidelity=1
NBA	2025-2026	NBA_20251121_WAS_TOR	home	17081730653764668792404847705846422041832605289085131699788672676067829784927	https://clob.polymarket.com/prices-history?market=17081730653764668792404847705846422041832605289085131699788672676067829784927&startTs=1763728200&endTs=1763800200&fidelity=1
NBA	2025-2026	NBA_20251121_WAS_TOR	away	25574202931407600961441164623742113546625571487111465052716806973082566416321	https://clob.polymarket.com/prices-history?market=25574202931407600961441164623742113546625571487111465052716806973082566416321&startTs=1763728200&endTs=1763800200&fidelity=1
NBA	2025-2026	NBA_20251122_ATL_NOP	home	16877368116848081073126797958232726144375430583370614768631993408060319756898	https://clob.polymarket.com/prices-history?market=16877368116848081073126797958232726144375430583370614768631993408060319756898&startTs=1763812800&endTs=1763884800&fidelity=1
NBA	2025-2026	NBA_20251122_ATL_NOP	away	28979505517116417285778511098610882950556584784386697199179176221184287221584	https://clob.polymarket.com/prices-history?market=28979505517116417285778511098610882950556584784386697199179176221184287221584&startTs=1763812800&endTs=1763884800&fidelity=1
NBA	2025-2026	NBA_20251122_DET_MIL	home	89073853274295104038182810946800644116328667672793801957858183198900600574552	https://clob.polymarket.com/prices-history?market=89073853274295104038182810946800644116328667672793801957858183198900600574552&startTs=1763816400&endTs=1763888400&fidelity=1
NBA	2025-2026	NBA_20251122_DET_MIL	away	23319951964246384247263638716426679247248592220680268384562185426567226770399	https://clob.polymarket.com/prices-history?market=23319951964246384247263638716426679247248592220680268384562185426567226770399&startTs=1763816400&endTs=1763888400&fidelity=1
NBA	2025-2026	NBA_20251122_LAC_CHA	home	58369320828522870769376223381139839965993243765271894760046680864763058300450	https://clob.polymarket.com/prices-history?market=58369320828522870769376223381139839965993243765271894760046680864763058300450&startTs=1763791200&endTs=1763863200&fidelity=1
NBA	2025-2026	NBA_20251122_LAC_CHA	away	99369702642213356022149746640050634114979042708983821821516635316603132457213	https://clob.polymarket.com/prices-history?market=99369702642213356022149746640050634114979042708983821821516635316603132457213&startTs=1763791200&endTs=1763863200&fidelity=1
NBA	2025-2026	NBA_20251122_MEM_DAL	home	8632912568957150999408069373719535373396070570644788580795290588618942132268	https://clob.polymarket.com/prices-history?market=8632912568957150999408069373719535373396070570644788580795290588618942132268&startTs=1763818200&endTs=1763890200&fidelity=1
NBA	2025-2026	NBA_20251122_MEM_DAL	away	114048498297117421091954978404612592216912563105831767837286384015295650289947	https://clob.polymarket.com/prices-history?market=114048498297117421091954978404612592216912563105831767837286384015295650289947&startTs=1763818200&endTs=1763890200&fidelity=1
NBA	2025-2026	NBA_20251122_NYK_ORL	home	6141007914530023546144377980952713513826087014331975866667104591659651786834	https://clob.polymarket.com/prices-history?market=6141007914530023546144377980952713513826087014331975866667104591659651786834&startTs=1763805600&endTs=1763877600&fidelity=1
NBA	2025-2026	NBA_20251122_NYK_ORL	away	79318352166934534755204925513228808594416266735437385884756623289008665288966	https://clob.polymarket.com/prices-history?market=79318352166934534755204925513228808594416266735437385884756623289008665288966&startTs=1763805600&endTs=1763877600&fidelity=1
NBA	2025-2026	NBA_20251122_SAC_DEN	home	83214977516448108155660923290922274929722735641670104943550786711320887523131	https://clob.polymarket.com/prices-history?market=83214977516448108155660923290922274929722735641670104943550786711320887523131&startTs=1763823600&endTs=1763895600&fidelity=1
NBA	2025-2026	NBA_20251122_SAC_DEN	away	38967925192062675489043385024366679408016154690235377903515342217947416561684	https://clob.polymarket.com/prices-history?market=38967925192062675489043385024366679408016154690235377903515342217947416561684&startTs=1763823600&endTs=1763895600&fidelity=1
NBA	2025-2026	NBA_20251122_WAS_CHI	home	51815935344694713374414795068745196317900747553885102318175698526976397435107	https://clob.polymarket.com/prices-history?market=51815935344694713374414795068745196317900747553885102318175698526976397435107&startTs=1763816400&endTs=1763888400&fidelity=1
NBA	2025-2026	NBA_20251122_WAS_CHI	away	108541316643462111259220861599113364265905943195330123220078524697656155998105	https://clob.polymarket.com/prices-history?market=108541316643462111259220861599113364265905943195330123220078524697656155998105&startTs=1763816400&endTs=1763888400&fidelity=1
NBA	2025-2026	NBA_20251123_BKN_TOR	home	49261296283574056331905370536461284940911057269992186234971201879545357280497	https://clob.polymarket.com/prices-history?market=49261296283574056331905370536461284940911057269992186234971201879545357280497&startTs=1763895600&endTs=1763967600&fidelity=1
NBA	2025-2026	NBA_20251123_BKN_TOR	away	25439564416393260619889223748630325847215751002129426865172329147012291867110	https://clob.polymarket.com/prices-history?market=25439564416393260619889223748630325847215751002129426865172329147012291867110&startTs=1763895600&endTs=1763967600&fidelity=1
NBA	2025-2026	NBA_20251123_CHA_ATL	home	29025225521948862695858849945183548666337161268205069035425663167414809525380	https://clob.polymarket.com/prices-history?market=29025225521948862695858849945183548666337161268205069035425663167414809525380&startTs=1763895600&endTs=1763967600&fidelity=1
NBA	2025-2026	NBA_20251123_CHA_ATL	away	15572173475871645117826733117495357636783164500000692039915232276254196830473	https://clob.polymarket.com/prices-history?market=15572173475871645117826733117495357636783164500000692039915232276254196830473&startTs=1763895600&endTs=1763967600&fidelity=1
NBA	2025-2026	NBA_20251123_LAC_CLE	home	31422793692220660377122495414267060709895246644746757164798475942932853210189	https://clob.polymarket.com/prices-history?market=31422793692220660377122495414267060709895246644746757164798475942932853210189&startTs=1763895600&endTs=1763967600&fidelity=1
NBA	2025-2026	NBA_20251123_LAC_CLE	away	105011956943565943391919143865060314828569418061375551872044791659010954526643	https://clob.polymarket.com/prices-history?market=105011956943565943391919143865060314828569418061375551872044791659010954526643&startTs=1763895600&endTs=1763967600&fidelity=1
NBA	2025-2026	NBA_20260118_CHA_DEN	home	55131559183102232848094659919606716817823138850722565239022300493309926598273	https://clob.polymarket.com/prices-history?market=55131559183102232848094659919606716817823138850722565239022300493309926598273&startTs=1768741200&endTs=1768813200&fidelity=1
NBA	2025-2026	NBA_20260118_CHA_DEN	away	2222237658694561623137798292003148933038666782480344196213274856537100474798	https://clob.polymarket.com/prices-history?market=2222237658694561623137798292003148933038666782480344196213274856537100474798&startTs=1768741200&endTs=1768813200&fidelity=1
NBA	2025-2026	NBA_20260118_NOP_HOU	home	99820354358691725312879973143916158050043752526345344915029175812934163778156	https://clob.polymarket.com/prices-history?market=99820354358691725312879973143916158050043752526345344915029175812934163778156&startTs=1768737600&endTs=1768809600&fidelity=1
NBA	2025-2026	NBA_20260118_NOP_HOU	away	37146930759089302727156373823477460005644671488525154303453399494321449789874	https://clob.polymarket.com/prices-history?market=37146930759089302727156373823477460005644671488525154303453399494321449789874&startTs=1768737600&endTs=1768809600&fidelity=1
NBA	2025-2026	NBA_20260118_ORL_MEM	home	47822321885184350323187937855117940754154858624206730490946477008810571927569	https://clob.polymarket.com/prices-history?market=47822321885184350323187937855117940754154858624206730490946477008810571927569&startTs=1768712400&endTs=1768784400&fidelity=1
NBA	2025-2026	NBA_20260118_ORL_MEM	away	83712632131973999118528556721679255257684460608421985268249819419380371845219	https://clob.polymarket.com/prices-history?market=83712632131973999118528556721679255257684460608421985268249819419380371845219&startTs=1768712400&endTs=1768784400&fidelity=1
NBA	2025-2026	NBA_20260118_POR_SAC	home	86700726810162270152298034934879363723851980361057306255517258000524473124952	https://clob.polymarket.com/prices-history?market=86700726810162270152298034934879363723851980361057306255517258000524473124952&startTs=1768744800&endTs=1768816800&fidelity=1
NBA	2025-2026	NBA_20260118_POR_SAC	away	3428298550464763561719344991345302054138618847181153768369573158116782764520	https://clob.polymarket.com/prices-history?market=3428298550464763561719344991345302054138618847181153768369573158116782764520&startTs=1768744800&endTs=1768816800&fidelity=1
NBA	2025-2026	NBA_20260118_TOR_LAL	home	96759066727342545318495682535895848991600816269083816969275950852123576560046	https://clob.polymarket.com/prices-history?market=96759066727342545318495682535895848991600816269083816969275950852123576560046&startTs=1768746600&endTs=1768818600&fidelity=1
