NCAAB	2025-2026	NCAAB_20251103_UCSC_SF	home	90819019568962990836613555517399377009398950779858212451472420081650274409792	https://clob.polymarket.com/prices-history?market=90819019568962990836613555517399377009398950779858212451472420081650274409792&startTs=1762167600&endTs=1762239600&fidelity=1
NCAAB	2025-2026	NCAAB_20251103_UCSC_SF	away	80638823356480494814073631003700734344959836183777912155659735951202341756821	https://clob.polymarket.com/prices-history?market=80638823356480494814073631003700734344959836183777912155659735951202341756821&startTs=1762167600&endTs=1762239600&fidelity=1
NCAAB	2025-2026	NCAAB_20251109_TXAM_OKST	home	67615470046708423986285406124568408922557036591675899585564555632163182670969	https://clob.polymarket.com/prices-history?market=67615470046708423986285406124568408922557036591675899585564555632163182670969&startTs=1762671600&endTs=1762743600&fidelity=1
NCAAB	2025-2026	NCAAB_20251109_TXAM_OKST	away	42203501603447417093304216802353984007786955773355302843385926872377508831866	https://clob.polymarket.com/prices-history?market=42203501603447417093304216802353984007786955773355302843385926872377508831866&startTs=1762671600&endTs=1762743600&fidelity=1
NCAAB	2025-2026	NCAAB_20251120_PITT_UCF	home	29519239632343570534472239831754203710276698193579003504276371521447121782421	https://clob.polymarket.com/prices-history?market=29519239632343570534472239831754203710276698193579003504276371521447121782421&startTs=1763640000&endTs=1763712000&fidelity=1
NCAAB	2025-2026	NCAAB_20251120_PITT_UCF	away	78668246358772411389116170206172232125842074142940562497944984131252906485316	https://clob.polymarket.com/prices-history?market=78668246358772411389116170206172232125842074142940562497944984131252906485316&startTs=1763640000&endTs=1763712000&fidelity=1
NCAAB	2025-2026	NCAAB_20251121_LOU_CIN	home	56305824874665948892549193385705340716048142673750398095200813584645708137591	https://clob.polymarket.com/prices-history?market=56305824874665948892549193385705340716048142673750398095200813584645708137591&startTs=1763724600&endTs=1763796600&fidelity=1
NCAAB	2025-2026	NCAAB_20251121_LOU_CIN	away	40555196927790819880528857338210441043179016030717152648145891723401464363703	https://clob.polymarket.com/prices-history?market=40555196927790819880528857338210441043179016030717152648145891723401464363703&startTs=1763724600&endTs=1763796600&fidelity=1
NCAAB	2025-2026	NCAAB_20251125_MISS_IOWA	home	43365876904568589969006934292252122275368305671272211926228218926238228228937	https://clob.polymarket.com/prices-history?market=43365876904568589969006934292252122275368305671272211926228218926238228228937&startTs=1764081000&endTs=1764153000&fidelity=1
NCAAB	2025-2026	NCAAB_20251125_MISS_IOWA	away	50722588617411582764922712617158275136818161019469591588818414586447041332848	https://clob.polymarket.com/prices-history?market=50722588617411582764922712617158275136818161019469591588818414586447041332848&startTs=1764081000&endTs=1764153000&fidelity=1
NCAAB	2025-2026	NCAAB_20251125_TENN_HOU	home	79954924159415248929222198763172312435135487667420781989315169883109714273281	https://clob.polymarket.com/prices-history?market=79954924159415248929222198763172312435135487667420781989315169883109714273281&startTs=1764068400&endTs=1764140400&fidelity=1
NCAAB	2025-2026	NCAAB_20251125_TENN_HOU	away	16697278266656085457082099580462145217936419735929228183651971784323372952580	https://clob.polymarket.com/prices-history?market=16697278266656085457082099580462145217936419735929228183651971784323372952580&startTs=1764068400&endTs=1764140400&fidelity=1
NCAAB	2025-2026	NCAAB_20251126_ND_HOU	home	102683866547270691099176588240777280324081907960728577141538510920265686378860	https://clob.polymarket.com/prices-history?market=102683866547270691099176588240777280324081907960728577141538510920265686378860&startTs=1764145800&endTs=1764217800&fidelity=1
NCAAB	2025-2026	NCAAB_20251126_ND_HOU	away	96536873181595057285160902987979255968924045829041546636119011106379069959095	https://clob.polymarket.com/prices-history?market=96536873181595057285160902987979255968924045829041546636119011106379069959095&startTs=1764145800&endTs=1764217800&fidelity=1
NCAAB	2025-2026	NCAAB_20251127_ARK_DUKE	home	45867604070086516016691050269124304031342498401024771255440563496749485561761	https://clob.polymarket.com/prices-history?market=45867604070086516016691050269124304031342498401024771255440563496749485561761&startTs=1764248400&endTs=1764320400&fidelity=1
NCAAB	2025-2026	NCAAB_20251127_ARK_DUKE	away	84642612139995779466206016473621959635293842914640791275024417275676344748646	https://clob.polymarket.com/prices-history?market=84642612139995779466206016473621959635293842914640791275024417275676344748646&startTs=1764248400&endTs=1764320400&fidelity=1
NCAAB	2025-2026	NCAAB_20251127_BYU_MIA	home	28628989362879663586319551005321907770733602505534284951264167882717374295684	https://clob.polymarket.com/prices-history?market=28628989362879663586319551005321907770733602505534284951264167882717374295684&startTs=1764237600&endTs=1764309600&fidelity=1
NCAAB	2025-2026	NCAAB_20251127_BYU_MIA	away	52031295121600078053104306226984632510048404861233139861973797172084073220343	https://clob.polymarket.com/prices-history?market=52031295121600078053104306226984632510048404861233139861973797172084073220343&startTs=1764237600&endTs=1764309600&fidelity=1
NCAAB	2025-2026	NCAAB_20251127_OKST_NW	home	19910003961738453064717906427221102524338944641878714208162282862369812601080	https://clob.polymarket.com/prices-history?market=19910003961738453064717906427221102524338944641878714208162282862369812601080&startTs=1764257400&endTs=1764329400&fidelity=1
NCAAB	2025-2026	NCAAB_20251127_OKST_NW	away	101701792242795893772886507694719918232656608168163879657023982126675364701821	https://clob.polymarket.com/prices-history?market=101701792242795893772886507694719918232656608168163879657023982126675364701821&startTs=1764257400&endTs=1764329400&fidelity=1
NCAAB	2025-2026	NCAAB_20251202_MIA_MISS	home	43442441745626814748490120990668407386852294162883769025223009711946761835467	https://clob.polymarket.com/prices-history?market=43442441745626814748490120990668407386852294162883769025223009711946761835467&startTs=1764684000&endTs=1764756000&fidelity=1
NCAAB	2025-2026	NCAAB_20251202_MIA_MISS	away	34893566078658257281555783143768806239057119192861533598778304949784146124741	https://clob.polymarket.com/prices-history?market=34893566078658257281555783143768806239057119192861533598778304949784146124741&startTs=1764684000&endTs=1764756000&fidelity=1
NCAAB	2025-2026	NCAAB_20251202_TXAM_PITT	home	19214274526153752657217801422737727042389049333565887985601443302251311366819	https://clob.polymarket.com/prices-history?market=19214274526153752657217801422737727042389049333565887985601443302251311366819&startTs=1764676800&endTs=1764748800&fidelity=1
NCAAB	2025-2026	NCAAB_20251202_TXAM_PITT	away	112755902075402767498101554540880138740412309041371907338372429157973084448239	https://clob.polymarket.com/prices-history?market=112755902075402767498101554540880138740412309041371907338372429157973084448239&startTs=1764676800&endTs=1764748800&fidelity=1
NCAAB	2025-2026	NCAAB_20251202_USC_ORE	home	104973734424900764316292957614463655189325268260300848100262467329909404187484	https://clob.polymarket.com/prices-history?market=104973734424900764316292957614463655189325268260300848100262467329909404187484&startTs=1764687600&endTs=1764759600&fidelity=1
NCAAB	2025-2026	NCAAB_20251202_USC_ORE	away	69367731916619433883111464246116637645847231043835800193445764944959055630796	https://clob.polymarket.com/prices-history?market=69367731916619433883111464246116637645847231043835800193445764944959055630796&startTs=1764687600&endTs=1764759600&fidelity=1
NCAAB	2025-2026	NCAAB_20251203_LOU_ARK	home	91518662702238761947326005338959828405841640331660239021886343364375643388430	https://clob.polymarket.com/prices-history?market=91518662702238761947326005338959828405841640331660239021886343364375643388430&startTs=1764764100&endTs=1764836100&fidelity=1
NCAAB	2025-2026	NCAAB_20251203_LOU_ARK	away	4504644628448240902533337614660457044470591971179864225028809640354739599039	https://clob.polymarket.com/prices-history?market=4504644628448240902533337614660457044470591971179864225028809640354739599039&startTs=1764764100&endTs=1764836100&fidelity=1
NCAAB	2025-2026	NCAAB_20251203_UCLA_WASH	home	5849693233673762196180014906716499044781704241342795952630847592822875035934	https://clob.polymarket.com/prices-history?market=5849693233673762196180014906716499044781704241342795952630847592822875035934&startTs=1764777600&endTs=1764849600&fidelity=1
NCAAB	2025-2026	NCAAB_20251203_UCLA_WASH	away	75585578679505382397268223229398955182786270981760409313038267569311858763696	https://clob.polymarket.com/prices-history?market=75585578679505382397268223229398955182786270981760409313038267569311858763696&startTs=1764777600&endTs=1764849600&fidelity=1
NCAAB	2025-2026	NCAAB_20251205_ND_TCU	home	17279831662896720616639809005314341987059001882084757577474278445973676881669	https://clob.polymarket.com/prices-history?market=17279831662896720616639809005314341987059001882084757577474278445973676881669&startTs=1764939600&endTs=1765011600&fidelity=1
NCAAB	2025-2026	NCAAB_20251205_ND_TCU	away	15612604692674606637500526152624545485153649778145605989958256775242042169921	https://clob.polymarket.com/prices-history?market=15612604692674606637500526152624545485153649778145605989958256775242042169921&startTs=1764939600&endTs=1765011600&fidelity=1
NCAAB	2025-2026	NCAAB_20251206_ILL_TENN	home	59104838804698060826650314525455858609876520669325448441513429251082912622629	https://clob.polymarket.com/prices-history?market=59104838804698060826650314525455858609876520669325448441513429251082912622629&startTs=1765026000&endTs=1765098000&fidelity=1
NCAAB	2025-2026	NCAAB_20251206_ILL_TENN	away	101766255629268016624139025994523890757442103317319066476090687477791325069057	https://clob.polymarket.com/prices-history?market=101766255629268016624139025994523890757442103317319066476090687477791325069057&startTs=1765026000&endTs=1765098000&fidelity=1
NCAAB	2025-2026	NCAAB_20251206_LOU_IND	home	54824671222553002650101628204894559058111297307126736134770520695206338029496	https://clob.polymarket.com/prices-history?market=54824671222553002650101628204894559058111297307126736134770520695206338029496&startTs=1765005300&endTs=1765077300&fidelity=1
NCAAB	2025-2026	NCAAB_20251206_LOU_IND	away	23787905213266029960538180661367753742614579256847906640953696422684873974657	https://clob.polymarket.com/prices-history?market=23787905213266029960538180661367753742614579256847906640953696422684873974657&startTs=1765005300&endTs=1765077300&fidelity=1
NCAAB	2025-2026	NCAAB_20251206_ORE_UCLA	home	64354184260998483221501513187469971504809860076854388619203803095919994116541	https://clob.polymarket.com/prices-history?market=64354184260998483221501513187469971504809860076854388619203803095919994116541&startTs=1765018800&endTs=1765090800&fidelity=1
NCAAB	2025-2026	NCAAB_20251206_ORE_UCLA	away	108421496620200277653679391374394991987969256012390184298267518858300448591080	https://clob.polymarket.com/prices-history?market=108421496620200277653679391374394991987969256012390184298267518858300448591080&startTs=1765018800&endTs=1765090800&fidelity=1
NCAAB	2025-2026	NCAAB_20251206_WASH_USC	home	29844446940590016672876210621963965594837656629048575003535362183127448373604	https://clob.polymarket.com/prices-history?market=29844446940590016672876210621963965594837656629048575003535362183127448373604&startTs=1765018800&endTs=1765090800&fidelity=1
NCAAB	2025-2026	NCAAB_20251206_WASH_USC	away	91606718221535049989297309566185643717979377950949339558369561009976827434315	https://clob.polymarket.com/prices-history?market=91606718221535049989297309566185643717979377950949339558369561009976827434315&startTs=1765018800&endTs=1765090800&fidelity=1
NCAAB	2025-2026	NCAAB_20251207_SMU_TXAM	home	112542910179922058557683983747104906742755296160980820927034179709108906715761	https://clob.polymarket.com/prices-history?market=112542910179922058557683983747104906742755296160980820927034179709108906715761&startTs=1765101600&endTs=1765173600&fidelity=1
NCAAB	2025-2026	NCAAB_20251207_SMU_TXAM	away	65338056311529253998875132447786447545622421484414210410609572363383539284884	https://clob.polymarket.com/prices-history?market=65338056311529253998875132447786447545622421484414210410609572363383539284884&startTs=1765101600&endTs=1765173600&fidelity=1
NCAAB	2025-2026	NCAAB_20251213_IND_UK	home	70398237237291592859180449542215720715277254780513372515231406909789722517762	https://clob.polymarket.com/prices-history?market=70398237237291592859180449542215720715277254780513372515231406909789722517762&startTs=1765629000&endTs=1765701000&fidelity=1
NCAAB	2025-2026	NCAAB_20251213_IND_UK	away	87108686097924598125422932656119627614995338391822589378909609052232552883384	https://clob.polymarket.com/prices-history?market=87108686097924598125422932656119627614995338391822589378909609052232552883384&startTs=1765629000&endTs=1765701000&fidelity=1
NCAAB	2025-2026	NCAAB_20251216_LOU_TENN	home	110430662244725199865154280579619340006089867426446539598530372958264054193751	https://clob.polymarket.com/prices-history?market=110430662244725199865154280579619340006089867426446539598530372958264054193751&startTs=1765886400&endTs=1765958400&fidelity=1
NCAAB	2025-2026	NCAAB_20251216_LOU_TENN	away	57581579955135449949200576115900805492638304997947095378739238271100934557771	https://clob.polymarket.com/prices-history?market=57581579955135449949200576115900805492638304997947095378739238271100934557771&startTs=1765886400&endTs=1765958400&fidelity=1
NCAAB	2025-2026	NCAAB_20251229_UTAH_WASH	home	110029313797555318118731375309227701429923378628130311070607525131857413301297	https://clob.polymarket.com/prices-history?market=110029313797555318118731375309227701429923378628130311070607525131857413301297&startTs=1767024000&endTs=1767096000&fidelity=1
NCAAB	2025-2026	NCAAB_20251229_UTAH_WASH	away	38510350941231431432434234958735360440459561207685351034540410617186360301572	https://clob.polymarket.com/prices-history?market=38510350941231431432434234958735360440459561207685351034540410617186360301572&startTs=1767024000&endTs=1767096000&fidelity=1
NCAAB	2025-2026	NCAAB_20251230_ND_STAN	home	71783119840606640441109395090390025628644742851857116698661738363733778901032	https://clob.polymarket.com/prices-history?market=71783119840606640441109395090390025628644742851857116698661738363733778901032&startTs=1767103200&endTs=1767175200&fidelity=1
NCAAB	2025-2026	NCAAB_20251230_ND_STAN	away	36644086506030316901817444849006888647204143035331690756013543273116504002234	https://clob.polymarket.com/prices-history?market=36644086506030316901817444849006888647204143035331690756013543273116504002234&startTs=1767103200&endTs=1767175200&fidelity=1
NCAAB	2025-2026	NCAAB_20251230_PITT_MIA	home	36033197396096269880864286490843716909287532020687595569285285215103624250380	https://clob.polymarket.com/prices-history?market=36033197396096269880864286490843716909287532020687595569285285215103624250380&startTs=1767096000&endTs=1767168000&fidelity=1
NCAAB	2025-2026	NCAAB_20251230_PITT_MIA	away	114821110971405568017650276616956475282230624640913944153038445687594698910406	https://clob.polymarket.com/prices-history?market=114821110971405568017650276616956475282230624640913944153038445687594698910406&startTs=1767096000&endTs=1767168000&fidelity=1
NCAAB	2025-2026	NCAAB_20251231_WAKE_NCST	home	70345435200641792355474877299598788183706934052812671388070502226298077171103	https://clob.polymarket.com/prices-history?market=70345435200641792355474877299598788183706934052812671388070502226298077171103&startTs=1767157200&endTs=1767229200&fidelity=1
NCAAB	2025-2026	NCAAB_20251231_WAKE_NCST	away	40670058887952735863078235578175091454960690095861533226874249827638566540282	https://clob.polymarket.com/prices-history?market=40670058887952735863078235578175091454960690095861533226874249827638566540282&startTs=1767157200&endTs=1767229200&fidelity=1
NCAAB	2025-2026	NCAAB_20260102_LOU_STAN	home	79029520721632947548106909412076255367098831124389514361367140640311667756050	https://clob.polymarket.com/prices-history?market=79029520721632947548106909412076255367098831124389514361367140640311667756050&startTs=1767358800&endTs=1767430800&fidelity=1
NCAAB	2025-2026	NCAAB_20260102_LOU_STAN	away	43818357220867479564741290626128792207574325217206176489038589129829180273981	https://clob.polymarket.com/prices-history?market=43818357220867479564741290626128792207574325217206176489038589129829180273981&startTs=1767358800&endTs=1767430800&fidelity=1
NCAAB	2025-2026	NCAAB_20260102_USC_MICH	home	89165112623043761586701974586724801505901294831230286581146381157352554844835	https://clob.polymarket.com/prices-history?market=89165112623043761586701974586724801505901294831230286581146381157352554844835&startTs=1767355200&endTs=1767427200&fidelity=1
NCAAB	2025-2026	NCAAB_20260102_USC_MICH	away	104023576774952554602981800924468337699444733497289592003469252689246242827782	https://clob.polymarket.com/prices-history?market=104023576774952554602981800924468337699444733497289592003469252689246242827782&startTs=1767355200&endTs=1767427200&fidelity=1
NCAAB	2025-2026	NCAAB_20260103_HOU_CIN	home	45048086782832911274321905625803458580563710389488976663077942293847028325423	https://clob.polymarket.com/prices-history?market=45048086782832911274321905625803458580563710389488976663077942293847028325423&startTs=1767423600&endTs=1767495600&fidelity=1
NCAAB	2025-2026	NCAAB_20260103_HOU_CIN	away	102422628382600243460747227056322957375703133307609546633575006301925306529877	https://clob.polymarket.com/prices-history?market=102422628382600243460747227056322957375703133307609546633575006301925306529877&startTs=1767423600&endTs=1767495600&fidelity=1
NCAAB	2025-2026	NCAAB_20260103_LSU_TXAM	home	8299577385557760359468607884559266770568399018066874573245816482004469978149	https://clob.polymarket.com/prices-history?market=8299577385557760359468607884559266770568399018066874573245816482004469978149&startTs=1767430800&endTs=1767502800&fidelity=1
NCAAB	2025-2026	NCAAB_20260103_LSU_TXAM	away	15972086681315739798071532379311793722899864252395093455940485038055284683944	https://clob.polymarket.com/prices-history?market=15972086681315739798071532379311793722899864252395093455940485038055284683944&startTs=1767430800&endTs=1767502800&fidelity=1
NCAAB	2025-2026	NCAAB_20260103_TENN_ARK	home	102960605635983467126251191683666714213069450087001727630446483444092124147757	https://clob.polymarket.com/prices-history?market=102960605635983467126251191683666714213069450087001727630446483444092124147757&startTs=1767427200&endTs=1767499200&fidelity=1
NCAAB	2025-2026	NCAAB_20260103_TENN_ARK	away	17574751317042889938859155771430457533289599278428371332070413981766219674399	https://clob.polymarket.com/prices-history?market=17574751317042889938859155771430457533289599278428371332070413981766219674399&startTs=1767427200&endTs=1767499200&fidelity=1
NCAAB	2025-2026	NCAAB_20260103_UCLA_IOWA	home	35936395947097843708347492794991052028248087120604279357577505402982088810039	https://clob.polymarket.com/prices-history?market=35936395947097843708347492794991052028248087120604279357577505402982088810039&startTs=1767438000&endTs=1767510000&fidelity=1
NCAAB	2025-2026	NCAAB_20260103_UCLA_IOWA	away	112365403644144887784155217799605795063397796914294939274780714135145775059041	https://clob.polymarket.com/prices-history?market=112365403644144887784155217799605795063397796914294939274780714135145775059041&startTs=1767438000&endTs=1767510000&fidelity=1
NCAAB	2025-2026	NCAAB_20260103_UK_ALA	home	78935900474956806355640536919811581297587840098498807671414278466204042246255	https://clob.polymarket.com/prices-history?market=78935900474956806355640536919811581297587840098498807671414278466204042246255&startTs=1767416400&endTs=1767488400&fidelity=1
NCAAB	2025-2026	NCAAB_20260103_UK_ALA	away	40486407353538082133635644539178528823388150743738839540546608975733675161583	https://clob.polymarket.com/prices-history?market=40486407353538082133635644539178528823388150743738839540546608975733675161583&startTs=1767416400&endTs=1767488400&fidelity=1
NCAAB	2025-2026	NCAAB_20260104_WASH_IND	home	49305693429444450820518258537033890725931262325450250658554934409375429864556	https://clob.polymarket.com/prices-history?market=49305693429444450820518258537033890725931262325450250658554934409375429864556&startTs=1767531600&endTs=1767603600&fidelity=1
NCAAB	2025-2026	NCAAB_20260104_WASH_IND	away	11013688111813869761016885296053224225682103379604974463889795176736672914100	https://clob.polymarket.com/prices-history?market=11013688111813869761016885296053224225682103379604974463889795176736672914100&startTs=1767531600&endTs=1767603600&fidelity=1
NCAAB	2025-2026	NCAAB_20260106_DUKE_LOU	home	95906627034977077642758080400284002700457969546868339864755630726985748972687	https://clob.polymarket.com/prices-history?market=95906627034977077642758080400284002700457969546868339864755630726985748972687&startTs=1767700800&endTs=1767772800&fidelity=1
NCAAB	2025-2026	NCAAB_20260106_DUKE_LOU	away	57540656511927540339780248797711841893480171037304465706214353719256826596630	https://clob.polymarket.com/prices-history?market=57540656511927540339780248797711841893480171037304465706214353719256826596630&startTs=1767700800&endTs=1767772800&fidelity=1
NCAAB	2025-2026	NCAAB_20260106_UCF_OKST	home	40857071966272371125718012488105582465002202775324366508547317201013638401012	https://clob.polymarket.com/prices-history?market=40857071966272371125718012488105582465002202775324366508547317201013638401012&startTs=1767704400&endTs=1767776400&fidelity=1
NCAAB	2025-2026	NCAAB_20260106_UCF_OKST	away	19579667812370654546100555618051047245353783622505178058119199460779956784563	https://clob.polymarket.com/prices-history?market=19579667812370654546100555618051047245353783622505178058119199460779956784563&startTs=1767704400&endTs=1767776400&fidelity=1
NCAAB	2025-2026	NCAAB_20260107_ARK_MISS	home	37982814544328752032284322903647810840728198552575496236280376385001837507854	https://clob.polymarket.com/prices-history?market=37982814544328752032284322903647810840728198552575496236280376385001837507854&startTs=1767794400&endTs=1767866400&fidelity=1
NCAAB	2025-2026	NCAAB_20260107_ARK_MISS	away	38066304185478341053557743179651272057914773520741336897706843947559792584973	https://clob.polymarket.com/prices-history?market=38066304185478341053557743179651272057914773520741336897706843947559792584973&startTs=1767794400&endTs=1767866400&fidelity=1
NCAAB	2025-2026	NCAAB_20260107_MIA_WAKE	home	32551478502126602411624712740737037316926836573316503043194103577205504347573	https://clob.polymarket.com/prices-history?market=32551478502126602411624712740737037316926836573316503043194103577205504347573&startTs=1767787200&endTs=1767859200&fidelity=1
NCAAB	2025-2026	NCAAB_20260107_MIA_WAKE	away	75380082271579128601811582962935415630427980432499408679728200685303637165936	https://clob.polymarket.com/prices-history?market=75380082271579128601811582962935415630427980432499408679728200685303637165936&startTs=1767787200&endTs=1767859200&fidelity=1
NCAAB	2025-2026	NCAAB_20260107_WASH_PUR	home	87460737265540275406032354295006211089482055257256990728062613787912438822523	https://clob.polymarket.com/prices-history?market=87460737265540275406032354295006211089482055257256990728062613787912438822523&startTs=1767792600&endTs=1767864600&fidelity=1
NCAAB	2025-2026	NCAAB_20260107_WASH_PUR	away	4945835419139246686090741206775310605680484544127744101970681032292848902852	https://clob.polymarket.com/prices-history?market=4945835419139246686090741206775310605680484544127744101970681032292848902852&startTs=1767792600&endTs=1767864600&fidelity=1
NCAAB	2025-2026	NCAAB_20260110_BYU_UTAH	home	104785797384664408913089260419892040790416202372126849173323135291709872930280	https://clob.polymarket.com/prices-history?market=104785797384664408913089260419892040790416202372126849173323135291709872930280&startTs=1768057200&endTs=1768129200&fidelity=1
NCAAB	2025-2026	NCAAB_20260110_BYU_UTAH	away	57024028846600084566800677013015045381115851363930087643196654031758301208466	https://clob.polymarket.com/prices-history?market=57024028846600084566800677013015045381115851363930087643196654031758301208466&startTs=1768057200&endTs=1768129200&fidelity=1
NCAAB	2025-2026	NCAAB_20260110_SMU_DUKE	home	17088708684824940356477038744245784530736197319943620376764192799897869394653	https://clob.polymarket.com/prices-history?market=17088708684824940356477038744245784530736197319943620376764192799897869394653&startTs=1768028400&endTs=1768100400&fidelity=1
NCAAB	2025-2026	NCAAB_20260110_SMU_DUKE	away	82189638534081391548808537105178615760012876498490037027205036095520343380780	https://clob.polymarket.com/prices-history?market=82189638534081391548808537105178615760012876498490037027205036095520343380780&startTs=1768028400&endTs=1768100400&fidelity=1
NCAAB	2025-2026	NCAAB_20260111_CIN_UCF	home	61139829993282111522880208711307388008902107266471251320032456747229224890002	https://clob.polymarket.com/prices-history?market=61139829993282111522880208711307388008902107266471251320032456747229224890002&startTs=1768125600&endTs=1768197600&fidelity=1
NCAAB	2025-2026	NCAAB_20260111_CIN_UCF	away	96912853513719909526145450076151476425450717867490815194674133171101548154062	https://clob.polymarket.com/prices-history?market=96912853513719909526145450076151476425450717867490815194674133171101548154062&startTs=1768125600&endTs=1768197600&fidelity=1
NCAAB	2025-2026	NCAAB_20260111_ILL_IOWA	home	67172682684048259233425163983952935615720829982568021854459909985340595053312	https://clob.polymarket.com/prices-history?market=67172682684048259233425163983952935615720829982568021854459909985340595053312&startTs=1768107600&endTs=1768179600&fidelity=1
NCAAB	2025-2026	NCAAB_20260111_ILL_IOWA	away	111861249836837464582305264751556746994611977440976915532056650767429285219527	https://clob.polymarket.com/prices-history?market=111861249836837464582305264751556746994611977440976915532056650767429285219527&startTs=1768107600&endTs=1768179600&fidelity=1
NCAAB	2025-2026	NCAAB_20260113_MIA_ND	home	38757780892958725189771350563785956483466037610156318320039398776077725417053	https://clob.polymarket.com/prices-history?market=38757780892958725189771350563785956483466037610156318320039398776077725417053&startTs=1768305600&endTs=1768377600&fidelity=1
NCAAB	2025-2026	NCAAB_20260113_MIA_ND	away	14002699891172310478728404875905047026412928907947236166485393310824302278685	https://clob.polymarket.com/prices-history?market=14002699891172310478728404875905047026412928907947236166485393310824302278685&startTs=1768305600&endTs=1768377600&fidelity=1
NCAAB	2025-2026	NCAAB_20260113_TXAM_TENN	home	4311654188341878598897596756678274893129735642602875403579049907795147693151	https://clob.polymarket.com/prices-history?market=4311654188341878598897596756678274893129735642602875403579049907795147693151&startTs=1768305600&endTs=1768377600&fidelity=1
NCAAB	2025-2026	NCAAB_20260113_TXAM_TENN	away	110147529927871641494192304271782742394561208531969462924388462321735560000898	https://clob.polymarket.com/prices-history?market=110147529927871641494192304271782742394561208531969462924388462321735560000898&startTs=1768305600&endTs=1768377600&fidelity=1
NCAAB	2025-2026	NCAAB_20260114_ILL_NW	home	101753133704193640924682555981584790957666816737011004697772798223331229784609	https://clob.polymarket.com/prices-history?market=101753133704193640924682555981584790957666816737011004697772798223331229784609&startTs=1768397400&endTs=1768469400&fidelity=1
NCAAB	2025-2026	NCAAB_20260114_ILL_NW	away	79319633783294883655922834247437952464767362490342185735740265389405912397662	https://clob.polymarket.com/prices-history?market=79319633783294883655922834247437952464767362490342185735740265389405912397662&startTs=1768397400&endTs=1768469400&fidelity=1
NCAAB	2025-2026	NCAAB_20260114_IOWA_PUR	home	54063337851665310580425412584992332362598948769683335648110391304969099840589	https://clob.polymarket.com/prices-history?market=54063337851665310580425412584992332362598948769683335648110391304969099840589&startTs=1768390200&endTs=1768462200&fidelity=1
NCAAB	2025-2026	NCAAB_20260114_IOWA_PUR	away	90366967961734757453696035431805469562865759860652164657955344974451157583419	https://clob.polymarket.com/prices-history?market=90366967961734757453696035431805469562865759860652164657955344974451157583419&startTs=1768390200&endTs=1768462200&fidelity=1
NCAAB	2025-2026	NCAAB_20260114_MICH_WASH	home	98069357959634493196272662427182932734559195022757056790553964608874929795030	https://clob.polymarket.com/prices-history?market=98069357959634493196272662427182932734559195022757056790553964608874929795030&startTs=1768404600&endTs=1768476600&fidelity=1
NCAAB	2025-2026	NCAAB_20260114_MICH_WASH	away	65217408787762738416411855066415572109158663755127642733403838399575496684441	https://clob.polymarket.com/prices-history?market=65217408787762738416411855066415572109158663755127642733403838399575496684441&startTs=1768404600&endTs=1768476600&fidelity=1
NCAAB	2025-2026	NCAAB_20260114_TCU_BYU	home	55720304391383212514533879146232318506608727776655245910203976675711777041166	https://clob.polymarket.com/prices-history?market=55720304391383212514533879146232318506608727776655245910203976675711777041166&startTs=1768406400&endTs=1768478400&fidelity=1
NCAAB	2025-2026	NCAAB_20260114_TCU_BYU	away	60568314755771220473117056641982262918763046172156173530361914222833471155084	https://clob.polymarket.com/prices-history?market=60568314755771220473117056641982262918763046172156173530361914222833471155084&startTs=1768406400&endTs=1768478400&fidelity=1
NCAAB	2025-2026	NCAAB_20260114_UK_LSU	home	100471037299391702290127511699168074848682555291488726452019531558659513465017	https://clob.polymarket.com/prices-history?market=100471037299391702290127511699168074848682555291488726452019531558659513465017&startTs=1768392000&endTs=1768464000&fidelity=1
NCAAB	2025-2026	NCAAB_20260114_UK_LSU	away	27776662876481939650565170744660317361552572832662731445013441787091046697257	https://clob.polymarket.com/prices-history?market=27776662876481939650565170744660317361552572832662731445013441787091046697257&startTs=1768392000&endTs=1768464000&fidelity=1
NCAAB	2025-2026	NCAAB_20260117_DUKE_STAN	home	38984988661241126735846058606282610255537427390412391015582887943014641468529	https://clob.polymarket.com/prices-history?market=38984988661241126735846058606282610255537427390412391015582887943014641468529&startTs=1768647600&endTs=1768719600&fidelity=1
NCAAB	2025-2026	NCAAB_20260117_DUKE_STAN	away	109522123787903553889031630618993050549179709684561235034061009873977379112626	https://clob.polymarket.com/prices-history?market=109522123787903553889031630618993050549179709684561235034061009873977379112626&startTs=1768647600&endTs=1768719600&fidelity=1
NCAAB	2025-2026	NCAAB_20260117_IOWA_IND	home	73592806218155426495062470114541032714106616758484420734534191049982657556473	https://clob.polymarket.com/prices-history?market=73592806218155426495062470114541032714106616758484420734534191049982657556473&startTs=1768633200&endTs=1768705200&fidelity=1
NCAAB	2025-2026	NCAAB_20260117_IOWA_IND	away	71257201579343835720615740571282793569295714802778736820789432834429748229524	https://clob.polymarket.com/prices-history?market=71257201579343835720615740571282793569295714802778736820789432834429748229524&startTs=1768633200&endTs=1768705200&fidelity=1
NCAAB	2025-2026	NCAAB_20260117_LOU_PITT	home	101240617692640563875123815930520693093951533137748578868585236868070500797670	https://clob.polymarket.com/prices-history?market=101240617692640563875123815930520693093951533137748578868585236868070500797670&startTs=1768654800&endTs=1768726800&fidelity=1
NCAAB	2025-2026	NCAAB_20260117_LOU_PITT	away	7513620893524040818627991223156872008120558331794656620780764937598512361443	https://clob.polymarket.com/prices-history?market=7513620893524040818627991223156872008120558331794656620780764937598512361443&startTs=1768654800&endTs=1768726800&fidelity=1
NCAAB	2025-2026	NCAAB_20260117_MICH_ORE	home	87771926715303084525302148868660676489502536273462675646516566793951313775149	https://clob.polymarket.com/prices-history?market=87771926715303084525302148868660676489502536273462675646516566793951313775149&startTs=1768640400&endTs=1768712400&fidelity=1
NCAAB	2025-2026	NCAAB_20260117_MICH_ORE	away	54776002317125789155392326149580931603009613943059456782882577224837266636757	https://clob.polymarket.com/prices-history?market=54776002317125789155392326149580931603009613943059456782882577224837266636757&startTs=1768640400&endTs=1768712400&fidelity=1
NCAAB	2025-2026	NCAAB_20260117_PUR_USC	home	2368815260963273223813495122844703934399376803257983209834439019080331859338	https://clob.polymarket.com/prices-history?market=2368815260963273223813495122844703934399376803257983209834439019080331859338&startTs=1768647600&endTs=1768719600&fidelity=1
NCAAB	2025-2026	NCAAB_20260117_PUR_USC	away	53120049330027598413498297857118571807855175561063018528787059786534692642867	https://clob.polymarket.com/prices-history?market=53120049330027598413498297857118571807855175561063018528787059786534692642867&startTs=1768647600&endTs=1768719600&fidelity=1
NCAAB	2025-2026	NCAAB_20260117_TCU_UTAH	home	9320450223631510291202504383091173481222208336366772882467793418886553203048	https://clob.polymarket.com/prices-history?market=9320450223631510291202504383091173481222208336366772882467793418886553203048&startTs=1768633200&endTs=1768705200&fidelity=1
NCAAB	2025-2026	NCAAB_20260117_TCU_UTAH	away	65338544250670269083163481534874263943079323223161618922046307923872178115231	https://clob.polymarket.com/prices-history?market=65338544250670269083163481534874263943079323223161618922046307923872178115231&startTs=1768633200&endTs=1768705200&fidelity=1
NCAAB	2025-2026	NCAAB_20260117_UK_TENN	home	95398847784088341270100065356208629881972368384325666444326747574322310830454	https://clob.polymarket.com/prices-history?market=95398847784088341270100065356208629881972368384325666444326747574322310830454&startTs=1768626000&endTs=1768698000&fidelity=1
NCAAB	2025-2026	NCAAB_20260117_UK_TENN	away	112305908444153372013837102748431645197028718501934732825381676528765944782630	https://clob.polymarket.com/prices-history?market=112305908444153372013837102748431645197028718501934732825381676528765944782630&startTs=1768626000&endTs=1768698000&fidelity=1
NCAAB	2025-2026	NCAAB_20260120_IND_MICH	home	38939980826311358458442562319708766647616171095372667933063040139604349458237	https://clob.polymarket.com/prices-history?market=38939980826311358458442562319708766647616171095372667933063040139604349458237&startTs=1768910400&endTs=1768982400&fidelity=1
NCAAB	2025-2026	NCAAB_20260120_IND_MICH	away	64075119022571863364721009530552766038219988362349007529919688005876946985245	https://clob.polymarket.com/prices-history?market=64075119022571863364721009530552766038219988362349007529919688005876946985245&startTs=1768910400&endTs=1768982400&fidelity=1
NCAAB	2025-2026	NCAAB_20260120_OKST_TCU	home	47404012862940884875913309247906438581995555818091960317392611900699115449899	https://clob.polymarket.com/prices-history?market=47404012862940884875913309247906438581995555818091960317392611900699115449899&startTs=1768914000&endTs=1768986000&fidelity=1
NCAAB	2025-2026	NCAAB_20260120_OKST_TCU	away	74739151022776708548700552815480875869505538977699942450614292139196316225714	https://clob.polymarket.com/prices-history?market=74739151022776708548700552815480875869505538977699942450614292139196316225714&startTs=1768914000&endTs=1768986000&fidelity=1
NCAAB	2025-2026	NCAAB_20260120_PUR_UCLA	home	76991484154242954194882972332577803397380958417706033068270881744743583933332	https://clob.polymarket.com/prices-history?market=76991484154242954194882972332577803397380958417706033068270881744743583933332&startTs=1768921200&endTs=1768993200&fidelity=1
NCAAB	2025-2026	NCAAB_20260120_PUR_UCLA	away	77223577239899396985761858383687523088022827450944955318064820789718208605161	https://clob.polymarket.com/prices-history?market=77223577239899396985761858383687523088022827450944955318064820789718208605161&startTs=1768921200&endTs=1768993200&fidelity=1
NCAAB	2025-2026	NCAAB_20260120_SMU_WAKE	home	60828861454456090872922316497197787734889557393236274938810282283474277042005	https://clob.polymarket.com/prices-history?market=60828861454456090872922316497197787734889557393236274938810282283474277042005&startTs=1768917600&endTs=1768989600&fidelity=1
NCAAB	2025-2026	NCAAB_20260120_SMU_WAKE	away	58515973152466021276891644407232149149221422096873758352988854845442880076204	https://clob.polymarket.com/prices-history?market=58515973152466021276891644407232149149221422096873758352988854845442880076204&startTs=1768917600&endTs=1768989600&fidelity=1
NCAAB	2025-2026	NCAAB_20260121_NW_USC	home	24852828613183316013033738266948377389580726196580530916244400816829942162777	https://clob.polymarket.com/prices-history?market=24852828613183316013033738266948377389580726196580530916244400816829942162777&startTs=1769011200&endTs=1769083200&fidelity=1
NCAAB	2025-2026	NCAAB_20260121_NW_USC	away	76607213032313275979722751383386946102925264774012321620526427710354342542514	https://clob.polymarket.com/prices-history?market=76607213032313275979722751383386946102925264774012321620526427710354342542514&startTs=1769011200&endTs=1769083200&fidelity=1
NCAAB	2025-2026	NCAAB_20260124_ILL_PUR	home	78458908085503922870908965255586983491266865445284739956638696275104006503481	https://clob.polymarket.com/prices-history?market=78458908085503922870908965255586983491266865445284739956638696275104006503481&startTs=1769241600&endTs=1769313600&fidelity=1
NCAAB	2025-2026	NCAAB_20260124_ILL_PUR	away	41346365814615284636436536383227429712027970253304336547488582394595056008394	https://clob.polymarket.com/prices-history?market=41346365814615284636436536383227429712027970253304336547488582394595056008394&startTs=1769241600&endTs=1769313600&fidelity=1
NCAAB	2025-2026	NCAAB_20260124_LSU_ARK	home	55004605866031681774227036948392334152961755665418909245717170711162700514857	https://clob.polymarket.com/prices-history?market=55004605866031681774227036948392334152961755665418909245717170711162700514857&startTs=1769248800&endTs=1769320800&fidelity=1
NCAAB	2025-2026	NCAAB_20260124_LSU_ARK	away	98037552409869964507264868002192981896196889111476344661088862141116128878984	https://clob.polymarket.com/prices-history?market=98037552409869964507264868002192981896196889111476344661088862141116128878984&startTs=1769248800&endTs=1769320800&fidelity=1
NCAAB	2025-2026	NCAAB_20260124_MISS_UK	home	96833968583774163864477831024566638753877908301650978310022555840543730456789	https://clob.polymarket.com/prices-history?market=96833968583774163864477831024566638753877908301650978310022555840543730456789&startTs=1769227200&endTs=1769299200&fidelity=1
NCAAB	2025-2026	NCAAB_20260124_MISS_UK	away	104351430580114385990937230731921631852380770622244855616329799484385832235261	https://clob.polymarket.com/prices-history?market=104351430580114385990937230731921631852380770622244855616329799484385832235261&startTs=1769227200&endTs=1769299200&fidelity=1
NCAAB	2025-2026	NCAAB_20260124_NCST_PITT	home	94292193018214797276725337267468745733330314982963577974129323287512964600170	https://clob.polymarket.com/prices-history?market=94292193018214797276725337267468745733330314982963577974129323287512964600170&startTs=1769230800&endTs=1769302800&fidelity=1
NCAAB	2025-2026	NCAAB_20260124_NCST_PITT	away	62124145278061040764328100005559150321790281251753452901768424308750028160918	https://clob.polymarket.com/prices-history?market=62124145278061040764328100005559150321790281251753452901768424308750028160918&startTs=1769230800&endTs=1769302800&fidelity=1
NCAAB	2025-2026	NCAAB_20260124_NW_UCLA	home	97708803817549141093678305001378453394876377277956210003848911642241945669070	https://clob.polymarket.com/prices-history?market=97708803817549141093678305001378453394876377277956210003848911642241945669070&startTs=1769252400&endTs=1769324400&fidelity=1
NCAAB	2025-2026	NCAAB_20260124_NW_UCLA	away	115255461336557252490505176883680200069124158484934184768913506883321002186339	https://clob.polymarket.com/prices-history?market=115255461336557252490505176883680200069124158484934184768913506883321002186339&startTs=1769252400&endTs=1769324400&fidelity=1
NCAAB	2025-2026	NCAAB_20260124_TENN_ALA	home	39307428482762946274807654800876832588888961645297290932489407278512466114950	https://clob.polymarket.com/prices-history?market=39307428482762946274807654800876832588888961645297290932489407278512466114950&startTs=1769261400&endTs=1769333400&fidelity=1
NCAAB	2025-2026	NCAAB_20260124_TENN_ALA	away	105047197203068680495170768592070659340260125903528738068362255526679694353093	https://clob.polymarket.com/prices-history?market=105047197203068680495170768592070659340260125903528738068362255526679694353093&startTs=1769261400&endTs=1769333400&fidelity=1
NCAAB	2025-2026	NCAAB_20260124_UTAH_BYU	home	43351486958838814757439458840350710069508151642390041999460521406387492023979	https://clob.polymarket.com/prices-history?market=43351486958838814757439458840350710069508151642390041999460521406387492023979&startTs=1769250600&endTs=1769322600&fidelity=1
NCAAB	2025-2026	NCAAB_20260124_UTAH_BYU	away	20529118133230165289451397699513288681336282036977708057003600268075211855200	https://clob.polymarket.com/prices-history?market=20529118133230165289451397699513288681336282036977708057003600268075211855200&startTs=1769250600&endTs=1769322600&fidelity=1
NCAAB	2025-2026	NCAAB_20260124_WAKE_DUKE	home	80205018363984927429604839217323992778902859058968510548796826627313035202811	https://clob.polymarket.com/prices-history?market=80205018363984927429604839217323992778902859058968510548796826627313035202811&startTs=1769230800&endTs=1769302800&fidelity=1
NCAAB	2025-2026	NCAAB_20260124_WAKE_DUKE	away	6616070553814447557442348045025971343846408363979843609267815928681765653973	https://clob.polymarket.com/prices-history?market=6616070553814447557442348045025971343846408363979843609267815928681765653973&startTs=1769230800&endTs=1769302800&fidelity=1
NCAAB	2025-2026	NCAAB_20260125_ORE_WASH	home	60022275082252571949388982551553467899461557152867745045983552295195004459882	https://clob.polymarket.com/prices-history?market=60022275082252571949388982551553467899461557152867745045983552295195004459882&startTs=1769328000&endTs=1769400000&fidelity=1
NCAAB	2025-2026	NCAAB_20260125_ORE_WASH	away	68111332307748960783864023381426399478480317167418410455341965887566327865564	https://clob.polymarket.com/prices-history?market=68111332307748960783864023381426399478480317167418410455341965887566327865564&startTs=1769328000&endTs=1769400000&fidelity=1
NCAAB	2025-2026	NCAAB_20260126_LOU_DUKE	home	99896232523630538632605367960708575654428843671945194710554437725405697950894	https://clob.polymarket.com/prices-history?market=99896232523630538632605367960708575654428843671945194710554437725405697950894&startTs=1769428800&endTs=1769500800&fidelity=1
NCAAB	2025-2026	NCAAB_20260126_LOU_DUKE	away	44663683609771624335776214797712449871138282164713549046114267101981463159940	https://clob.polymarket.com/prices-history?market=44663683609771624335776214797712449871138282164713549046114267101981463159940&startTs=1769428800&endTs=1769500800&fidelity=1
NCAAB	2025-2026	NCAAB_20260127_PUR_IND	home	15380300024921773157246086606107455846091546347245401072780051622093883690964	https://clob.polymarket.com/prices-history?market=15380300024921773157246086606107455846091546347245401072780051622093883690964&startTs=1769522400&endTs=1769594400&fidelity=1
NCAAB	2025-2026	NCAAB_20260127_PUR_IND	away	99043154677825348289059066634534714517769325186938308418854825663723401612814	https://clob.polymarket.com/prices-history?market=99043154677825348289059066634534714517769325186938308418854825663723401612814&startTs=1769522400&endTs=1769594400&fidelity=1
NCAAB	2025-2026	NCAAB_20260127_WAKE_PITT	home	739305878289471423285184336956138245985502947970777986236776632447494713335	https://clob.polymarket.com/prices-history?market=739305878289471423285184336956138245985502947970777986236776632447494713335&startTs=1769511600&endTs=1769583600&fidelity=1
NCAAB	2025-2026	NCAAB_20260127_WAKE_PITT	away	22718349404484318635297075690927126001014048873849724400908994764447459296395	https://clob.polymarket.com/prices-history?market=22718349404484318635297075690927126001014048873849724400908994764447459296395&startTs=1769511600&endTs=1769583600&fidelity=1
NCAAB	2025-2026	NCAAB_20260128_HOU_TCU	home	91719956551540055021051716423997257747726330880937070496721413414121352144456	https://clob.polymarket.com/prices-history?market=91719956551540055021051716423997257747726330880937070496721413414121352144456&startTs=1769608800&endTs=1769680800&fidelity=1
NCAAB	2025-2026	NCAAB_20260128_HOU_TCU	away	10131455701009718586359509649984328103168749022277274006727111016697850485886	https://clob.polymarket.com/prices-history?market=10131455701009718586359509649984328103168749022277274006727111016697850485886&startTs=1769608800&endTs=1769680800&fidelity=1
NCAAB	2025-2026	NCAAB_20260128_STAN_MIA	home	108323562079095317884364173311741940594624991504119824316863036773510595049521	https://clob.polymarket.com/prices-history?market=108323562079095317884364173311741940594624991504119824316863036773510595049521&startTs=1769608800&endTs=1769680800&fidelity=1
NCAAB	2025-2026	NCAAB_20260128_STAN_MIA	away	44783638794099997968951684857171483406677990293870020606926437562777765424292	https://clob.polymarket.com/prices-history?market=44783638794099997968951684857171483406677990293870020606926437562777765424292&startTs=1769608800&endTs=1769680800&fidelity=1
NCAAB	2025-2026	NCAAB_20260128_UCLA_ORE	home	57457323418199532111527675485771382039764597247916472637203579396922643505067	https://clob.polymarket.com/prices-history?market=57457323418199532111527675485771382039764597247916472637203579396922643505067&startTs=1769616000&endTs=1769688000&fidelity=1
NCAAB	2025-2026	NCAAB_20260128_UCLA_ORE	away	58337828990307650083146806108826241758815590187022446845652807743718325549289	https://clob.polymarket.com/prices-history?market=58337828990307650083146806108826241758815590187022446845652807743718325549289&startTs=1769616000&endTs=1769688000&fidelity=1
NCAAB	2025-2026	NCAAB_20260128_USC_IOWA	home	105069392682761099290504815385910851748834009440388492209986057147737129081940	https://clob.polymarket.com/prices-history?market=105069392682761099290504815385910851748834009440388492209986057147737129081940&startTs=1769601600&endTs=1769673600&fidelity=1
NCAAB	2025-2026	NCAAB_20260128_USC_IOWA	away	86339066204511668487815507814402651174244981014849114680641089531199358095340	https://clob.polymarket.com/prices-history?market=86339066204511668487815507814402651174244981014849114680641089531199358095340&startTs=1769601600&endTs=1769673600&fidelity=1
NCAAB	2025-2026	NCAAB_20260129_WASH_ILL	home	111719079975043265595814944565360621621481945064643557844152170236224406967448	https://clob.polymarket.com/prices-history?market=111719079975043265595814944565360621621481945064643557844152170236224406967448&startTs=1769695200&endTs=1769767200&fidelity=1
NCAAB	2025-2026	NCAAB_20260129_WASH_ILL	away	24011901038601333007805174424048748605152346103156323940003194521494373279626	https://clob.polymarket.com/prices-history?market=24011901038601333007805174424048748605152346103156323940003194521494373279626&startTs=1769695200&endTs=1769767200&fidelity=1
NCAAB	2025-2026	NCAAB_20260131_CIN_HOU	home	2866500779143692232369356407664439080262447227528316556975669597993876359377	https://clob.polymarket.com/prices-history?market=2866500779143692232369356407664439080262447227528316556975669597993876359377&startTs=1769835600&endTs=1769907600&fidelity=1
NCAAB	2025-2026	NCAAB_20260131_CIN_HOU	away	92398409684171955310821868913420997411704154986396690139639149283094625015575	https://clob.polymarket.com/prices-history?market=92398409684171955310821868913420997411704154986396690139639149283094625015575&startTs=1769835600&endTs=1769907600&fidelity=1
NCAAB	2025-2026	NCAAB_20260131_IND_UCLA	home	38628211294427737114318148408211773719058707491956670542259432942330136718352	https://clob.polymarket.com/prices-history?market=38628211294427737114318148408211773719058707491956670542259432942330136718352&startTs=1769853600&endTs=1769925600&fidelity=1
NCAAB	2025-2026	NCAAB_20260131_IND_UCLA	away	40983747506471139901230856237979149091538979458695883896445435778033362654485	https://clob.polymarket.com/prices-history?market=40983747506471139901230856237979149091538979458695883896445435778033362654485&startTs=1769853600&endTs=1769925600&fidelity=1
NCAAB	2025-2026	NCAAB_20260131_NCST_WAKE	home	49784780332801694066994138450159519039941537060726524927164610734890432244518	https://clob.polymarket.com/prices-history?market=49784780332801694066994138450159519039941537060726524927164610734890432244518&startTs=1769835600&endTs=1769907600&fidelity=1
NCAAB	2025-2026	NCAAB_20260131_NCST_WAKE	away	39917634925583372794741129599285554936755259322234086879711552740713889472388	https://clob.polymarket.com/prices-history?market=39917634925583372794741129599285554936755259322234086879711552740713889472388&startTs=1769835600&endTs=1769907600&fidelity=1
NCAAB	2025-2026	NCAAB_20260131_OKST_UTAH	home	93156334977270217795305387219672831196697085017326041099342639190616786855540	https://clob.polymarket.com/prices-history?market=93156334977270217795305387219672831196697085017326041099342639190616786855540&startTs=1769857200&endTs=1769929200&fidelity=1
NCAAB	2025-2026	NCAAB_20260131_OKST_UTAH	away	52175027913553794243054036592195291805904524885939798909122129087985340998961	https://clob.polymarket.com/prices-history?market=52175027913553794243054036592195291805904524885939798909122129087985340998961&startTs=1769857200&endTs=1769929200&fidelity=1
NCAAB	2025-2026	NCAAB_20260131_SMU_LOU	home	4089536618626983742766531082878584171840142453766118847568324721070260402259	https://clob.polymarket.com/prices-history?market=4089536618626983742766531082878584171840142453766118847568324721070260402259&startTs=1769842800&endTs=1769914800&fidelity=1
NCAAB	2025-2026	NCAAB_20260131_SMU_LOU	away	20506973805848539703715022763471025892457451837631370584990916528543882150619	https://clob.polymarket.com/prices-history?market=20506973805848539703715022763471025892457451837631370584990916528543882150619&startTs=1769842800&endTs=1769914800&fidelity=1
NCAAB	2025-2026	NCAAB_20260131_UK_ARK	home	111681129837796345971018313979211889265430237371673481730046834691493998266210	https://clob.polymarket.com/prices-history?market=111681129837796345971018313979211889265430237371673481730046834691493998266210&startTs=1769859000&endTs=1769931000&fidelity=1
NCAAB	2025-2026	NCAAB_20260131_UK_ARK	away	105966987880225119253000806772889405644231865476565715607452472241789002478213	https://clob.polymarket.com/prices-history?market=105966987880225119253000806772889405644231865476565715607452472241789002478213&startTs=1769859000&endTs=1769931000&fidelity=1
NCAAB	2025-2026	NCAAB_20260131_WASH_NW	home	112328995052615868406830157569130519081135445900305052434988825567660573455196	https://clob.polymarket.com/prices-history?market=112328995052615868406830157569130519081135445900305052434988825567660573455196&startTs=1769864400&endTs=1769936400&fidelity=1
NCAAB	2025-2026	NCAAB_20260131_WASH_NW	away	59124938317098559396287864622382374488329830931269378357662404170963602019963	https://clob.polymarket.com/prices-history?market=59124938317098559396287864622382374488329830931269378357662404170963602019963&startTs=1769864400&endTs=1769936400&fidelity=1
NCAAB	2025-2026	NCAAB_20260201_IOWA_ORE	home	15747426317212743234718554187475278381942242251365166189979214127381335644144	https://clob.polymarket.com/prices-history?market=15747426317212743234718554187475278381942242251365166189979214127381335644144&startTs=1769950800&endTs=1770022800&fidelity=1
NCAAB	2025-2026	NCAAB_20260201_IOWA_ORE	away	112869528316756671766229552311495252164532602067288036776201870593060931851330	https://clob.polymarket.com/prices-history?market=112869528316756671766229552311495252164532602067288036776201870593060931851330&startTs=1769950800&endTs=1770022800&fidelity=1
NCAAB	2025-2026	NCAAB_20260203_IND_USC	home	74552186533443538158738260812946365909406327460395964427281072130727500987996	https://clob.polymarket.com/prices-history?market=74552186533443538158738260812946365909406327460395964427281072130727500987996&startTs=1770130800&endTs=1770202800&fidelity=1
NCAAB	2025-2026	NCAAB_20260203_IND_USC	away	97787348125850263133293170873190041561557020795803872346261808577729150392998	https://clob.polymarket.com/prices-history?market=97787348125850263133293170873190041561557020795803872346261808577729150392998&startTs=1770130800&endTs=1770202800&fidelity=1
NCAAB	2025-2026	NCAAB_20260203_MISS_TENN	home	44188159431403960878427433822606069569710199510431409435027874148758354138436	https://clob.polymarket.com/prices-history?market=44188159431403960878427433822606069569710199510431409435027874148758354138436&startTs=1770120000&endTs=1770192000&fidelity=1
NCAAB	2025-2026	NCAAB_20260203_MISS_TENN	away	14169438231572651329337618822090890089071334129787823717527510846705625711043	https://clob.polymarket.com/prices-history?market=14169438231572651329337618822090890089071334129787823717527510846705625711043&startTs=1770120000&endTs=1770192000&fidelity=1
NCAAB	2025-2026	NCAAB_20260203_NCST_SMU	home	4367675654128719514563783507181628518151894291087971872826666921670820662382	https://clob.polymarket.com/prices-history?market=4367675654128719514563783507181628518151894291087971872826666921670820662382&startTs=1770127200&endTs=1770199200&fidelity=1
NCAAB	2025-2026	NCAAB_20260203_NCST_SMU	away	39797944993432406951713594672046651886508744992675631349306677563005837147275	https://clob.polymarket.com/prices-history?market=39797944993432406951713594672046651886508744992675631349306677563005837147275&startTs=1770127200&endTs=1770199200&fidelity=1
NCAAB	2025-2026	NCAAB_20260204_BYU_OKST	home	9762679252404433997963854743637202802024688172478067561508665405311183962377	https://clob.polymarket.com/prices-history?market=9762679252404433997963854743637202802024688172478067561508665405311183962377&startTs=1770213600&endTs=1770285600&fidelity=1
NCAAB	2025-2026	NCAAB_20260204_BYU_OKST	away	95581641303947567755097200454620980790582913020647148521301053948292141649497	https://clob.polymarket.com/prices-history?market=95581641303947567755097200454620980790582913020647148521301053948292141649497&startTs=1770213600&endTs=1770285600&fidelity=1
NCAAB	2025-2026	NCAAB_20260204_IOWA_WASH	home	86752877437706345274076737311493538159778667878367529331340914951534479799195	https://clob.polymarket.com/prices-history?market=86752877437706345274076737311493538159778667878367529331340914951534479799195&startTs=1770220800&endTs=1770292800&fidelity=1
NCAAB	2025-2026	NCAAB_20260204_IOWA_WASH	away	97776241730161073295463182297312334697624033297300445255741052700082072890649	https://clob.polymarket.com/prices-history?market=97776241730161073295463182297312334697624033297300445255741052700082072890649&startTs=1770220800&endTs=1770292800&fidelity=1
NCAAB	2025-2026	NCAAB_20260204_ND_LOU	home	84317474061293186917192120703112190532088581033227016115727641325303455338690	https://clob.polymarket.com/prices-history?market=84317474061293186917192120703112190532088581033227016115727641325303455338690&startTs=1770206400&endTs=1770278400&fidelity=1
NCAAB	2025-2026	NCAAB_20260204_ND_LOU	away	46965688046120850411453853830303587308673969274665977168052116775991659745901	https://clob.polymarket.com/prices-history?market=46965688046120850411453853830303587308673969274665977168052116775991659745901&startTs=1770206400&endTs=1770278400&fidelity=1
NCAAB	2025-2026	NCAAB_20260204_NW_ILL	home	60771825946136303139427333413473502285318946992666497294663847722807534145983	https://clob.polymarket.com/prices-history?market=60771825946136303139427333413473502285318946992666497294663847722807534145983&startTs=1770213600&endTs=1770285600&fidelity=1
NCAAB	2025-2026	NCAAB_20260204_NW_ILL	away	94455621394196321370999459769150389720321637228206649081697357606323837909891	https://clob.polymarket.com/prices-history?market=94455621394196321370999459769150389720321637228206649081697357606323837909891&startTs=1770213600&endTs=1770285600&fidelity=1
NCAAB	2025-2026	NCAAB_20260204_TXAM_ALA	home	51406688457772446210222959364925307202180229338191256112654219064379556261305	https://clob.polymarket.com/prices-history?market=51406688457772446210222959364925307202180229338191256112654219064379556261305&startTs=1770206400&endTs=1770278400&fidelity=1
NCAAB	2025-2026	NCAAB_20260204_TXAM_ALA	away	23206408403592089507940344089828370377149944746346223904484579235407327571635	https://clob.polymarket.com/prices-history?market=23206408403592089507940344089828370377149944746346223904484579235407327571635&startTs=1770206400&endTs=1770278400&fidelity=1
NCAAB	2025-2026	NCAAB_20260204_UCF_HOU	home	17393846445108318864145878913077524972025424522776788596362561089830473669970	https://clob.polymarket.com/prices-history?market=17393846445108318864145878913077524972025424522776788596362561089830473669970&startTs=1770206400&endTs=1770278400&fidelity=1
NCAAB	2025-2026	NCAAB_20260204_UCF_HOU	away	86896899675545035994819996253472541816045838193757230739820657339739244879885	https://clob.polymarket.com/prices-history?market=86896899675545035994819996253472541816045838193757230739820657339739244879885&startTs=1770206400&endTs=1770278400&fidelity=1
NCAAB	2025-2026	NCAAB_20260207_HOU_BYU	home	104782252385986882131518784252087529500046215239436953216273163990692264911038	https://clob.polymarket.com/prices-history?market=104782252385986882131518784252087529500046215239436953216273163990692264911038&startTs=1770478200&endTs=1770550200&fidelity=1
NCAAB	2025-2026	NCAAB_20260207_HOU_BYU	away	73556813454206142827157925803537527687827414201761833301358484494552290245420	https://clob.polymarket.com/prices-history?market=73556813454206142827157925803537527687827414201761833301358484494552290245420&startTs=1770478200&endTs=1770550200&fidelity=1
NCAAB	2025-2026	NCAAB_20260207_LOU_WAKE	home	36037748920945154726821702522552145765788343155935487836487520964274517882041	https://clob.polymarket.com/prices-history?market=36037748920945154726821702522552145765788343155935487836487520964274517882041&startTs=1770440400&endTs=1770512400&fidelity=1
NCAAB	2025-2026	NCAAB_20260207_LOU_WAKE	away	24381487680894770887506897692136370191609710894332697221237932865336803253209	https://clob.polymarket.com/prices-history?market=24381487680894770887506897692136370191609710894332697221237932865336803253209&startTs=1770440400&endTs=1770512400&fidelity=1
NCAAB	2025-2026	NCAAB_20260207_ORE_PUR	home	4994443603282781922110127704018486441780342491746583575251051358008334284284	https://clob.polymarket.com/prices-history?market=4994443603282781922110127704018486441780342491746583575251051358008334284284&startTs=1770444000&endTs=1770516000&fidelity=1
NCAAB	2025-2026	NCAAB_20260207_ORE_PUR	away	29290830281956867533656300240208914142228789181342278083458479345314553053441	https://clob.polymarket.com/prices-history?market=29290830281956867533656300240208914142228789181342278083458479345314553053441&startTs=1770444000&endTs=1770516000&fidelity=1
NCAAB	2025-2026	NCAAB_20260207_SMU_PITT	home	25328761581971560299175147907206746035659719737698254389086154894388384875798	https://clob.polymarket.com/prices-history?market=25328761581971560299175147907206746035659719737698254389086154894388384875798&startTs=1770447600&endTs=1770519600&fidelity=1
NCAAB	2025-2026	NCAAB_20260207_SMU_PITT	away	21380568256655816065461451628022869223810901998004928187970784832477543387332	https://clob.polymarket.com/prices-history?market=21380568256655816065461451628022869223810901998004928187970784832477543387332&startTs=1770447600&endTs=1770519600&fidelity=1
NCAAB	2025-2026	NCAAB_20260207_TENN_UK	home	111804620416814907496456023479178030288794942440568748185418736798824600128940	https://clob.polymarket.com/prices-history?market=111804620416814907496456023479178030288794942440568748185418736798824600128940&startTs=1770471000&endTs=1770543000&fidelity=1
NCAAB	2025-2026	NCAAB_20260207_TENN_UK	away	10828017713083030701886412999037816153274686459889124162194627341126720411672	https://clob.polymarket.com/prices-history?market=10828017713083030701886412999037816153274686459889124162194627341126720411672&startTs=1770471000&endTs=1770543000&fidelity=1
NCAAB	2025-2026	NCAAB_20260207_WASH_UCLA	home	89694591091499441674207463237619281484701197746177930847505285609963181365595	https://clob.polymarket.com/prices-history?market=89694591091499441674207463237619281484701197746177930847505285609963181365595&startTs=1770476400&endTs=1770548400&fidelity=1
NCAAB	2025-2026	NCAAB_20260207_WASH_UCLA	away	54720139110793283117969364786097987552087200312953819585643799487843037697142	https://clob.polymarket.com/prices-history?market=54720139110793283117969364786097987552087200312953819585643799487843037697142&startTs=1770476400&endTs=1770548400&fidelity=1
NCAAB	2025-2026	NCAAB_20260208_NW_IOWA	home	92948079347551871973854966449610664457439060498285510915425560212248136772007	https://clob.polymarket.com/prices-history?market=92948079347551871973854966449610664457439060498285510915425560212248136772007&startTs=1770537600&endTs=1770609600&fidelity=1
NCAAB	2025-2026	NCAAB_20260208_NW_IOWA	away	81073631327437282612530391839686227592995707775481711409442221881382900279706	https://clob.polymarket.com/prices-history?market=81073631327437282612530391839686227592995707775481711409442221881382900279706&startTs=1770537600&endTs=1770609600&fidelity=1
NCAAB	2025-2026	NCAAB_20260208_UCF_CIN	home	4982281774759237424815599995039357916783501063005338441424015496160416888486	https://clob.polymarket.com/prices-history?market=4982281774759237424815599995039357916783501063005338441424015496160416888486&startTs=1770534000&endTs=1770606000&fidelity=1
NCAAB	2025-2026	NCAAB_20260208_UCF_CIN	away	16259640642753899057032526139186762836793979747449447472047752617793876044513	https://clob.polymarket.com/prices-history?market=16259640642753899057032526139186762836793979747449447472047752617793876044513&startTs=1770534000&endTs=1770606000&fidelity=1
NCAAB	2025-2026	NCAAB_20260209_NCST_LOU	home	43845621698878763400720961277050426202349061949752367079194197470028444632866	https://clob.polymarket.com/prices-history?market=43845621698878763400720961277050426202349061949752367079194197470028444632866&startTs=1770638400&endTs=1770710400&fidelity=1
NCAAB	2025-2026	NCAAB_20260209_NCST_LOU	away	114443356591548057194011636379772299638125388621520211798797485250602412318440	https://clob.polymarket.com/prices-history?market=114443356591548057194011636379772299638125388621520211798797485250602412318440&startTs=1770638400&endTs=1770710400&fidelity=1
NCAAB	2025-2026	NCAAB_20260209_ORE_IND	home	31430169958377560426822410873959958171250020970013401592041321308115559593979	https://clob.polymarket.com/prices-history?market=31430169958377560426822410873959958171250020970013401592041321308115559593979&startTs=1770643800&endTs=1770715800&fidelity=1
NCAAB	2025-2026	NCAAB_20260209_ORE_IND	away	45442366563953590579726222756099623597673702781686146491266133370807524373037	https://clob.polymarket.com/prices-history?market=45442366563953590579726222756099623597673702781686146491266133370807524373037&startTs=1770643800&endTs=1770715800&fidelity=1
NCAAB	2025-2026	NCAAB_20260210_ARK_LSU	home	108226311757086539986767247999651780608853387395598041324903092488608681055960	https://clob.polymarket.com/prices-history?market=108226311757086539986767247999651780608853387395598041324903092488608681055960&startTs=1770732000&endTs=1770804000&fidelity=1
NCAAB	2025-2026	NCAAB_20260210_ARK_LSU	away	43107667241541637097984718411228055117028738258789706769672993486681643569011	https://clob.polymarket.com/prices-history?market=43107667241541637097984718411228055117028738258789706769672993486681643569011&startTs=1770732000&endTs=1770804000&fidelity=1
NCAAB	2025-2026	NCAAB_20260210_DUKE_PITT	home	9297014485666713094467508078506508458158871022002094625994680461323092403219	https://clob.polymarket.com/prices-history?market=9297014485666713094467508078506508458158871022002094625994680461323092403219&startTs=1770732000&endTs=1770804000&fidelity=1
NCAAB	2025-2026	NCAAB_20260210_DUKE_PITT	away	113046760656241384806323259804117639443267791317472166071158289130134480388975	https://clob.polymarket.com/prices-history?market=113046760656241384806323259804117639443267791317472166071158289130134480388975&startTs=1770732000&endTs=1770804000&fidelity=1
NCAAB	2025-2026	NCAAB_20260210_HOU_UTAH	home	22077315164521497985546880786651320885893436345533391494647789939042597735399	https://clob.polymarket.com/prices-history?market=22077315164521497985546880786651320885893436345533391494647789939042597735399&startTs=1770732000&endTs=1770804000&fidelity=1
NCAAB	2025-2026	NCAAB_20260210_HOU_UTAH	away	87115217799349570890652378932734026997446924192462480080989204344514154593407	https://clob.polymarket.com/prices-history?market=87115217799349570890652378932734026997446924192462480080989204344514154593407&startTs=1770732000&endTs=1770804000&fidelity=1
WNBA	2025	WNBA_20250522_IND_ATL	home	58828242476919604918688294658888095843116913539726763727239688385389573423044	https://clob.polymarket.com/prices-history?market=58828242476919604918688294658888095843116913539726763727239688385389573423044&startTs=1747913400&endTs=1747985400&fidelity=1
WNBA	2025	WNBA_20250522_IND_ATL	away	112648859414159763891076852197009912122792562365571664540228025272756152834032	https://clob.polymarket.com/prices-history?market=112648859414159763891076852197009912122792562365571664540228025272756152834032&startTs=1747913400&endTs=1747985400&fidelity=1
WNBA	2025	WNBA_20250522_NY_CHI	home	53081242252297641963392367150688145516950355234495811301756832270545956579032	https://clob.polymarket.com/prices-history?market=53081242252297641963392367150688145516950355234495811301756832270545956579032&startTs=1747915200&endTs=1747987200&fidelity=1
WNBA	2025	WNBA_20250522_NY_CHI	away	74484737690150453656326072678223408467978885820548023828887851720957299092958	https://clob.polymarket.com/prices-history?market=74484737690150453656326072678223408467978885820548023828887851720957299092958&startTs=1747915200&endTs=1747987200&fidelity=1
WNBA	2025	WNBA_20250523_CONN_MIN	home	63447754210908157805076021721759378818448899693926026008600740227603959341947	https://clob.polymarket.com/prices-history?market=63447754210908157805076021721759378818448899693926026008600740227603959341947&startTs=1747999800&endTs=1748071800&fidelity=1
WNBA	2025	WNBA_20250523_CONN_MIN	away	86910281079478457432309068270493199360406111932794359085062356637262201703446	https://clob.polymarket.com/prices-history?market=86910281079478457432309068270493199360406111932794359085062356637262201703446&startTs=1747999800&endTs=1748071800&fidelity=1
WNBA	2025	WNBA_20250523_GS_LA	home	2589667220592049015870588999592965828781825005369065838435029485351165688195	https://clob.polymarket.com/prices-history?market=2589667220592049015870588999592965828781825005369065838435029485351165688195&startTs=1748008800&endTs=1748080800&fidelity=1
WNBA	2025	WNBA_20250523_GS_LA	away	449160478882624815723484222044586387991268868502904673182980737493083968668	https://clob.polymarket.com/prices-history?market=449160478882624815723484222044586387991268868502904673182980737493083968668&startTs=1748008800&endTs=1748080800&fidelity=1
WNBA	2025	WNBA_20250523_PHX_SEA	home	75546648265837287060750847779433502105252767105099976608096218799766236077988	https://clob.polymarket.com/prices-history?market=75546648265837287060750847779433502105252767105099976608096218799766236077988&startTs=1748008800&endTs=1748080800&fidelity=1
WNBA	2025	WNBA_20250523_PHX_SEA	away	23140220416161290375693701231938068081067414124155616300228209097458717278354	https://clob.polymarket.com/prices-history?market=23140220416161290375693701231938068081067414124155616300228209097458717278354&startTs=1748008800&endTs=1748080800&fidelity=1
WNBA	2025	WNBA_20250524_DAL_ATL	home	78794723388120183829683146566896625355134021713630211162532155290055954774660	https://clob.polymarket.com/prices-history?market=78794723388120183829683146566896625355134021713630211162532155290055954774660&startTs=1748070000&endTs=1748142000&fidelity=1
WNBA	2025	WNBA_20250524_DAL_ATL	away	114329147963085759987076420032908410069253912047385716253984553081890479390527	https://clob.polymarket.com/prices-history?market=114329147963085759987076420032908410069253912047385716253984553081890479390527&startTs=1748070000&endTs=1748142000&fidelity=1
WNBA	2025	WNBA_20250525_CHI_LA	home	40838021378599060968333661736700055287127800007468398629129267898450478224080	https://clob.polymarket.com/prices-history?market=40838021378599060968333661736700055287127800007468398629129267898450478224080&startTs=1748167200&endTs=1748239200&fidelity=1
WNBA	2025	WNBA_20250525_CHI_LA	away	17852191112156202196500633929449892534782546356759867036998407882646410782702	https://clob.polymarket.com/prices-history?market=17852191112156202196500633929449892534782546356759867036998407882646410782702&startTs=1748167200&endTs=1748239200&fidelity=1
WNBA	2025	WNBA_20250525_CONN_ATL	home	59170197167978513253050572171327345665237308621320459911862505933795585375957	https://clob.polymarket.com/prices-history?market=59170197167978513253050572171327345665237308621320459911862505933795585375957&startTs=1748156400&endTs=1748228400&fidelity=1
WNBA	2025	WNBA_20250525_CONN_ATL	away	109383745864574715051906990273871371939725000960258929381977976225180873381487	https://clob.polymarket.com/prices-history?market=109383745864574715051906990273871371939725000960258929381977976225180873381487&startTs=1748156400&endTs=1748228400&fidelity=1
WNBA	2025	WNBA_20250525_WSH_PHX	home	7147757423187459592892477199804126622941919248048824107172201443667985081599	https://clob.polymarket.com/prices-history?market=7147757423187459592892477199804126622941919248048824107172201443667985081599&startTs=1748167200&endTs=1748239200&fidelity=1
WNBA	2025	WNBA_20250525_WSH_PHX	away	88280826603895672178790075186269047707632143949333580689797822396335744224332	https://clob.polymarket.com/prices-history?market=88280826603895672178790075186269047707632143949333580689797822396335744224332&startTs=1748167200&endTs=1748239200&fidelity=1
WNBA	2025	WNBA_20250527_ATL_LA	home	45857879516029134410267873161678697684370069633653500873337835948176229918154	https://clob.polymarket.com/prices-history?market=45857879516029134410267873161678697684370069633653500873337835948176229918154&startTs=1748354400&endTs=1748426400&fidelity=1
WNBA	2025	WNBA_20250527_ATL_LA	away	69602186896765881107969971333235571776083061466071835151914962598624729696394	https://clob.polymarket.com/prices-history?market=69602186896765881107969971333235571776083061466071835151914962598624729696394&startTs=1748354400&endTs=1748426400&fidelity=1
WNBA	2025	WNBA_20250527_CHI_PHX	home	106491452252253251418882866474043844179514683075312638856422986339504592721841	https://clob.polymarket.com/prices-history?market=106491452252253251418882866474043844179514683075312638856422986339504592721841&startTs=1748354400&endTs=1748426400&fidelity=1
WNBA	2025	WNBA_20250527_CHI_PHX	away	78113403869404965469092382621910965067641015877404754091128648801353859308817	https://clob.polymarket.com/prices-history?market=78113403869404965469092382621910965067641015877404754091128648801353859308817&startTs=1748354400&endTs=1748426400&fidelity=1
WNBA	2025	WNBA_20250527_DAL_CONN	home	101140575588215755381790155720252168639066424658704752887942619006577275069395	https://clob.polymarket.com/prices-history?market=101140575588215755381790155720252168639066424658704752887942619006577275069395&startTs=1748343600&endTs=1748415600&fidelity=1
WNBA	2025	WNBA_20250527_DAL_CONN	away	68001028420340414140830078870062041376674217685522868975615658172634101125664	https://clob.polymarket.com/prices-history?market=68001028420340414140830078870062041376674217685522868975615658172634101125664&startTs=1748343600&endTs=1748415600&fidelity=1
WNBA	2025	WNBA_20250527_SEA_MIN	home	50359958903837075738222087503922511317477137268655170357948178206299132030290	https://clob.polymarket.com/prices-history?market=50359958903837075738222087503922511317477137268655170357948178206299132030290&startTs=1748347200&endTs=1748419200&fidelity=1
WNBA	2025	WNBA_20250527_SEA_MIN	away	70124139425541184078907039124871171080490554644671316085525751062579067519800	https://clob.polymarket.com/prices-history?market=70124139425541184078907039124871171080490554644671316085525751062579067519800&startTs=1748347200&endTs=1748419200&fidelity=1
WNBA	2025	WNBA_20250528_IND_WSH	home	110681976256033091993220118330818049578567178274089113595661090470009293208716	https://clob.polymarket.com/prices-history?market=110681976256033091993220118330818049578567178274089113595661090470009293208716&startTs=1748431800&endTs=1748503800&fidelity=1
WNBA	2025	WNBA_20250528_IND_WSH	away	109355246989341346177435789836120577170827938379817091988807817128913647415153	https://clob.polymarket.com/prices-history?market=109355246989341346177435789836120577170827938379817091988807817128913647415153&startTs=1748431800&endTs=1748503800&fidelity=1
WNBA	2025	WNBA_20250529_DAL_CHI	home	80345038152838763994715544723264798250358558836514717994582768338119491538516	https://clob.polymarket.com/prices-history?market=80345038152838763994715544723264798250358558836514717994582768338119491538516&startTs=1748520000&endTs=1748592000&fidelity=1
WNBA	2025	WNBA_20250529_DAL_CHI	away	26382820239613240768859470796291220828042265602066512707407907633086863535895	https://clob.polymarket.com/prices-history?market=26382820239613240768859470796291220828042265602066512707407907633086863535895&startTs=1748520000&endTs=1748592000&fidelity=1
WNBA	2025	WNBA_20250530_ATL_SEA	home	101772517449348336613291859635322299553118268428223860769227912927392226449433	https://clob.polymarket.com/prices-history?market=101772517449348336613291859635322299553118268428223860769227912927392226449433&startTs=1748613600&endTs=1748685600&fidelity=1
WNBA	2025	WNBA_20250530_ATL_SEA	away	5519426862828069423941694714653153210371608642403065898706354396340617740206	https://clob.polymarket.com/prices-history?market=5519426862828069423941694714653153210371608642403065898706354396340617740206&startTs=1748613600&endTs=1748685600&fidelity=1
WNBA	2025	WNBA_20250530_CONN_IND	home	69440746459667600489643700720496275748973235325393577280800932508892336057085	https://clob.polymarket.com/prices-history?market=69440746459667600489643700720496275748973235325393577280800932508892336057085&startTs=1748604600&endTs=1748676600&fidelity=1
WNBA	2025	WNBA_20250530_CONN_IND	away	4543599880926211052735344005120713289556633039919079372104401189136742747593	https://clob.polymarket.com/prices-history?market=4543599880926211052735344005120713289556633039919079372104401189136742747593&startTs=1748604600&endTs=1748676600&fidelity=1
WNBA	2025	WNBA_20250530_MIN_PHX	home	90687145054218054575187217685427272355093621998424939174329351263568785045506	https://clob.polymarket.com/prices-history?market=90687145054218054575187217685427272355093621998424939174329351263568785045506&startTs=1748613600&endTs=1748685600&fidelity=1
WNBA	2025	WNBA_20250530_MIN_PHX	away	12423971823064117637615048015377159141622363562189456069125820621399510380398	https://clob.polymarket.com/prices-history?market=12423971823064117637615048015377159141622363562189456069125820621399510380398&startTs=1748613600&endTs=1748685600&fidelity=1
