NBA	2025-2026	NBA_20260222_TOR_MIL	away	55630969712673256454644232366244737024384157782973108926225087920692118656185	https://clob.polymarket.com/prices-history?market=55630969712673256454644232366244737024384157782973108926225087920692118656185&startTs=1771749000&endTs=1771821000&fidelity=1
NBA	2025-2026	NBA_20260223_SAC_MEM	home	61218444274372039380978744019093715189162351041908506634636805489657318812378	https://clob.polymarket.com/prices-history?market=61218444274372039380978744019093715189162351041908506634636805489657318812378&startTs=1771851600&endTs=1771923600&fidelity=1
NBA	2025-2026	NBA_20260223_SAC_MEM	away	98368261953053617625152654837706746008489674886097180183732337317673277734263	https://clob.polymarket.com/prices-history?market=98368261953053617625152654837706746008489674886097180183732337317673277734263&startTs=1771851600&endTs=1771923600&fidelity=1
NBA	2025-2026	NBA_20260225_SAS_TOR	home	98523391284715712660739014044485796034975522451741829341547305584883507260931	https://clob.polymarket.com/prices-history?market=98523391284715712660739014044485796034975522451741829341547305584883507260931&startTs=1772022600&endTs=1772094600&fidelity=1
NBA	2025-2026	NBA_20260225_SAS_TOR	away	10666645218160528827359174106274100048234625237947423244049112495510348813867	https://clob.polymarket.com/prices-history?market=10666645218160528827359174106274100048234625237947423244049112495510348813867&startTs=1772022600&endTs=1772094600&fidelity=1
NBA	2025-2026	NBA_20260226_CHA_IND	home	27521370930626058197938251772884376092024021811142373863302832980521131276369	https://clob.polymarket.com/prices-history?market=27521370930626058197938251772884376092024021811142373863302832980521131276369&startTs=1772107200&endTs=1772179200&fidelity=1
NBA	2025-2026	NBA_20260226_CHA_IND	away	38022225576598738077624422315762648005639253292738979306555812356387584664439	https://clob.polymarket.com/prices-history?market=38022225576598738077624422315762648005639253292738979306555812356387584664439&startTs=1772107200&endTs=1772179200&fidelity=1
NBA	2025-2026	NBA_20260226_HOU_ORL	home	69770479162018935989294903574336453982730709200930471698039976782983315990743	https://clob.polymarket.com/prices-history?market=69770479162018935989294903574336453982730709200930471698039976782983315990743&startTs=1772109000&endTs=1772181000&fidelity=1
NBA	2025-2026	NBA_20260226_HOU_ORL	away	8813777423781933953062350245455690156930294117347624404860363705640506030434	https://clob.polymarket.com/prices-history?market=8813777423781933953062350245455690156930294117347624404860363705640506030434&startTs=1772109000&endTs=1772181000&fidelity=1
NBA	2025-2026	NBA_20260226_LAL_PHX	home	55460819420077495289053838663099439454557371804521877628389707287521128912835	https://clob.polymarket.com/prices-history?market=55460819420077495289053838663099439454557371804521877628389707287521128912835&startTs=1772114400&endTs=1772186400&fidelity=1
NBA	2025-2026	NBA_20260226_LAL_PHX	away	24616979546792038573148309897845695218464549984948718086644153437491876916752	https://clob.polymarket.com/prices-history?market=24616979546792038573148309897845695218464549984948718086644153437491876916752&startTs=1772114400&endTs=1772186400&fidelity=1
NBA	2025-2026	NBA_20260226_MIA_PHI	home	30058184713548764489099104072599941863392473793098827684900205726196139126698	https://clob.polymarket.com/prices-history?market=30058184713548764489099104072599941863392473793098827684900205726196139126698&startTs=1772107200&endTs=1772179200&fidelity=1
NBA	2025-2026	NBA_20260226_MIA_PHI	away	37958788005037894714853790092685588251257629439542622522563789186457488651352	https://clob.polymarket.com/prices-history?market=37958788005037894714853790092685588251257629439542622522563789186457488651352&startTs=1772107200&endTs=1772179200&fidelity=1
NBA	2025-2026	NBA_20260226_MIN_LAC	home	72661213117754833741324406119426872913346608794848140821058442185673339296536	https://clob.polymarket.com/prices-history?market=72661213117754833741324406119426872913346608794848140821058442185673339296536&startTs=1772118000&endTs=1772190000&fidelity=1
NBA	2025-2026	NBA_20260226_MIN_LAC	away	53671238023336753615794811648977096790943735046645002820165614709925892034655	https://clob.polymarket.com/prices-history?market=53671238023336753615794811648977096790943735046645002820165614709925892034655&startTs=1772118000&endTs=1772190000&fidelity=1
NBA	2025-2026	NBA_20260226_NOP_UTA	home	15085633255926612430094788150813148798227906769747652731137946597632785776340	https://clob.polymarket.com/prices-history?market=15085633255926612430094788150813148798227906769747652731137946597632785776340&startTs=1772114400&endTs=1772186400&fidelity=1
NBA	2025-2026	NBA_20260226_NOP_UTA	away	109648527107124802233902351975183862664445021103223060169922641351247566368934	https://clob.polymarket.com/prices-history?market=109648527107124802233902351975183862664445021103223060169922641351247566368934&startTs=1772114400&endTs=1772186400&fidelity=1
NBA	2025-2026	NBA_20260227_CLE_DET	home	100302307962576280901580094951908270799021793650089656054380477400042624745973	https://clob.polymarket.com/prices-history?market=100302307962576280901580094951908270799021793650089656054380477400042624745973&startTs=1772193600&endTs=1772265600&fidelity=1
NBA	2025-2026	NBA_20260227_CLE_DET	away	110506298691436073622016597859203357230954628690518673478012972229317735865916	https://clob.polymarket.com/prices-history?market=110506298691436073622016597859203357230954628690518673478012972229317735865916&startTs=1772193600&endTs=1772265600&fidelity=1
NBA	2025-2026	NBA_20260227_DEN_OKC	home	80733527800710944363886141911868517748137807225998893261323072005352734555244	https://clob.polymarket.com/prices-history?market=80733527800710944363886141911868517748137807225998893261323072005352734555244&startTs=1772202600&endTs=1772274600&fidelity=1
NBA	2025-2026	NBA_20260227_DEN_OKC	away	79581340497412547390639368744026969999045025067750303355188532916310622011099	https://clob.polymarket.com/prices-history?market=79581340497412547390639368744026969999045025067750303355188532916310622011099&startTs=1772202600&endTs=1772274600&fidelity=1
NBA	2025-2026	NBA_20260227_MEM_DAL	home	95443249269805037774128782675860827617404870292215355576373517154455876710375	https://clob.polymarket.com/prices-history?market=95443249269805037774128782675860827617404870292215355576373517154455876710375&startTs=1772199000&endTs=1772271000&fidelity=1
NBA	2025-2026	NBA_20260227_MEM_DAL	away	24473648492470644105697414001242796896346065131010971252387481489281716996731	https://clob.polymarket.com/prices-history?market=24473648492470644105697414001242796896346065131010971252387481489281716996731&startTs=1772199000&endTs=1772271000&fidelity=1
NBA	2025-2026	NBA_20260227_NYK_MIL	home	39414047397978796192803809711847089275253250487782873916592206339111918480100	https://clob.polymarket.com/prices-history?market=39414047397978796192803809711847089275253250487782873916592206339111918480100&startTs=1772197200&endTs=1772269200&fidelity=1
NBA	2025-2026	NBA_20260227_NYK_MIL	away	107390300231044474442526983813553759927050554175258850146457216187229973960651	https://clob.polymarket.com/prices-history?market=107390300231044474442526983813553759927050554175258850146457216187229973960651&startTs=1772197200&endTs=1772269200&fidelity=1
NBA	2025-2026	NBA_20260228_HOU_MIA	home	41274778145907756919787299520003371064794754627966072498304916625512104959042	https://clob.polymarket.com/prices-history?market=41274778145907756919787299520003371064794754627966072498304916625512104959042&startTs=1772267400&endTs=1772339400&fidelity=1
NBA	2025-2026	NBA_20260228_HOU_MIA	away	82297909384979125519654589141914943464614108339688586695577741342335994750456	https://clob.polymarket.com/prices-history?market=82297909384979125519654589141914943464614108339688586695577741342335994750456&startTs=1772267400&endTs=1772339400&fidelity=1
NBA	2025-2026	NBA_20260228_LAL_GSW	home	45709034195605886611307121223373680200896310775310342279739876327480486316208	https://clob.polymarket.com/prices-history?market=45709034195605886611307121223373680200896310775310342279739876327480486316208&startTs=1772285400&endTs=1772357400&fidelity=1
NBA	2025-2026	NBA_20260228_LAL_GSW	away	88804702385719712599205426079064256709933785937528898448876845964990642711131	https://clob.polymarket.com/prices-history?market=88804702385719712599205426079064256709933785937528898448876845964990642711131&startTs=1772285400&endTs=1772357400&fidelity=1
NBA	2025-2026	NBA_20260228_NOP_UTA	home	103938817447991110132219497034353008255626623916031173089340307908104944354264	https://clob.polymarket.com/prices-history?market=103938817447991110132219497034353008255626623916031173089340307908104944354264&startTs=1772289000&endTs=1772361000&fidelity=1
NBA	2025-2026	NBA_20260228_NOP_UTA	away	107362540753845337756737039080906490247126308099455391364206170928820890832796	https://clob.polymarket.com/prices-history?market=107362540753845337756737039080906490247126308099455391364206170928820890832796&startTs=1772289000&endTs=1772361000&fidelity=1
NBA	2025-2026	NBA_20260228_POR_CHA	home	100097610708741326060694005291911550735959280058328488058773676299536064835091	https://clob.polymarket.com/prices-history?market=100097610708741326060694005291911550735959280058328488058773676299536064835091&startTs=1772258400&endTs=1772330400&fidelity=1
NBA	2025-2026	NBA_20260228_POR_CHA	away	96867043765200721598671006850888982340304571053421830260011454280228463343818	https://clob.polymarket.com/prices-history?market=96867043765200721598671006850888982340304571053421830260011454280228463343818&startTs=1772258400&endTs=1772330400&fidelity=1
NBA	2025-2026	NBA_20260228_TOR_WAS	home	84123687439013506890336039492254062843445843146489870975655087208327711522329	https://clob.polymarket.com/prices-history?market=84123687439013506890336039492254062843445843146489870975655087208327711522329&startTs=1772280000&endTs=1772352000&fidelity=1
NBA	2025-2026	NBA_20260228_TOR_WAS	away	1486523287526159493781399880254579738106985856619322637270901767723909543344	https://clob.polymarket.com/prices-history?market=1486523287526159493781399880254579738106985856619322637270901767723909543344&startTs=1772280000&endTs=1772352000&fidelity=1
NBA	2025-2026	NBA_20260405_IND_CLE	home	82476525269778033545949288386360165120875150813615506999358390816075158311149	https://clob.polymarket.com/prices-history?market=82476525269778033545949288386360165120875150813615506999358390816075158311149&startTs=1775383200&endTs=1775455200&fidelity=1
NBA	2025-2026	NBA_20260405_IND_CLE	away	77199924509838189234669027901532071001014995273419710401647477262128587473852	https://clob.polymarket.com/prices-history?market=77199924509838189234669027901532071001014995273419710401647477262128587473852&startTs=1775383200&endTs=1775455200&fidelity=1
NBA	2025-2026	NBA_20260405_LAC_SAC	home	902025045069418341565061613489606358701550243257687271618558817756115848616	https://clob.polymarket.com/prices-history?market=902025045069418341565061613489606358701550243257687271618558817756115848616&startTs=1775394000&endTs=1775466000&fidelity=1
NBA	2025-2026	NBA_20260405_LAC_SAC	away	59640342560314799825633048436341234100511766867706150259476160351049559320358	https://clob.polymarket.com/prices-history?market=59640342560314799825633048436341234100511766867706150259476160351049559320358&startTs=1775394000&endTs=1775466000&fidelity=1
NBA	2025-2026	NBA_20260405_LAL_DAL	home	88781689919612615457794489604663989269791768567821240381229574767387930396406	https://clob.polymarket.com/prices-history?market=88781689919612615457794489604663989269791768567821240381229574767387930396406&startTs=1775388600&endTs=1775460600&fidelity=1
NBA	2025-2026	NBA_20260405_LAL_DAL	away	23566027596070359188577455339138457000440787264374026791253078062605877317532	https://clob.polymarket.com/prices-history?market=23566027596070359188577455339138457000440787264374026791253078062605877317532&startTs=1775388600&endTs=1775460600&fidelity=1
NBA	2025-2026	NBA_20260405_MEM_MIL	home	47741850162786734235183381895835165887770032348255858062532431358916006586232	https://clob.polymarket.com/prices-history?market=47741850162786734235183381895835165887770032348255858062532431358916006586232&startTs=1775374200&endTs=1775446200&fidelity=1
NBA	2025-2026	NBA_20260405_MEM_MIL	away	92201356555000343982649727096879981871919694872598486884862004394077623860998	https://clob.polymarket.com/prices-history?market=92201356555000343982649727096879981871919694872598486884862004394077623860998&startTs=1775374200&endTs=1775446200&fidelity=1
NBA	2025-2026	NBA_20260405_ORL_NOP	home	15533082335942023378418708005431526989805138217300587361940478993476710208717	https://clob.polymarket.com/prices-history?market=15533082335942023378418708005431526989805138217300587361940478993476710208717&startTs=1775386800&endTs=1775458800&fidelity=1
NBA	2025-2026	NBA_20260405_ORL_NOP	away	93721888789422473903533439611044296130460483048873266166134186865077966735350	https://clob.polymarket.com/prices-history?market=93721888789422473903533439611044296130460483048873266166134186865077966735350&startTs=1775386800&endTs=1775458800&fidelity=1
NBA	2025-2026	NBA_20260406_CLE_MEM	home	24269759971706120396307730572874502635509251612859256466384433977166047313141	https://clob.polymarket.com/prices-history?market=24269759971706120396307730572874502635509251612859256466384433977166047313141&startTs=1775476800&endTs=1775548800&fidelity=1
NBA	2025-2026	NBA_20260406_CLE_MEM	away	83474877724407764795045385111930968006033561473392289213302996298521208456982	https://clob.polymarket.com/prices-history?market=83474877724407764795045385111930968006033561473392289213302996298521208456982&startTs=1775476800&endTs=1775548800&fidelity=1
NBA	2025-2026	NBA_20260406_DET_ORL	home	78192918118823568762766654070040587751185495698193617347420912893297618622107	https://clob.polymarket.com/prices-history?market=78192918118823568762766654070040587751185495698193617347420912893297618622107&startTs=1775473200&endTs=1775545200&fidelity=1
NBA	2025-2026	NBA_20260406_DET_ORL	away	35250695177840428415629532824368045931339796582770632035536039827949704777039	https://clob.polymarket.com/prices-history?market=35250695177840428415629532824368045931339796582770632035536039827949704777039&startTs=1775473200&endTs=1775545200&fidelity=1
NBA	2025-2026	NBA_20260406_NYK_ATL	home	36679089852475180068609034434696999974301964958865747199044227417568503879927	https://clob.polymarket.com/prices-history?market=36679089852475180068609034434696999974301964958865747199044227417568503879927&startTs=1775473200&endTs=1775545200&fidelity=1
NBA	2025-2026	NBA_20260406_NYK_ATL	away	37936591852498967504876664399251950892415656776600978933905210353496147240272	https://clob.polymarket.com/prices-history?market=37936591852498967504876664399251950892415656776600978933905210353496147240272&startTs=1775473200&endTs=1775545200&fidelity=1
NBA	2025-2026	NBA_20260406_PHI_SAS	home	56385193835632805011009144402442178186467220273815737573991863083669702185718	https://clob.polymarket.com/prices-history?market=56385193835632805011009144402442178186467220273815737573991863083669702185718&startTs=1775476800&endTs=1775548800&fidelity=1
NBA	2025-2026	NBA_20260406_PHI_SAS	away	11339781574923475904375251731343622661659692715462842813962691511502629407576	https://clob.polymarket.com/prices-history?market=11339781574923475904375251731343622661659692715462842813962691511502629407576&startTs=1775476800&endTs=1775548800&fidelity=1
NBA	2025-2026	NBA_20260406_POR_DEN	home	88648954881639756666849898457598083337007027297210258859155264307134729673980	https://clob.polymarket.com/prices-history?market=88648954881639756666849898457598083337007027297210258859155264307134729673980&startTs=1775480400&endTs=1775552400&fidelity=1
NBA	2025-2026	NBA_20260406_POR_DEN	away	93260937684991252417534379287832708829032275296019948646399612763613169331545	https://clob.polymarket.com/prices-history?market=93260937684991252417534379287832708829032275296019948646399612763613169331545&startTs=1775480400&endTs=1775552400&fidelity=1
NBA	2025-2026	NBA_20260407_CHA_BOS	home	59493262177633586328928205127431803825414233308686428331260078875003526328766	https://clob.polymarket.com/prices-history?market=59493262177633586328928205127431803825414233308686428331260078875003526328766&startTs=1775563200&endTs=1775635200&fidelity=1
NBA	2025-2026	NBA_20260407_CHA_BOS	away	103084480568682256464998974091577212875755828751702375703047095450113945249659	https://clob.polymarket.com/prices-history?market=103084480568682256464998974091577212875755828751702375703047095450113945249659&startTs=1775563200&endTs=1775635200&fidelity=1
NBA	2025-2026	NBA_20260407_CHI_WAS	home	66408044937029144614444953955509203471509532922864637367772551298907368246229	https://clob.polymarket.com/prices-history?market=66408044937029144614444953955509203471509532922864637367772551298907368246229&startTs=1775559600&endTs=1775631600&fidelity=1
NBA	2025-2026	NBA_20260407_CHI_WAS	away	39878104317847736764244558515410374869747024687833110982332672088100260091465	https://clob.polymarket.com/prices-history?market=39878104317847736764244558515410374869747024687833110982332672088100260091465&startTs=1775559600&endTs=1775631600&fidelity=1
NBA	2025-2026	NBA_20260407_DAL_LAC	home	66811979406980227782364604372313045560325409953116449541761948879351694412089	https://clob.polymarket.com/prices-history?market=66811979406980227782364604372313045560325409953116449541761948879351694412089&startTs=1775572200&endTs=1775644200&fidelity=1
NBA	2025-2026	NBA_20260407_DAL_LAC	away	95569859512972943670395638110788968229911245261171404595127951061971167005972	https://clob.polymarket.com/prices-history?market=95569859512972943670395638110788968229911245261171404595127951061971167005972&startTs=1775572200&endTs=1775644200&fidelity=1
NBA	2025-2026	NBA_20260407_HOU_PHX	home	58043283259930267603301610868842635964256814773113503970131880741336519719079	https://clob.polymarket.com/prices-history?market=58043283259930267603301610868842635964256814773113503970131880741336519719079&startTs=1775574000&endTs=1775646000&fidelity=1
NBA	2025-2026	NBA_20260407_HOU_PHX	away	109493600539903440457522593648174019382989628141076875516660447368714330245913	https://clob.polymarket.com/prices-history?market=109493600539903440457522593648174019382989628141076875516660447368714330245913&startTs=1775574000&endTs=1775646000&fidelity=1
NBA	2025-2026	NBA_20260407_MIA_TOR	home	110701987295409675357649111927198221764427852275061780680459232271073222223674	https://clob.polymarket.com/prices-history?market=110701987295409675357649111927198221764427852275061780680459232271073222223674&startTs=1775561400&endTs=1775633400&fidelity=1
NBA	2025-2026	NBA_20260407_MIA_TOR	away	70871994213720722155234983087455102941965774280031864144243496246158733227078	https://clob.polymarket.com/prices-history?market=70871994213720722155234983087455102941965774280031864144243496246158733227078&startTs=1775561400&endTs=1775633400&fidelity=1
NBA	2025-2026	NBA_20260407_MIL_BKN	home	24075484028023309464832318293775939879498249291614665099119379908857537744994	https://clob.polymarket.com/prices-history?market=24075484028023309464832318293775939879498249291614665099119379908857537744994&startTs=1775561400&endTs=1775633400&fidelity=1
NBA	2025-2026	NBA_20260407_MIL_BKN	away	93072992077554393278405727794696069000725842181173500464232671377232327287819	https://clob.polymarket.com/prices-history?market=93072992077554393278405727794696069000725842181173500464232671377232327287819&startTs=1775561400&endTs=1775633400&fidelity=1
NBA	2025-2026	NBA_20260407_MIN_IND	home	102209872571136621994776319275684405848207723344667223375131304216730026373409	https://clob.polymarket.com/prices-history?market=102209872571136621994776319275684405848207723344667223375131304216730026373409&startTs=1775559600&endTs=1775631600&fidelity=1
NBA	2025-2026	NBA_20260407_MIN_IND	away	67001198723470928325024317997267482884145695729401441328875363513742499928133	https://clob.polymarket.com/prices-history?market=67001198723470928325024317997267482884145695729401441328875363513742499928133&startTs=1775559600&endTs=1775631600&fidelity=1
NBA	2025-2026	NBA_20260407_OKC_LAL	home	111726757334603814182390046883296764670940579510837431638588399743609803956294	https://clob.polymarket.com/prices-history?market=111726757334603814182390046883296764670940579510837431638588399743609803956294&startTs=1775572200&endTs=1775644200&fidelity=1
NBA	2025-2026	NBA_20260407_OKC_LAL	away	61459325400694149057278267910719159035133233059564577198792283109767099997103	https://clob.polymarket.com/prices-history?market=61459325400694149057278267910719159035133233059564577198792283109767099997103&startTs=1775572200&endTs=1775644200&fidelity=1
NBA	2025-2026	NBA_20260407_SAC_GSW	home	63064025373294160623876527573813377016639757026090642489604285078366136079539	https://clob.polymarket.com/prices-history?market=63064025373294160623876527573813377016639757026090642489604285078366136079539&startTs=1775570400&endTs=1775642400&fidelity=1
NBA	2025-2026	NBA_20260407_SAC_GSW	away	59752835629667723214379456718242496989464328146142245786342917923555167682766	https://clob.polymarket.com/prices-history?market=59752835629667723214379456718242496989464328146142245786342917923555167682766&startTs=1775570400&endTs=1775642400&fidelity=1
NBA	2025-2026	NBA_20260407_UTA_NOP	home	37037002675967782045158391765875672365959780312112067475756804793698379795814	https://clob.polymarket.com/prices-history?market=37037002675967782045158391765875672365959780312112067475756804793698379795814&startTs=1775563200&endTs=1775635200&fidelity=1
NBA	2025-2026	NBA_20260407_UTA_NOP	away	63518444358302103427687571956087517643372478671208155561659189627563708023989	https://clob.polymarket.com/prices-history?market=63518444358302103427687571956087517643372478671208155561659189627563708023989&startTs=1775563200&endTs=1775635200&fidelity=1
NBA	2025-2026	NBA_20260408_ATL_CLE	home	13542231717733023138094814143787821890295446092853794504258036926386032820100	https://clob.polymarket.com/prices-history?market=13542231717733023138094814143787821890295446092853794504258036926386032820100&startTs=1775646000&endTs=1775718000&fidelity=1
NBA	2025-2026	NBA_20260408_ATL_CLE	away	87153412725776865678436894832134918369465909418386747193147260163953160059622	https://clob.polymarket.com/prices-history?market=87153412725776865678436894832134918369465909418386747193147260163953160059622&startTs=1775646000&endTs=1775718000&fidelity=1
NBA	2025-2026	NBA_20260408_DAL_PHX	home	24329568841442649969439549537809623851722646137666259392375644000212364195785	https://clob.polymarket.com/prices-history?market=24329568841442649969439549537809623851722646137666259392375644000212364195785&startTs=1775656800&endTs=1775728800&fidelity=1
NBA	2025-2026	NBA_20260408_DAL_PHX	away	72170269487357606240819635880172395851717032762892196983031147740368402263632	https://clob.polymarket.com/prices-history?market=72170269487357606240819635880172395851717032762892196983031147740368402263632&startTs=1775656800&endTs=1775728800&fidelity=1
NBA	2025-2026	NBA_20260408_MEM_DEN	home	66375521906671118879664234022835556143977196344688745847209232032074522283510	https://clob.polymarket.com/prices-history?market=66375521906671118879664234022835556143977196344688745847209232032074522283510&startTs=1775653200&endTs=1775725200&fidelity=1
NBA	2025-2026	NBA_20260408_MEM_DEN	away	95907061626091542693313210475393050579036583294893817862361618387611561437254	https://clob.polymarket.com/prices-history?market=95907061626091542693313210475393050579036583294893817862361618387611561437254&startTs=1775653200&endTs=1775725200&fidelity=1
NBA	2025-2026	NBA_20260408_MIL_DET	home	20207248161509769401228793349123375810180496456446080145587839457373327503729	https://clob.polymarket.com/prices-history?market=20207248161509769401228793349123375810180496456446080145587839457373327503729&startTs=1775646000&endTs=1775718000&fidelity=1
NBA	2025-2026	NBA_20260408_MIL_DET	away	90327001696960554761905054219528356148360728633726113438692380274017278748927	https://clob.polymarket.com/prices-history?market=90327001696960554761905054219528356148360728633726113438692380274017278748927&startTs=1775646000&endTs=1775718000&fidelity=1
NBA	2025-2026	NBA_20260408_MIN_ORL	home	9213001199289032600476375692888468551012982184429350232585347601594417764501	https://clob.polymarket.com/prices-history?market=9213001199289032600476375692888468551012982184429350232585347601594417764501&startTs=1775646000&endTs=1775718000&fidelity=1
NBA	2025-2026	NBA_20260408_MIN_ORL	away	2551193277801890771142149229923868652259323669301035555792246669067940756946	https://clob.polymarket.com/prices-history?market=2551193277801890771142149229923868652259323669301035555792246669067940756946&startTs=1775646000&endTs=1775718000&fidelity=1
NBA	2025-2026	NBA_20260408_OKC_LAC	home	45966769085320742148494643482368245242288899309236171661387664252284716473709	https://clob.polymarket.com/prices-history?market=45966769085320742148494643482368245242288899309236171661387664252284716473709&startTs=1775656800&endTs=1775728800&fidelity=1
NBA	2025-2026	NBA_20260408_OKC_LAC	away	57671111904343297017035559331206968340219293155722507171442770347401653986711	https://clob.polymarket.com/prices-history?market=57671111904343297017035559331206968340219293155722507171442770347401653986711&startTs=1775656800&endTs=1775728800&fidelity=1
NBA	2025-2026	NBA_20260408_POR_SAS	home	65857307265337909409838935281770675258090608153093105272486565798110429744325	https://clob.polymarket.com/prices-history?market=65857307265337909409838935281770675258090608153093105272486565798110429744325&startTs=1775655000&endTs=1775727000&fidelity=1
NBA	2025-2026	NBA_20260408_POR_SAS	away	17442293791569302494771138739322429763385479019571459597461188457454521639201	https://clob.polymarket.com/prices-history?market=17442293791569302494771138739322429763385479019571459597461188457454521639201&startTs=1775655000&endTs=1775727000&fidelity=1
NBA	2025-2026	NBA_20260409_BOS_NYK	home	114899244034762314725145374616924156991726556731010069112830364242142101348051	https://clob.polymarket.com/prices-history?market=114899244034762314725145374616924156991726556731010069112830364242142101348051&startTs=1775734200&endTs=1775806200&fidelity=1
NBA	2025-2026	NBA_20260409_BOS_NYK	away	25946669941678183837816571264821521722930283358279904323956470333574941837672	https://clob.polymarket.com/prices-history?market=25946669941678183837816571264821521722930283358279904323956470333574941837672&startTs=1775734200&endTs=1775806200&fidelity=1
NBA	2025-2026	NBA_20260409_CHI_WAS	home	78108883873731751444585823432571874375565409313122849324303960320208551479629	https://clob.polymarket.com/prices-history?market=78108883873731751444585823432571874375565409313122849324303960320208551479629&startTs=1775732400&endTs=1775804400&fidelity=1
NBA	2025-2026	NBA_20260409_CHI_WAS	away	40603584547664761921909395349739403904321738822043017992948197051472379015626	https://clob.polymarket.com/prices-history?market=40603584547664761921909395349739403904321738822043017992948197051472379015626&startTs=1775732400&endTs=1775804400&fidelity=1
NBA	2025-2026	NBA_20260409_IND_BKN	home	75533750246992257522013257219499883680506746985989467252686761266233298739199	https://clob.polymarket.com/prices-history?market=75533750246992257522013257219499883680506746985989467252686761266233298739199&startTs=1775734200&endTs=1775806200&fidelity=1
NBA	2025-2026	NBA_20260409_IND_BKN	away	6460667114431731882055653182420728838553076575777805713340638474901223136490	https://clob.polymarket.com/prices-history?market=6460667114431731882055653182420728838553076575777805713340638474901223136490&startTs=1775734200&endTs=1775806200&fidelity=1
NBA	2025-2026	NBA_20260409_LAL_GSW	home	629141331311597132126203711296817444995587587145758909367475602375498987010	https://clob.polymarket.com/prices-history?market=629141331311597132126203711296817444995587587145758909367475602375498987010&startTs=1775743200&endTs=1775815200&fidelity=1
NBA	2025-2026	NBA_20260409_LAL_GSW	away	34286628775251176805881370367491338250001648754005636119077973863541416971569	https://clob.polymarket.com/prices-history?market=34286628775251176805881370367491338250001648754005636119077973863541416971569&startTs=1775743200&endTs=1775815200&fidelity=1
NBA	2025-2026	NBA_20260409_MIA_TOR	home	56684995951168725399816788934032659636752975650671046458864745059862659793150	https://clob.polymarket.com/prices-history?market=56684995951168725399816788934032659636752975650671046458864745059862659793150&startTs=1775732400&endTs=1775804400&fidelity=1
NBA	2025-2026	NBA_20260409_MIA_TOR	away	82506333760611483179732369193455560279149278232502962279546169055720542387779	https://clob.polymarket.com/prices-history?market=82506333760611483179732369193455560279149278232502962279546169055720542387779&startTs=1775732400&endTs=1775804400&fidelity=1
NBA	2025-2026	NBA_20260409_PHI_HOU	home	17927020716485535719228184697669454703225278861857387788507410782740807347754	https://clob.polymarket.com/prices-history?market=17927020716485535719228184697669454703225278861857387788507410782740807347754&startTs=1775736000&endTs=1775808000&fidelity=1
NBA	2025-2026	NBA_20260409_PHI_HOU	away	24998854368291630186613063050184632964942520829553802817893792795933596664191	https://clob.polymarket.com/prices-history?market=24998854368291630186613063050184632964942520829553802817893792795933596664191&startTs=1775736000&endTs=1775808000&fidelity=1
NBA	2025-2026	NBA_20260410_BKN_MIL	home	64654601345747034082763382289485304923630419972947696935150900684930336060387	https://clob.polymarket.com/prices-history?market=64654601345747034082763382289485304923630419972947696935150900684930336060387&startTs=1775822400&endTs=1775894400&fidelity=1
NBA	2025-2026	NBA_20260410_BKN_MIL	away	46246237960596345612120874683343989602660366811699735825861006476277908318532	https://clob.polymarket.com/prices-history?market=46246237960596345612120874683343989602660366811699735825861006476277908318532&startTs=1775822400&endTs=1775894400&fidelity=1
NBA	2025-2026	NBA_20260410_CLE_ATL	home	90297376002416577605890667177863588265465706105057352755960444016445820642836	https://clob.polymarket.com/prices-history?market=90297376002416577605890667177863588265465706105057352755960444016445820642836&startTs=1775818800&endTs=1775890800&fidelity=1
NBA	2025-2026	NBA_20260410_CLE_ATL	away	4790317851383126090313363926080791257285613311927423652860134856943555016366	https://clob.polymarket.com/prices-history?market=4790317851383126090313363926080791257285613311927423652860134856943555016366&startTs=1775818800&endTs=1775890800&fidelity=1
NBA	2025-2026	NBA_20260410_DAL_SAS	home	109864673236645244806110666274737644702913753337763212632655845359732614692306	https://clob.polymarket.com/prices-history?market=109864673236645244806110666274737644702913753337763212632655845359732614692306&startTs=1775822400&endTs=1775894400&fidelity=1
NBA	2025-2026	NBA_20260410_DAL_SAS	away	10361067162949142594203735779141316769999919144721263389314783183244755920451	https://clob.polymarket.com/prices-history?market=10361067162949142594203735779141316769999919144721263389314783183244755920451&startTs=1775822400&endTs=1775894400&fidelity=1
NBA	2025-2026	NBA_20260410_DET_CHA	home	76370269491062654602273969886548102756517643777592757330924632264791210610365	https://clob.polymarket.com/prices-history?market=76370269491062654602273969886548102756517643777592757330924632264791210610365&startTs=1775818800&endTs=1775890800&fidelity=1
NBA	2025-2026	NBA_20260410_DET_CHA	away	850750584142831575675388070403011896655662109632919022091378402616974480128	https://clob.polymarket.com/prices-history?market=850750584142831575675388070403011896655662109632919022091378402616974480128&startTs=1775818800&endTs=1775890800&fidelity=1
NBA	2025-2026	NBA_20260410_OKC_DEN	home	109024127569407483994653154191859332262858905496142888757502388329747218091337	https://clob.polymarket.com/prices-history?market=109024127569407483994653154191859332262858905496142888757502388329747218091337&startTs=1775826000&endTs=1775898000&fidelity=1
NBA	2025-2026	NBA_20260410_OKC_DEN	away	17789085610445574737736071841171346894908061476295263017474385142500848135260	https://clob.polymarket.com/prices-history?market=17789085610445574737736071841171346894908061476295263017474385142500848135260&startTs=1775826000&endTs=1775898000&fidelity=1
NBA	2025-2026	NBA_20260410_ORL_CHI	home	63778282506690083264433633556255205197418633854668503765264335938541581057134	https://clob.polymarket.com/prices-history?market=63778282506690083264433633556255205197418633854668503765264335938541581057134&startTs=1775822400&endTs=1775894400&fidelity=1
NBA	2025-2026	NBA_20260410_ORL_CHI	away	60574960030834318663312660416503150435589232537456279855632974703207278325728	https://clob.polymarket.com/prices-history?market=60574960030834318663312660416503150435589232537456279855632974703207278325728&startTs=1775822400&endTs=1775894400&fidelity=1
NBA	2025-2026	NBA_20260410_PHI_IND	home	2748951287594882683582416063844235163387700953972960498770651194243697468936	https://clob.polymarket.com/prices-history?market=2748951287594882683582416063844235163387700953972960498770651194243697468936&startTs=1775820600&endTs=1775892600&fidelity=1
NBA	2025-2026	NBA_20260410_PHI_IND	away	2039578355038301662906908450143479119514303372354946698136322739538276953048	https://clob.polymarket.com/prices-history?market=2039578355038301662906908450143479119514303372354946698136322739538276953048&startTs=1775820600&endTs=1775892600&fidelity=1
NBA	2025-2026	NBA_20260410_PHX_LAL	home	21687284370148189428412890878744580871821944416220116348609842231721830796769	https://clob.polymarket.com/prices-history?market=21687284370148189428412890878744580871821944416220116348609842231721830796769&startTs=1775831400&endTs=1775903400&fidelity=1
NBA	2025-2026	NBA_20260410_PHX_LAL	away	39138843209711661965847440886374729606157055204795496509733128917866998580791	https://clob.polymarket.com/prices-history?market=39138843209711661965847440886374729606157055204795496509733128917866998580791&startTs=1775831400&endTs=1775903400&fidelity=1
NBA	2025-2026	NBA_20260410_TOR_NYK	home	17656599916501659385210807128755267607450993110247497395163056059449800274510	https://clob.polymarket.com/prices-history?market=17656599916501659385210807128755267607450993110247497395163056059449800274510&startTs=1775820600&endTs=1775892600&fidelity=1
NBA	2025-2026	NBA_20260410_TOR_NYK	away	64310535822446504269445342679889722054591662509623154081782340025422337497714	https://clob.polymarket.com/prices-history?market=64310535822446504269445342679889722054591662509623154081782340025422337497714&startTs=1775820600&endTs=1775892600&fidelity=1
NBA	2025-2026	NBA_20260412_ATL_MIA	home	23104343211586625420756906394999380656149299882943286258184050279705083470915	https://clob.polymarket.com/prices-history?market=23104343211586625420756906394999380656149299882943286258184050279705083470915&startTs=1775988000&endTs=1776060000&fidelity=1
NBA	2025-2026	NBA_20260412_ATL_MIA	away	34087031329437662748803795824523827115506575691196764909302092550102326700167	https://clob.polymarket.com/prices-history?market=34087031329437662748803795824523827115506575691196764909302092550102326700167&startTs=1775988000&endTs=1776060000&fidelity=1
NBA	2025-2026	NBA_20260412_BKN_TOR	home	39020507640964150685322809446142828446922810707458847408318733877828799263551	https://clob.polymarket.com/prices-history?market=39020507640964150685322809446142828446922810707458847408318733877828799263551&startTs=1775988000&endTs=1776060000&fidelity=1
NBA	2025-2026	NBA_20260412_BKN_TOR	away	75293954905410393217950411390008414259436343059658504148469293259533203148043	https://clob.polymarket.com/prices-history?market=75293954905410393217950411390008414259436343059658504148469293259533203148043&startTs=1775988000&endTs=1776060000&fidelity=1
NBA	2025-2026	NBA_20260418_ATL_NYK	home	98267972976134222324792935024985054545908362226512649978132983128980427610600	https://clob.polymarket.com/prices-history?market=98267972976134222324792935024985054545908362226512649978132983128980427610600&startTs=1776506400&endTs=1776578400&fidelity=1
NBA	2025-2026	NBA_20260418_ATL_NYK	away	17221653526634631713542340088525342372585561796004831914246354179817667843372	https://clob.polymarket.com/prices-history?market=17221653526634631713542340088525342372585561796004831914246354179817667843372&startTs=1776506400&endTs=1776578400&fidelity=1
NBA	2025-2026	NBA_20260418_HOU_LAL	home	48821129411922030205570488861222488985923634925778304973221905773806454510743	https://clob.polymarket.com/prices-history?market=48821129411922030205570488861222488985923634925778304973221905773806454510743&startTs=1776515400&endTs=1776587400&fidelity=1
NBA	2025-2026	NBA_20260418_HOU_LAL	away	108398358257997575135953254321085742896461676929520608585685508063887968910985	https://clob.polymarket.com/prices-history?market=108398358257997575135953254321085742896461676929520608585685508063887968910985&startTs=1776515400&endTs=1776587400&fidelity=1
NBA	2025-2026	NBA_20260418_MIN_DEN	home	66690547649324163140175905845279856655045864927365165699322368973360811236644	https://clob.polymarket.com/prices-history?market=66690547649324163140175905845279856655045864927365165699322368973360811236644&startTs=1776497400&endTs=1776569400&fidelity=1
NBA	2025-2026	NBA_20260418_MIN_DEN	away	109051537640948643800134906113269803003597541933533806548865234860887610914081	https://clob.polymarket.com/prices-history?market=109051537640948643800134906113269803003597541933533806548865234860887610914081&startTs=1776497400&endTs=1776569400&fidelity=1
NBA	2025-2026	NBA_20260418_TOR_CLE	home	101707776312993433788247578166605474286576082916033807919279395386959077302104	https://clob.polymarket.com/prices-history?market=101707776312993433788247578166605474286576082916033807919279395386959077302104&startTs=1776488400&endTs=1776560400&fidelity=1
NBA	2025-2026	NBA_20260418_TOR_CLE	away	105258950184760667183270532698300577038854468209447726738073081448087675682025	https://clob.polymarket.com/prices-history?market=105258950184760667183270532698300577038854468209447726738073081448087675682025&startTs=1776488400&endTs=1776560400&fidelity=1
NBA	2025-2026	NBA_20260419_ORL_DET	home	3804642364664258692008203858103620068982874574913759475615151897503689960166	https://clob.polymarket.com/prices-history?market=3804642364664258692008203858103620068982874574913759475615151897503689960166&startTs=1776594600&endTs=1776666600&fidelity=1
NBA	2025-2026	NBA_20260419_ORL_DET	away	97804210893963020586687533468818827724707609516642272119083089513236590377033	https://clob.polymarket.com/prices-history?market=97804210893963020586687533468818827724707609516642272119083089513236590377033&startTs=1776594600&endTs=1776666600&fidelity=1
NBA	2025-2026	NBA_20260419_PHI_BOS	home	27694179934937641520955737212054310714870724646623004701091407471495415843173	https://clob.polymarket.com/prices-history?market=27694179934937641520955737212054310714870724646623004701091407471495415843173&startTs=1776574800&endTs=1776646800&fidelity=1
NBA	2025-2026	NBA_20260419_PHI_BOS	away	71981952080559873609933455968840048228553307763112397000556250823754593568423	https://clob.polymarket.com/prices-history?market=71981952080559873609933455968840048228553307763112397000556250823754593568423&startTs=1776574800&endTs=1776646800&fidelity=1
NBA	2025-2026	NBA_20260419_PHX_OKC	home	66931626958926781533842735173486781451740310165863421019958725879786047419397	https://clob.polymarket.com/prices-history?market=66931626958926781533842735173486781451740310165863421019958725879786047419397&startTs=1776583800&endTs=1776655800&fidelity=1
NBA	2025-2026	NBA_20260419_PHX_OKC	away	98110572335338289016259851337973802016239299260433282534216285048861321081308	https://clob.polymarket.com/prices-history?market=98110572335338289016259851337973802016239299260433282534216285048861321081308&startTs=1776583800&endTs=1776655800&fidelity=1
NBA	2025-2026	NBA_20260419_POR_SAS	home	58299130531291940767552513337848144505773172687090319221176870584542463670549	https://clob.polymarket.com/prices-history?market=58299130531291940767552513337848144505773172687090319221176870584542463670549&startTs=1776603600&endTs=1776675600&fidelity=1
NBA	2025-2026	NBA_20260419_POR_SAS	away	28395635226798939482790503894511470575436390284461313956506000763209017472057	https://clob.polymarket.com/prices-history?market=28395635226798939482790503894511470575436390284461313956506000763209017472057&startTs=1776603600&endTs=1776675600&fidelity=1
NBA	2025-2026	NBA_20260420_ATL_NYK	home	15408696681072450048579926067953913307394317666748243708525925434002891859613	https://clob.polymarket.com/prices-history?market=15408696681072450048579926067953913307394317666748243708525925434002891859613&startTs=1776686400&endTs=1776758400&fidelity=1
NBA	2025-2026	NBA_20260420_ATL_NYK	away	72595420866470898195484478929890439935132887929614199696804680696876953647029	https://clob.polymarket.com/prices-history?market=72595420866470898195484478929890439935132887929614199696804680696876953647029&startTs=1776686400&endTs=1776758400&fidelity=1
NBA	2025-2026	NBA_20260420_MIN_DEN	home	77985259937045308793816579916638590572189987943927681873921893711796592307973	https://clob.polymarket.com/prices-history?market=77985259937045308793816579916638590572189987943927681873921893711796592307973&startTs=1776695400&endTs=1776767400&fidelity=1
NBA	2025-2026	NBA_20260420_MIN_DEN	away	101049751548410708430293002292169561720588907594020452919685141368802218026926	https://clob.polymarket.com/prices-history?market=101049751548410708430293002292169561720588907594020452919685141368802218026926&startTs=1776695400&endTs=1776767400&fidelity=1
NBA	2025-2026	NBA_20260420_TOR_CLE	home	91471666705230345078061017574966430664965792586647040080155282554963550319087	https://clob.polymarket.com/prices-history?market=91471666705230345078061017574966430664965792586647040080155282554963550319087&startTs=1776682800&endTs=1776754800&fidelity=1
NBA	2025-2026	NBA_20260420_TOR_CLE	away	15143057765985345556158622307105840346478808940661655218961964526332665036738	https://clob.polymarket.com/prices-history?market=15143057765985345556158622307105840346478808940661655218961964526332665036738&startTs=1776682800&endTs=1776754800&fidelity=1
NBA	2025-2026	NBA_20260421_HOU_LAL	home	45949080565643676028230495363401189884973675894037073023779613649229440981535	https://clob.polymarket.com/prices-history?market=45949080565643676028230495363401189884973675894037073023779613649229440981535&startTs=1776781800&endTs=1776853800&fidelity=1
NBA	2025-2026	NBA_20260421_HOU_LAL	away	1085310679959577834629905872167609894989809542716168749768240119209698690157	https://clob.polymarket.com/prices-history?market=1085310679959577834629905872167609894989809542716168749768240119209698690157&startTs=1776781800&endTs=1776853800&fidelity=1
NBA	2025-2026	NBA_20260421_PHI_BOS	home	98122994775741225498657013696157283373079444264276714364299129682869750969478	https://clob.polymarket.com/prices-history?market=98122994775741225498657013696157283373079444264276714364299129682869750969478&startTs=1776769200&endTs=1776841200&fidelity=1
NBA	2025-2026	NBA_20260421_PHI_BOS	away	91638680453140173393541784795095330567037004101599542555782794556895232663410	https://clob.polymarket.com/prices-history?market=91638680453140173393541784795095330567037004101599542555782794556895232663410&startTs=1776769200&endTs=1776841200&fidelity=1
NBA	2025-2026	NBA_20260421_POR_SAS	home	51624968071862988156613949776866798451717346851979110364161590066611593308533	https://clob.polymarket.com/prices-history?market=51624968071862988156613949776866798451717346851979110364161590066611593308533&startTs=1776772800&endTs=1776844800&fidelity=1
NBA	2025-2026	NBA_20260421_POR_SAS	away	13915055435514613243852168138681461859212910618780770510822006415287098023903	https://clob.polymarket.com/prices-history?market=13915055435514613243852168138681461859212910618780770510822006415287098023903&startTs=1776772800&endTs=1776844800&fidelity=1
NBA	2025-2026	NBA_20260422_ORL_DET	home	71430586742437853280028738964446262754982878567662934423557217499415476578629	https://clob.polymarket.com/prices-history?market=71430586742437853280028738964446262754982878567662934423557217499415476578629&startTs=1776855600&endTs=1776927600&fidelity=1
NBA	2025-2026	NBA_20260422_ORL_DET	away	59418831337376891710233638567616024233546127823202746547149782307301327249117	https://clob.polymarket.com/prices-history?market=59418831337376891710233638567616024233546127823202746547149782307301327249117&startTs=1776855600&endTs=1776927600&fidelity=1
NBA	2025-2026	NBA_20260422_PHX_OKC	home	28005153828654920128085880371664285797494691659131839762220310297656589209075	https://clob.polymarket.com/prices-history?market=28005153828654920128085880371664285797494691659131839762220310297656589209075&startTs=1776864600&endTs=1776936600&fidelity=1
NBA	2025-2026	NBA_20260422_PHX_OKC	away	81097479775162715196637378793566627239866006005224332789549325479718903885768	https://clob.polymarket.com/prices-history?market=81097479775162715196637378793566627239866006005224332789549325479718903885768&startTs=1776864600&endTs=1776936600&fidelity=1
NBA	2025-2026	NBA_20260423_CLE_TOR	home	62346232475274108555301820390970040356502087762313878214484656726921973247989	https://clob.polymarket.com/prices-history?market=62346232475274108555301820390970040356502087762313878214484656726921973247989&startTs=1776945600&endTs=1777017600&fidelity=1
NBA	2025-2026	NBA_20260423_CLE_TOR	away	25230274555184539481141006588566188470862733073231896983915544817773662870574	https://clob.polymarket.com/prices-history?market=25230274555184539481141006588566188470862733073231896983915544817773662870574&startTs=1776945600&endTs=1777017600&fidelity=1
NBA	2025-2026	NBA_20260423_DEN_MIN	home	39702598758933400781508763730883652639662767947497220910585474709790299716683	https://clob.polymarket.com/prices-history?market=39702598758933400781508763730883652639662767947497220910585474709790299716683&startTs=1776951000&endTs=1777023000&fidelity=1
NBA	2025-2026	NBA_20260423_DEN_MIN	away	57106528408617960712661120298989744533630001901536908029350473621909037914989	https://clob.polymarket.com/prices-history?market=57106528408617960712661120298989744533630001901536908029350473621909037914989&startTs=1776951000&endTs=1777023000&fidelity=1
NBA	2025-2026	NBA_20260423_NYK_ATL	home	90438592049517729732515962678966587367898182525143187010258898141614376128495	https://clob.polymarket.com/prices-history?market=90438592049517729732515962678966587367898182525143187010258898141614376128495&startTs=1776942000&endTs=1777014000&fidelity=1
NBA	2025-2026	NBA_20260423_NYK_ATL	away	92430469735954963360049025962310229515467044409334320200786108488083599918032	https://clob.polymarket.com/prices-history?market=92430469735954963360049025962310229515467044409334320200786108488083599918032&startTs=1776942000&endTs=1777014000&fidelity=1
NBA	2025-2026	NBA_20260424_BOS_PHI	home	107426394186507510281419310019623119001035029751749644231789469527079202679341	https://clob.polymarket.com/prices-history?market=107426394186507510281419310019623119001035029751749644231789469527079202679341&startTs=1777028400&endTs=1777100400&fidelity=1
NBA	2025-2026	NBA_20260424_BOS_PHI	away	100883357656088384517682907171678839974075229168952946705025449619552662877415	https://clob.polymarket.com/prices-history?market=100883357656088384517682907171678839974075229168952946705025449619552662877415&startTs=1777028400&endTs=1777100400&fidelity=1
NBA	2025-2026	NBA_20260424_LAL_HOU	home	107793600296183640087234882966799319361195949492981078991430273990508566137204	https://clob.polymarket.com/prices-history?market=107793600296183640087234882966799319361195949492981078991430273990508566137204&startTs=1777032000&endTs=1777104000&fidelity=1
NBA	2025-2026	NBA_20260424_LAL_HOU	away	80723115786902560093562209850109820656482936758561314212132210830217888670020	https://clob.polymarket.com/prices-history?market=80723115786902560093562209850109820656482936758561314212132210830217888670020&startTs=1777032000&endTs=1777104000&fidelity=1
NBA	2025-2026	NBA_20260424_SAS_POR	home	58244037264252653320423561378263915652181344429933003512810569208181649730033	https://clob.polymarket.com/prices-history?market=58244037264252653320423561378263915652181344429933003512810569208181649730033&startTs=1777041000&endTs=1777113000&fidelity=1
NBA	2025-2026	NBA_20260424_SAS_POR	away	80595383556747191056685517249484911594054805456646685919366567396670689733382	https://clob.polymarket.com/prices-history?market=80595383556747191056685517249484911594054805456646685919366567396670689733382&startTs=1777041000&endTs=1777113000&fidelity=1
NBA	2025-2026	NBA_20260425_DEN_MIN	home	53638649611861071150652750089266089442369496267703885492609301019390839453186	https://clob.polymarket.com/prices-history?market=53638649611861071150652750089266089442369496267703885492609301019390839453186&startTs=1777120200&endTs=1777192200&fidelity=1
NBA	2025-2026	NBA_20260425_DEN_MIN	away	53697835971855645704437313930693601479955805641531514952659498985321347379532	https://clob.polymarket.com/prices-history?market=53697835971855645704437313930693601479955805641531514952659498985321347379532&startTs=1777120200&endTs=1777192200&fidelity=1
NBA	2025-2026	NBA_20260425_DET_ORL	home	34871482851227568647528826034790182517002719140164592041915101405283982518715	https://clob.polymarket.com/prices-history?market=34871482851227568647528826034790182517002719140164592041915101405283982518715&startTs=1777093200&endTs=1777165200&fidelity=1
NBA	2025-2026	NBA_20260425_DET_ORL	away	12260649530432333704806527797589779980957137593540401776453219676007564588250	https://clob.polymarket.com/prices-history?market=12260649530432333704806527797589779980957137593540401776453219676007564588250&startTs=1777093200&endTs=1777165200&fidelity=1
NBA	2025-2026	NBA_20260425_NYK_ATL	home	40102072677471434849465332527231563247149506199222149257666908247058221304738	https://clob.polymarket.com/prices-history?market=40102072677471434849465332527231563247149506199222149257666908247058221304738&startTs=1777111200&endTs=1777183200&fidelity=1
NBA	2025-2026	NBA_20260425_NYK_ATL	away	44991324596525075439012612019518635320653905608020534178986690337400886983700	https://clob.polymarket.com/prices-history?market=44991324596525075439012612019518635320653905608020534178986690337400886983700&startTs=1777111200&endTs=1777183200&fidelity=1
