scenario_id,admitted,rejected,skipped,unresolved,net_pnl_cents,ending_equity_cents,max_open,mean_net_cents_per_contract,test_id,population_id,run_id,sport,reported_figure,monte_carlo_se_cents
REF,6,0,0,0,-5156,1994844,1,-0.5587342869527525,APR_2025,PRIMARY_EX_ANTE_FIRST78,audit_repair_20260926T090447Z,ALL,,
ENTRY_1,6,0,0,0,-14106,1985894,1,-1.5487483530961785,APR_2025,PRIMARY_EX_ANTE_FIRST78,audit_repair_20260926T090447Z,ALL,,
ENTRY_2,6,0,0,0,-22844,1977156,1,-2.5382222222222226,APR_2025,PRIMARY_EX_ANTE_FIRST78,audit_repair_20260926T090447Z,ALL,,
EXIT_1,6,0,0,0,-11340,1988660,1,-1.2288686605981798,APR_2025,PRIMARY_EX_ANTE_FIRST78,audit_repair_20260926T090447Z,ALL,,
EXIT_2,6,0,0,0,-17528,1982472,1,-1.8994364976159517,APR_2025,PRIMARY_EX_ANTE_FIRST78,audit_repair_20260926T090447Z,ALL,,
JOINT_1,6,0,0,0,-20214,1979786,1,-2.219367588932806,APR_2025,PRIMARY_EX_ANTE_FIRST78,audit_repair_20260926T090447Z,ALL,,
JOINT_2,6,0,0,0,-34912,1965088,1,-3.8791111111111114,APR_2025,PRIMARY_EX_ANTE_FIRST78,audit_repair_20260926T090447Z,ALL,,
FEE_007,6,0,0,0,-20612,1979388,1,-2.2336367576939744,APR_2025,PRIMARY_EX_ANTE_FIRST78,audit_repair_20260926T090447Z,ALL,,
JOINT_2_FEE_007,6,0,0,0,-49636,1950364,1,-5.5151111111111115,APR_2025,PRIMARY_EX_ANTE_FIRST78,audit_repair_20260926T090447Z,ALL,,
CASH_DELAY_15,6,0,0,0,-5156,1994844,1,-0.5587342869527525,APR_2025,PRIMARY_EX_ANTE_FIRST78,audit_repair_20260926T090447Z,ALL,,
CASH_DELAY_60,6,0,0,0,-5156,1994844,1,-0.5587342869527525,APR_2025,PRIMARY_EX_ANTE_FIRST78,audit_repair_20260926T090447Z,ALL,,
STOP_FAIL_1,,,,,-8571,,,,APR_2025,PRIMARY_EX_ANTE_FIRST78,audit_repair_20260926T090447Z,ALL,MEAN_OF_30_BERNOULLI_PATHS,3415.0
STOP_FAIL_5,,,,,-11978,,,,APR_2025,PRIMARY_EX_ANTE_FIRST78,audit_repair_20260926T090447Z,ALL,MEAN_OF_30_BERNOULLI_PATHS,6375.744123049902
LATENCY_60,6,0,0,0,-2464,1997536,1,-0.22627492620251402,APR_2025,PRIMARY_EX_ANTE_FIRST78,audit_repair_20260926T090447Z,ALL,,
LATENCY_120,6,0,0,0,-760,1999240,1,0.1044181559869007,APR_2025,PRIMARY_EX_ANTE_FIRST78,audit_repair_20260926T090447Z,ALL,,
