local_day,realized_equity_cents,account_return,test_id,scenario_id,population_id,run_id,sport
2025-11-01,2033374,0.016686999999999896,LEGACY_936,REF,LEGACY_FIRST80_CONDITIONED_936,audit_repair_20260926T090447Z,ALL
2025-11-02,2166870,0.06565245744265447,LEGACY_936,REF,LEGACY_FIRST80_CONDITIONED_936,audit_repair_20260926T090447Z,ALL
2025-11-03,2182268,0.007106102350394883,LEGACY_936,REF,LEGACY_FIRST80_CONDITIONED_936,audit_repair_20260926T090447Z,ALL
2025-11-04,2282390,0.04587979111639817,LEGACY_936,REF,LEGACY_FIRST80_CONDITIONED_936,audit_repair_20260926T090447Z,ALL
2025-11-05,2299959,0.007697632744622984,LEGACY_936,REF,LEGACY_FIRST80_CONDITIONED_936,audit_repair_20260926T090447Z,ALL
2025-11-06,2338041,0.016557686463106513,LEGACY_936,REF,LEGACY_FIRST80_CONDITIONED_936,audit_repair_20260926T090447Z,ALL
2025-11-07,2373179,0.01502882113701176,LEGACY_936,REF,LEGACY_FIRST80_CONDITIONED_936,audit_repair_20260926T090447Z,ALL
2025-11-08,2348928,-0.010218782485434064,LEGACY_936,REF,LEGACY_FIRST80_CONDITIONED_936,audit_repair_20260926T090447Z,ALL
2025-11-09,2467602,0.050522621383030986,LEGACY_936,REF,LEGACY_FIRST80_CONDITIONED_936,audit_repair_20260926T090447Z,ALL
2025-11-10,2485853,0.007396249476212091,LEGACY_936,REF,LEGACY_FIRST80_CONDITIONED_936,audit_repair_20260926T090447Z,ALL
2025-11-11,2583220,0.03916844640451389,LEGACY_936,REF,LEGACY_FIRST80_CONDITIONED_936,audit_repair_20260926T090447Z,ALL
2025-11-12,2732465,0.057774792700582944,LEGACY_936,REF,LEGACY_FIRST80_CONDITIONED_936,audit_repair_20260926T090447Z,ALL
2025-11-13,2818699,0.03155905016166716,LEGACY_936,REF,LEGACY_FIRST80_CONDITIONED_936,audit_repair_20260926T090447Z,ALL
2025-11-14,2749030,-0.024716722147345327,LEGACY_936,REF,LEGACY_FIRST80_CONDITIONED_936,audit_repair_20260926T090447Z,ALL
2025-11-15,2861942,0.04107339679814337,LEGACY_936,REF,LEGACY_FIRST80_CONDITIONED_936,audit_repair_20260926T090447Z,ALL
2025-11-16,2858401,-0.0012372717546337286,LEGACY_936,REF,LEGACY_FIRST80_CONDITIONED_936,audit_repair_20260926T090447Z,ALL
2025-11-17,2833694,-0.008643643771465204,LEGACY_936,REF,LEGACY_FIRST80_CONDITIONED_936,audit_repair_20260926T090447Z,ALL
2025-11-18,2902512,0.024285614466487804,LEGACY_936,REF,LEGACY_FIRST80_CONDITIONED_936,audit_repair_20260926T090447Z,ALL
2025-11-19,2873166,-0.01011055251451154,LEGACY_936,REF,LEGACY_FIRST80_CONDITIONED_936,audit_repair_20260926T090447Z,ALL
2025-11-20,2990456,0.04082256298452647,LEGACY_936,REF,LEGACY_FIRST80_CONDITIONED_936,audit_repair_20260926T090447Z,ALL
2025-11-21,3010444,0.0066839304774923836,LEGACY_936,REF,LEGACY_FIRST80_CONDITIONED_936,audit_repair_20260926T090447Z,ALL
2025-11-22,3059919,0.01643445285811662,LEGACY_936,REF,LEGACY_FIRST80_CONDITIONED_936,audit_repair_20260926T090447Z,ALL
2025-11-23,3029450,-0.009957453122125148,LEGACY_936,REF,LEGACY_FIRST80_CONDITIONED_936,audit_repair_20260926T090447Z,ALL
2025-11-24,3152485,0.04061298255458912,LEGACY_936,REF,LEGACY_FIRST80_CONDITIONED_936,audit_repair_20260926T090447Z,ALL
2025-11-25,3202589,0.015893493545568127,LEGACY_936,REF,LEGACY_FIRST80_CONDITIONED_936,audit_repair_20260926T090447Z,ALL
2025-11-26,3171732,-0.009635017168921789,LEGACY_936,REF,LEGACY_FIRST80_CONDITIONED_936,audit_repair_20260926T090447Z,ALL
2025-11-27,3144745,-0.008508600348327011,LEGACY_936,REF,LEGACY_FIRST80_CONDITIONED_936,audit_repair_20260926T090447Z,ALL
2025-11-28,3057685,-0.02768427964747544,LEGACY_936,REF,LEGACY_FIRST80_CONDITIONED_936,audit_repair_20260926T090447Z,ALL
2025-11-29,3161755,0.03403555304094441,LEGACY_936,REF,LEGACY_FIRST80_CONDITIONED_936,audit_repair_20260926T090447Z,ALL
2025-11-30,3105701,-0.017728761399918747,LEGACY_936,REF,LEGACY_FIRST80_CONDITIONED_936,audit_repair_20260926T090447Z,ALL
2025-12-01,3157736,0.01675467148962495,LEGACY_936,REF,LEGACY_FIRST80_CONDITIONED_936,audit_repair_20260926T090447Z,ALL
2025-12-02,3202304,0.014113909459182228,LEGACY_936,REF,LEGACY_FIRST80_CONDITIONED_936,audit_repair_20260926T090447Z,ALL
2025-12-03,3544846,0.10696735850187866,LEGACY_936,REF,LEGACY_FIRST80_CONDITIONED_936,audit_repair_20260926T090447Z,ALL
2025-12-04,3544846,0.0,LEGACY_936,REF,LEGACY_FIRST80_CONDITIONED_936,audit_repair_20260926T090447Z,ALL
2025-12-05,3591083,0.013043443918297148,LEGACY_936,REF,LEGACY_FIRST80_CONDITIONED_936,audit_repair_20260926T090447Z,ALL
2025-12-06,3823443,0.06470471442737469,LEGACY_936,REF,LEGACY_FIRST80_CONDITIONED_936,audit_repair_20260926T090447Z,ALL
2025-12-07,3787672,-0.009355703746597,LEGACY_936,REF,LEGACY_FIRST80_CONDITIONED_936,audit_repair_20260926T090447Z,ALL
2025-12-08,3787672,0.0,LEGACY_936,REF,LEGACY_FIRST80_CONDITIONED_936,audit_repair_20260926T090447Z,ALL
2025-12-09,3816837,0.007699980357327663,LEGACY_936,REF,LEGACY_FIRST80_CONDITIONED_936,audit_repair_20260926T090447Z,ALL
2025-12-10,3880048,0.016561094958993605,LEGACY_936,REF,LEGACY_FIRST80_CONDITIONED_936,audit_repair_20260926T090447Z,ALL
2025-12-11,3880048,0.0,LEGACY_936,REF,LEGACY_FIRST80_CONDITIONED_936,audit_repair_20260926T090447Z,ALL
2025-12-12,3807075,-0.018807241559898213,LEGACY_936,REF,LEGACY_FIRST80_CONDITIONED_936,audit_repair_20260926T090447Z,ALL
2025-12-13,3762960,-0.011587636177380234,LEGACY_936,REF,LEGACY_FIRST80_CONDITIONED_936,audit_repair_20260926T090447Z,ALL
2025-12-14,3724529,-0.010212970640134378,LEGACY_936,REF,LEGACY_FIRST80_CONDITIONED_936,audit_repair_20260926T090447Z,ALL
2025-12-15,3786937,0.016755944174417836,LEGACY_936,REF,LEGACY_FIRST80_CONDITIONED_936,audit_repair_20260926T090447Z,ALL
2025-12-16,3786937,0.0,LEGACY_936,REF,LEGACY_FIRST80_CONDITIONED_936,audit_repair_20260926T090447Z,ALL
2025-12-17,3752891,-0.008990379295985118,LEGACY_936,REF,LEGACY_FIRST80_CONDITIONED_936,audit_repair_20260926T090447Z,ALL
2025-12-18,3777175,0.006470744820459728,LEGACY_936,REF,LEGACY_FIRST80_CONDITIONED_936,audit_repair_20260926T090447Z,ALL
2025-12-19,3777175,0.0,LEGACY_936,REF,LEGACY_FIRST80_CONDITIONED_936,audit_repair_20260926T090447Z,ALL
2025-12-20,3963048,0.04920952828502778,LEGACY_936,REF,LEGACY_FIRST80_CONDITIONED_936,audit_repair_20260926T090447Z,ALL
2025-12-21,3957979,-0.0012790660118171537,LEGACY_936,REF,LEGACY_FIRST80_CONDITIONED_936,audit_repair_20260926T090447Z,ALL
2025-12-22,3887269,-0.01786517816289579,LEGACY_936,REF,LEGACY_FIRST80_CONDITIONED_936,audit_repair_20260926T090447Z,ALL
2025-12-23,3944163,0.01463598222814011,LEGACY_936,REF,LEGACY_FIRST80_CONDITIONED_936,audit_repair_20260926T090447Z,ALL
2025-12-24,3944163,0.0,LEGACY_936,REF,LEGACY_FIRST80_CONDITIONED_936,audit_repair_20260926T090447Z,ALL
2025-12-25,3973258,0.00737672352790697,LEGACY_936,REF,LEGACY_FIRST80_CONDITIONED_936,audit_repair_20260926T090447Z,ALL
2025-12-26,4197367,0.056404341223248,LEGACY_936,REF,LEGACY_FIRST80_CONDITIONED_936,audit_repair_20260926T090447Z,ALL
2025-12-27,4223835,0.00630585793427163,LEGACY_936,REF,LEGACY_FIRST80_CONDITIONED_936,audit_repair_20260926T090447Z,ALL
2025-12-28,4255623,0.0075258621608087495,LEGACY_936,REF,LEGACY_FIRST80_CONDITIONED_936,audit_repair_20260926T090447Z,ALL
2025-12-29,4317773,0.014604207186585949,LEGACY_936,REF,LEGACY_FIRST80_CONDITIONED_936,audit_repair_20260926T090447Z,ALL
2025-12-30,4279239,-0.00892450807395384,LEGACY_936,REF,LEGACY_FIRST80_CONDITIONED_936,audit_repair_20260926T090447Z,ALL
2025-12-31,4383791,0.024432381551953597,LEGACY_936,REF,LEGACY_FIRST80_CONDITIONED_936,audit_repair_20260926T090447Z,ALL
2026-01-01,4526877,0.03263978597519812,LEGACY_936,REF,LEGACY_FIRST80_CONDITIONED_936,audit_repair_20260926T090447Z,ALL
2026-01-02,4627982,0.022334381959129956,LEGACY_936,REF,LEGACY_FIRST80_CONDITIONED_936,audit_repair_20260926T090447Z,ALL
2026-01-03,4799328,0.037023912366124234,LEGACY_936,REF,LEGACY_FIRST80_CONDITIONED_936,audit_repair_20260926T090447Z,ALL
2026-01-04,4834831,0.007397493982490788,LEGACY_936,REF,LEGACY_FIRST80_CONDITIONED_936,audit_repair_20260926T090447Z,ALL
2026-01-05,4828890,-0.0012287916578677116,LEGACY_936,REF,LEGACY_FIRST80_CONDITIONED_936,audit_repair_20260926T090447Z,ALL
2026-01-06,4816781,-0.002507615621809567,LEGACY_936,REF,LEGACY_FIRST80_CONDITIONED_936,audit_repair_20260926T090447Z,ALL
2026-01-07,4964197,0.03060467146004764,LEGACY_936,REF,LEGACY_FIRST80_CONDITIONED_936,audit_repair_20260926T090447Z,ALL
2026-01-08,5200570,0.04761555594993516,LEGACY_936,REF,LEGACY_FIRST80_CONDITIONED_936,audit_repair_20260926T090447Z,ALL
2026-01-09,5105732,-0.018236077968376563,LEGACY_936,REF,LEGACY_FIRST80_CONDITIONED_936,audit_repair_20260926T090447Z,ALL
2026-01-10,5430831,0.06367333812272169,LEGACY_936,REF,LEGACY_FIRST80_CONDITIONED_936,audit_repair_20260926T090447Z,ALL
2026-01-11,5377234,-0.009869023727676285,LEGACY_936,REF,LEGACY_FIRST80_CONDITIONED_936,audit_repair_20260926T090447Z,ALL
2026-01-12,5283478,-0.017435729968232727,LEGACY_936,REF,LEGACY_FIRST80_CONDITIONED_936,audit_repair_20260926T090447Z,ALL
2026-01-13,5581919,0.0564857088455748,LEGACY_936,REF,LEGACY_FIRST80_CONDITIONED_936,audit_repair_20260926T090447Z,ALL
2026-01-14,5608734,0.004803903460440795,LEGACY_936,REF,LEGACY_FIRST80_CONDITIONED_936,audit_repair_20260926T090447Z,ALL
2026-01-15,5685838,0.013747130814190767,LEGACY_936,REF,LEGACY_FIRST80_CONDITIONED_936,audit_repair_20260926T090447Z,ALL
2026-01-16,5678500,-0.0012905749337213113,LEGACY_936,REF,LEGACY_FIRST80_CONDITIONED_936,audit_repair_20260926T090447Z,ALL
2026-01-17,6140323,0.08132834375275166,LEGACY_936,REF,LEGACY_FIRST80_CONDITIONED_936,audit_repair_20260926T090447Z,ALL
2026-01-18,6436198,0.04818557590537176,LEGACY_936,REF,LEGACY_FIRST80_CONDITIONED_936,audit_repair_20260926T090447Z,ALL
2026-01-19,6485758,0.0077001981604667424,LEGACY_936,REF,LEGACY_FIRST80_CONDITIONED_936,audit_repair_20260926T090447Z,ALL
2026-01-20,6674980,0.02917500159580433,LEGACY_936,REF,LEGACY_FIRST80_CONDITIONED_936,audit_repair_20260926T090447Z,ALL
2026-01-21,6725160,0.007517625520975235,LEGACY_936,REF,LEGACY_FIRST80_CONDITIONED_936,audit_repair_20260926T090447Z,ALL
2026-01-22,6992856,0.03980514961725823,LEGACY_936,REF,LEGACY_FIRST80_CONDITIONED_936,audit_repair_20260926T090447Z,ALL
2026-01-23,7041090,0.006897610933215281,LEGACY_936,REF,LEGACY_FIRST80_CONDITIONED_936,audit_repair_20260926T090447Z,ALL
2026-01-24,7307776,0.03787566981816726,LEGACY_936,REF,LEGACY_FIRST80_CONDITIONED_936,audit_repair_20260926T090447Z,ALL
2026-01-25,7307776,0.0,LEGACY_936,REF,LEGACY_FIRST80_CONDITIONED_936,audit_repair_20260926T090447Z,ALL
2026-01-26,7418670,0.01517479462972049,LEGACY_936,REF,LEGACY_FIRST80_CONDITIONED_936,audit_repair_20260926T090447Z,ALL
2026-01-27,7223689,-0.026282473812691443,LEGACY_936,REF,LEGACY_FIRST80_CONDITIONED_936,audit_repair_20260926T090447Z,ALL
2026-01-28,7569915,0.047929250553283786,LEGACY_936,REF,LEGACY_FIRST80_CONDITIONED_936,audit_repair_20260926T090447Z,ALL
2026-01-29,7939231,0.048787337770635375,LEGACY_936,REF,LEGACY_FIRST80_CONDITIONED_936,audit_repair_20260926T090447Z,ALL
2026-01-30,8182190,0.03060233415553726,LEGACY_936,REF,LEGACY_FIRST80_CONDITIONED_936,audit_repair_20260926T090447Z,ALL
2026-01-31,8430290,0.03032195536891713,LEGACY_936,REF,LEGACY_FIRST80_CONDITIONED_936,audit_repair_20260926T090447Z,ALL
2026-02-01,8626131,0.02323063619401,LEGACY_936,REF,LEGACY_FIRST80_CONDITIONED_936,audit_repair_20260926T090447Z,ALL
2026-02-02,8400717,-0.026131529882864046,LEGACY_936,REF,LEGACY_FIRST80_CONDITIONED_936,audit_repair_20260926T090447Z,ALL
2026-02-03,8950480,0.06544239021502563,LEGACY_936,REF,LEGACY_FIRST80_CONDITIONED_936,audit_repair_20260926T090447Z,ALL
2026-02-04,8570170,-0.04249045861227552,LEGACY_936,REF,LEGACY_FIRST80_CONDITIONED_936,audit_repair_20260926T090447Z,ALL
2026-02-05,8482085,-0.010278092499915403,LEGACY_936,REF,LEGACY_FIRST80_CONDITIONED_936,audit_repair_20260926T090447Z,ALL
2026-02-06,8614087,0.015562447204902963,LEGACY_936,REF,LEGACY_FIRST80_CONDITIONED_936,audit_repair_20260926T090447Z,ALL
2026-02-07,8723737,0.012729149357326053,LEGACY_936,REF,LEGACY_FIRST80_CONDITIONED_936,audit_repair_20260926T090447Z,ALL
2026-02-08,9077138,0.04051027673117602,LEGACY_936,REF,LEGACY_FIRST80_CONDITIONED_936,audit_repair_20260926T090447Z,ALL
2026-02-09,9134923,0.006365993334022324,LEGACY_936,REF,LEGACY_FIRST80_CONDITIONED_936,audit_repair_20260926T090447Z,ALL
2026-02-10,9273713,0.01519334098382652,LEGACY_936,REF,LEGACY_FIRST80_CONDITIONED_936,audit_repair_20260926T090447Z,ALL
2026-02-11,9320458,0.00504059161632453,LEGACY_936,REF,LEGACY_FIRST80_CONDITIONED_936,audit_repair_20260926T090447Z,ALL
2026-02-12,9320458,0.0,LEGACY_936,REF,LEGACY_FIRST80_CONDITIONED_936,audit_repair_20260926T090447Z,ALL
2026-02-13,9320458,0.0,LEGACY_936,REF,LEGACY_FIRST80_CONDITIONED_936,audit_repair_20260926T090447Z,ALL
2026-02-14,9749278,0.04600846868254749,LEGACY_936,REF,LEGACY_FIRST80_CONDITIONED_936,audit_repair_20260926T090447Z,ALL
2026-02-15,9909400,0.016423985447947986,LEGACY_936,REF,LEGACY_FIRST80_CONDITIONED_936,audit_repair_20260926T090447Z,ALL
2026-02-16,9909400,0.0,LEGACY_936,REF,LEGACY_FIRST80_CONDITIONED_936,audit_repair_20260926T090447Z,ALL
2026-02-17,10377406,0.04722849012049157,LEGACY_936,REF,LEGACY_FIRST80_CONDITIONED_936,audit_repair_20260926T090447Z,ALL
2026-02-18,10257653,-0.011539781714235753,LEGACY_936,REF,LEGACY_FIRST80_CONDITIONED_936,audit_repair_20260926T090447Z,ALL
2026-02-19,10418591,0.015689553935973377,LEGACY_936,REF,LEGACY_FIRST80_CONDITIONED_936,audit_repair_20260926T090447Z,ALL
2026-02-20,10418591,0.0,LEGACY_936,REF,LEGACY_FIRST80_CONDITIONED_936,audit_repair_20260926T090447Z,ALL
2026-02-21,10726456,0.029549581128580638,LEGACY_936,REF,LEGACY_FIRST80_CONDITIONED_936,audit_repair_20260926T090447Z,ALL
2026-02-22,11070724,0.03209522324987857,LEGACY_936,REF,LEGACY_FIRST80_CONDITIONED_936,audit_repair_20260926T090447Z,ALL
2026-02-23,11428812,0.03234549068335557,LEGACY_936,REF,LEGACY_FIRST80_CONDITIONED_936,audit_repair_20260926T090447Z,ALL
2026-02-24,11765350,0.029446455152118967,LEGACY_936,REF,LEGACY_FIRST80_CONDITIONED_936,audit_repair_20260926T090447Z,ALL
2026-02-25,12329992,0.047991942441151236,LEGACY_936,REF,LEGACY_FIRST80_CONDITIONED_936,audit_repair_20260926T090447Z,ALL
2026-02-26,12300198,-0.002416384373972069,LEGACY_936,REF,LEGACY_FIRST80_CONDITIONED_936,audit_repair_20260926T090447Z,ALL
2026-02-27,12710798,0.03338157645917561,LEGACY_936,REF,LEGACY_FIRST80_CONDITIONED_936,audit_repair_20260926T090447Z,ALL
2026-02-28,13518704,0.06356060414145515,LEGACY_936,REF,LEGACY_FIRST80_CONDITIONED_936,audit_repair_20260926T090447Z,ALL
2026-03-01,12899018,-0.04583915736301347,LEGACY_936,REF,LEGACY_FIRST80_CONDITIONED_936,audit_repair_20260926T090447Z,ALL
2026-03-02,12998360,0.007701516503039185,LEGACY_936,REF,LEGACY_FIRST80_CONDITIONED_936,audit_repair_20260926T090447Z,ALL
2026-03-03,13619321,0.0477722574232442,LEGACY_936,REF,LEGACY_FIRST80_CONDITIONED_936,audit_repair_20260926T090447Z,ALL
2026-03-04,14496434,0.06440210932688939,LEGACY_936,REF,LEGACY_FIRST80_CONDITIONED_936,audit_repair_20260926T090447Z,ALL
2026-03-05,14674930,0.012313097138234141,LEGACY_936,REF,LEGACY_FIRST80_CONDITIONED_936,audit_repair_20260926T090447Z,ALL
2026-03-06,14905116,0.015685662555119606,LEGACY_936,REF,LEGACY_FIRST80_CONDITIONED_936,audit_repair_20260926T090447Z,ALL
2026-03-07,15568086,0.04447935863095598,LEGACY_936,REF,LEGACY_FIRST80_CONDITIONED_936,audit_repair_20260926T090447Z,ALL
2026-03-08,16197704,0.04044286497389593,LEGACY_936,REF,LEGACY_FIRST80_CONDITIONED_936,audit_repair_20260926T090447Z,ALL
2026-03-09,16453500,0.015792114734285878,LEGACY_936,REF,LEGACY_FIRST80_CONDITIONED_936,audit_repair_20260926T090447Z,ALL
2026-03-10,16731960,0.016924058710912515,LEGACY_936,REF,LEGACY_FIRST80_CONDITIONED_936,audit_repair_20260926T090447Z,ALL
2026-03-11,17943590,0.0724141104807805,LEGACY_936,REF,LEGACY_FIRST80_CONDITIONED_936,audit_repair_20260926T090447Z,ALL
2026-03-12,18099823,0.008706897560633031,LEGACY_936,REF,LEGACY_FIRST80_CONDITIONED_936,audit_repair_20260926T090447Z,ALL
2026-03-13,18547184,0.024716319049086888,LEGACY_936,REF,LEGACY_FIRST80_CONDITIONED_936,audit_repair_20260926T090447Z,ALL
2026-03-14,18666133,0.00641331859326999,LEGACY_936,REF,LEGACY_FIRST80_CONDITIONED_936,audit_repair_20260926T090447Z,ALL
2026-03-15,19118568,0.02423828224089042,LEGACY_936,REF,LEGACY_FIRST80_CONDITIONED_936,audit_repair_20260926T090447Z,ALL
2026-03-16,19428157,0.01619310609455682,LEGACY_936,REF,LEGACY_FIRST80_CONDITIONED_936,audit_repair_20260926T090447Z,ALL
2026-03-17,19261414,-0.008582543367340545,LEGACY_936,REF,LEGACY_FIRST80_CONDITIONED_936,audit_repair_20260926T090447Z,ALL
2026-03-18,19261414,0.0,LEGACY_936,REF,LEGACY_FIRST80_CONDITIONED_936,audit_repair_20260926T090447Z,ALL
2026-03-19,19879602,0.03209463230477261,LEGACY_936,REF,LEGACY_FIRST80_CONDITIONED_936,audit_repair_20260926T090447Z,ALL
2026-03-20,19829970,-0.0024966294596843186,LEGACY_936,REF,LEGACY_FIRST80_CONDITIONED_936,audit_repair_20260926T090447Z,ALL
2026-03-21,19804840,-0.001267273727595164,LEGACY_936,REF,LEGACY_FIRST80_CONDITIONED_936,audit_repair_20260926T090447Z,ALL
2026-03-22,19955055,0.007584762108656218,LEGACY_936,REF,LEGACY_FIRST80_CONDITIONED_936,audit_repair_20260926T090447Z,ALL
2026-03-23,19929925,-0.0012593300294085896,LEGACY_936,REF,LEGACY_FIRST80_CONDITIONED_936,audit_repair_20260926T090447Z,ALL
2026-03-24,19754580,-0.008798076259694865,LEGACY_936,REF,LEGACY_FIRST80_CONDITIONED_936,audit_repair_20260926T090447Z,ALL
2026-03-25,20058854,0.015402706612846151,LEGACY_936,REF,LEGACY_FIRST80_CONDITIONED_936,audit_repair_20260926T090447Z,ALL
2026-03-26,21048032,0.0493137843268614,LEGACY_936,REF,LEGACY_FIRST80_CONDITIONED_936,audit_repair_20260926T090447Z,ALL
2026-03-27,21373485,0.015462395724217926,LEGACY_936,REF,LEGACY_FIRST80_CONDITIONED_936,audit_repair_20260926T090447Z,ALL
2026-03-28,22075295,0.032835543665434175,LEGACY_936,REF,LEGACY_FIRST80_CONDITIONED_936,audit_repair_20260926T090447Z,ALL
2026-03-29,22777105,0.03179164763143594,LEGACY_936,REF,LEGACY_FIRST80_CONDITIONED_936,audit_repair_20260926T090447Z,ALL
2026-03-30,22939015,0.0071084538618932935,LEGACY_936,REF,LEGACY_FIRST80_CONDITIONED_936,audit_repair_20260926T090447Z,ALL
2026-03-31,23983318,0.045525189289949974,LEGACY_936,REF,LEGACY_FIRST80_CONDITIONED_936,audit_repair_20260926T090447Z,ALL
2026-04-01,25548818,0.065274537910059,LEGACY_936,REF,LEGACY_FIRST80_CONDITIONED_936,audit_repair_20260926T090447Z,ALL
