record_type,strategy_name,sport,league,season,date_from,date_to,universe,observation_basis,resolution,pit_field,entry_operation,entry_parameters,win_exit_operation,win_exit_parameters,loss_exit_operation,loss_exit_parameters,terminal_behavior,plan_hash,compiler_version,warehouse_version,identity_version,catalog_version,execution_version,data_fingerprint,backtest_status,population,wins,losses,win_rate,loss_rate,average_win,average_loss,risk_reward,gross_ev,internal_game_id,market_id,entry_timestamp,entry_value,entry_operation_row,entry_period,entry_clock,win_exit_timestamp,win_exit_value,win_exit_operation_row,loss_exit_timestamp,loss_exit_value,loss_exit_operation_row,classification,settlement_status,settlement_value,result_hash
row,Q4 Cross 65 REACH 85 40,NBA,NBA,2025-2026,2025-10-10,2025-10-31,"{""date_from"":""2025-10-10"",""date_to"":""2025-10-31"",""game_data"":[""pbp""],""leagues"":[""NBA""],""market_data"":[""candles""],""markets"":[""kalshi""],""seasons"":[""2025-2026""],""sports"":[""NBA""]}",TRADABLE_YES_BID,1_MINUTE_CANDLE,available_at,CROSS,"{""id"":""entry_mtziz0m9_a6fqo"",""op"":""CROSS"",""period"":""Q4"",""price_e4"":6500}",REACH,"{""id"":""exit_mtzizdf2_xtye8"",""op"":""REACH"",""outcome"":""win"",""price_e4"":8500}",REACH,"{""id"":""exit_mtzizowb_5fw18"",""op"":""REACH"",""outcome"":""loss"",""price_e4"":4000}",HOLD_TO_SETTLEMENT,8ba88ac275d1134f70a1aa4834fb17b40eee8c94059786a67736b78b38efdd11,1.0.0,2026-09-13T06:28:48Z,1.0.0,1.0.0,1.0.0,2026-09-13T06:28:48Z,READY,23,13,7,0.565217,0.304348,2000,2500,0.800000,369.565217,NBA_20251010_UTA_SAS,KXNBAGAME-25OCT10UTASAS-UTA,2025-10-11T02:23:00Z,6900,CROSS,Q4,PT05M32.00S,,,,2025-10-11T02:32:00Z,4000,REACH,LOSS,NO,0,9fb753bdc139c15080a7cdfdaa748844b4877da5e57038119083a8c1fafaf676
row,Q4 Cross 65 REACH 85 40,NBA,NBA,2025-2026,2025-10-10,2025-10-31,"{""date_from"":""2025-10-10"",""date_to"":""2025-10-31"",""game_data"":[""pbp""],""leagues"":[""NBA""],""market_data"":[""candles""],""markets"":[""kalshi""],""seasons"":[""2025-2026""],""sports"":[""NBA""]}",TRADABLE_YES_BID,1_MINUTE_CANDLE,available_at,CROSS,"{""id"":""entry_mtziz0m9_a6fqo"",""op"":""CROSS"",""period"":""Q4"",""price_e4"":6500}",REACH,"{""id"":""exit_mtzizdf2_xtye8"",""op"":""REACH"",""outcome"":""win"",""price_e4"":8500}",REACH,"{""id"":""exit_mtzizowb_5fw18"",""op"":""REACH"",""outcome"":""loss"",""price_e4"":4000}",HOLD_TO_SETTLEMENT,8ba88ac275d1134f70a1aa4834fb17b40eee8c94059786a67736b78b38efdd11,1.0.0,2026-09-13T06:28:48Z,1.0.0,1.0.0,1.0.0,2026-09-13T06:28:48Z,READY,23,13,7,0.565217,0.304348,2000,2500,0.800000,369.565217,NBA_20251012_BKN_PHX,KXNBAGAME-25OCT12BKNPHX-BKN,2025-10-12T13:30:00Z,7500,CROSS,Q4,PT00M19.40S,2025-10-12T13:36:00Z,9700,REACH,,,,WIN,YES,10000,9fb753bdc139c15080a7cdfdaa748844b4877da5e57038119083a8c1fafaf676
row,Q4 Cross 65 REACH 85 40,NBA,NBA,2025-2026,2025-10-10,2025-10-31,"{""date_from"":""2025-10-10"",""date_to"":""2025-10-31"",""game_data"":[""pbp""],""leagues"":[""NBA""],""market_data"":[""candles""],""markets"":[""kalshi""],""seasons"":[""2025-2026""],""sports"":[""NBA""]}",TRADABLE_YES_BID,1_MINUTE_CANDLE,available_at,CROSS,"{""id"":""entry_mtziz0m9_a6fqo"",""op"":""CROSS"",""period"":""Q4"",""price_e4"":6500}",REACH,"{""id"":""exit_mtzizdf2_xtye8"",""op"":""REACH"",""outcome"":""win"",""price_e4"":8500}",REACH,"{""id"":""exit_mtzizowb_5fw18"",""op"":""REACH"",""outcome"":""loss"",""price_e4"":4000}",HOLD_TO_SETTLEMENT,8ba88ac275d1134f70a1aa4834fb17b40eee8c94059786a67736b78b38efdd11,1.0.0,2026-09-13T06:28:48Z,1.0.0,1.0.0,1.0.0,2026-09-13T06:28:48Z,READY,23,13,7,0.565217,0.304348,2000,2500,0.800000,369.565217,NBA_20251012_DEN_LAC,KXNBAGAME-25OCT12DENLAC-DEN,2025-10-13T04:00:00Z,9200,CROSS,Q4,PT00M31.90S,2025-10-13T04:07:00Z,0,REACH,2025-10-13T04:07:00Z,0,REACH,SAME_BAR_TIE,YES,10000,9fb753bdc139c15080a7cdfdaa748844b4877da5e57038119083a8c1fafaf676
row,Q4 Cross 65 REACH 85 40,NBA,NBA,2025-2026,2025-10-10,2025-10-31,"{""date_from"":""2025-10-10"",""date_to"":""2025-10-31"",""game_data"":[""pbp""],""leagues"":[""NBA""],""market_data"":[""candles""],""markets"":[""kalshi""],""seasons"":[""2025-2026""],""sports"":[""NBA""]}",TRADABLE_YES_BID,1_MINUTE_CANDLE,available_at,CROSS,"{""id"":""entry_mtziz0m9_a6fqo"",""op"":""CROSS"",""period"":""Q4"",""price_e4"":6500}",REACH,"{""id"":""exit_mtzizdf2_xtye8"",""op"":""REACH"",""outcome"":""win"",""price_e4"":8500}",REACH,"{""id"":""exit_mtzizowb_5fw18"",""op"":""REACH"",""outcome"":""loss"",""price_e4"":4000}",HOLD_TO_SETTLEMENT,8ba88ac275d1134f70a1aa4834fb17b40eee8c94059786a67736b78b38efdd11,1.0.0,2026-09-13T06:28:48Z,1.0.0,1.0.0,1.0.0,2026-09-13T06:28:48Z,READY,23,13,7,0.565217,0.304348,2000,2500,0.800000,369.565217,NBA_20251012_TOR_WAS,KXNBAGAME-25OCT12TORWAS-WAS,2025-10-12T21:36:00Z,9900,CROSS,Q4,PT00M00.80S,2025-10-12T21:38:00Z,100,REACH,2025-10-12T21:38:00Z,100,REACH,SAME_BAR_TIE,NO,0,9fb753bdc139c15080a7cdfdaa748844b4877da5e57038119083a8c1fafaf676
row,Q4 Cross 65 REACH 85 40,NBA,NBA,2025-2026,2025-10-10,2025-10-31,"{""date_from"":""2025-10-10"",""date_to"":""2025-10-31"",""game_data"":[""pbp""],""leagues"":[""NBA""],""market_data"":[""candles""],""markets"":[""kalshi""],""seasons"":[""2025-2026""],""sports"":[""NBA""]}",TRADABLE_YES_BID,1_MINUTE_CANDLE,available_at,CROSS,"{""id"":""entry_mtziz0m9_a6fqo"",""op"":""CROSS"",""period"":""Q4"",""price_e4"":6500}",REACH,"{""id"":""exit_mtzizdf2_xtye8"",""op"":""REACH"",""outcome"":""win"",""price_e4"":8500}",REACH,"{""id"":""exit_mtzizowb_5fw18"",""op"":""REACH"",""outcome"":""loss"",""price_e4"":4000}",HOLD_TO_SETTLEMENT,8ba88ac275d1134f70a1aa4834fb17b40eee8c94059786a67736b78b38efdd11,1.0.0,2026-09-13T06:28:48Z,1.0.0,1.0.0,1.0.0,2026-09-13T06:28:48Z,READY,23,13,7,0.565217,0.304348,2000,2500,0.800000,369.565217,NBA_20251014_LAL_PHX,KXNBAGAME-25OCT14LALPHX-PHX,2025-10-15T04:03:00Z,6600,CROSS,Q4,PT07M47.00S,2025-10-15T04:14:00Z,9100,REACH,,,,WIN,YES,10000,9fb753bdc139c15080a7cdfdaa748844b4877da5e57038119083a8c1fafaf676
row,Q4 Cross 65 REACH 85 40,NBA,NBA,2025-2026,2025-10-10,2025-10-31,"{""date_from"":""2025-10-10"",""date_to"":""2025-10-31"",""game_data"":[""pbp""],""leagues"":[""NBA""],""market_data"":[""candles""],""markets"":[""kalshi""],""seasons"":[""2025-2026""],""sports"":[""NBA""]}",TRADABLE_YES_BID,1_MINUTE_CANDLE,available_at,CROSS,"{""id"":""entry_mtziz0m9_a6fqo"",""op"":""CROSS"",""period"":""Q4"",""price_e4"":6500}",REACH,"{""id"":""exit_mtzizdf2_xtye8"",""op"":""REACH"",""outcome"":""win"",""price_e4"":8500}",REACH,"{""id"":""exit_mtzizowb_5fw18"",""op"":""REACH"",""outcome"":""loss"",""price_e4"":4000}",HOLD_TO_SETTLEMENT,8ba88ac275d1134f70a1aa4834fb17b40eee8c94059786a67736b78b38efdd11,1.0.0,2026-09-13T06:28:48Z,1.0.0,1.0.0,1.0.0,2026-09-13T06:28:48Z,READY,23,13,7,0.565217,0.304348,2000,2500,0.800000,369.565217,NBA_20251016_MIN_CHI,KXNBAGAME-25OCT16MINCHI-CHI,2025-10-17T02:12:00Z,7500,CROSS,Q4,PT03M57.00S,2025-10-17T02:14:00Z,8500,REACH,,,,WIN,YES,10000,9fb753bdc139c15080a7cdfdaa748844b4877da5e57038119083a8c1fafaf676
row,Q4 Cross 65 REACH 85 40,NBA,NBA,2025-2026,2025-10-10,2025-10-31,"{""date_from"":""2025-10-10"",""date_to"":""2025-10-31"",""game_data"":[""pbp""],""leagues"":[""NBA""],""market_data"":[""candles""],""markets"":[""kalshi""],""seasons"":[""2025-2026""],""sports"":[""NBA""]}",TRADABLE_YES_BID,1_MINUTE_CANDLE,available_at,CROSS,"{""id"":""entry_mtziz0m9_a6fqo"",""op"":""CROSS"",""period"":""Q4"",""price_e4"":6500}",REACH,"{""id"":""exit_mtzizdf2_xtye8"",""op"":""REACH"",""outcome"":""win"",""price_e4"":8500}",REACH,"{""id"":""exit_mtzizowb_5fw18"",""op"":""REACH"",""outcome"":""loss"",""price_e4"":4000}",HOLD_TO_SETTLEMENT,8ba88ac275d1134f70a1aa4834fb17b40eee8c94059786a67736b78b38efdd11,1.0.0,2026-09-13T06:28:48Z,1.0.0,1.0.0,1.0.0,2026-09-13T06:28:48Z,READY,23,13,7,0.565217,0.304348,2000,2500,0.800000,369.565217,NBA_20251017_MEM_MIA,KXNBAGAME-25OCT17MEMMIA-MEM,2025-10-18T02:01:00Z,6800,CROSS,Q4,PT09M43.00S,2025-10-18T02:06:00Z,8600,REACH,,,,WIN,YES,10000,9fb753bdc139c15080a7cdfdaa748844b4877da5e57038119083a8c1fafaf676
row,Q4 Cross 65 REACH 85 40,NBA,NBA,2025-2026,2025-10-10,2025-10-31,"{""date_from"":""2025-10-10"",""date_to"":""2025-10-31"",""game_data"":[""pbp""],""leagues"":[""NBA""],""market_data"":[""candles""],""markets"":[""kalshi""],""seasons"":[""2025-2026""],""sports"":[""NBA""]}",TRADABLE_YES_BID,1_MINUTE_CANDLE,available_at,CROSS,"{""id"":""entry_mtziz0m9_a6fqo"",""op"":""CROSS"",""period"":""Q4"",""price_e4"":6500}",REACH,"{""id"":""exit_mtzizdf2_xtye8"",""op"":""REACH"",""outcome"":""win"",""price_e4"":8500}",REACH,"{""id"":""exit_mtzizowb_5fw18"",""op"":""REACH"",""outcome"":""loss"",""price_e4"":4000}",HOLD_TO_SETTLEMENT,8ba88ac275d1134f70a1aa4834fb17b40eee8c94059786a67736b78b38efdd11,1.0.0,2026-09-13T06:28:48Z,1.0.0,1.0.0,1.0.0,2026-09-13T06:28:48Z,READY,23,13,7,0.565217,0.304348,2000,2500,0.800000,369.565217,NBA_20251017_SAC_LAL,KXNBAGAME-25OCT17SACLAL-SAC,2025-10-18T04:51:00Z,6700,CROSS,Q4,PT00M17.70S,2025-10-18T04:53:00Z,9000,REACH,,,,WIN,YES,10000,9fb753bdc139c15080a7cdfdaa748844b4877da5e57038119083a8c1fafaf676
row,Q4 Cross 65 REACH 85 40,NBA,NBA,2025-2026,2025-10-10,2025-10-31,"{""date_from"":""2025-10-10"",""date_to"":""2025-10-31"",""game_data"":[""pbp""],""leagues"":[""NBA""],""market_data"":[""candles""],""markets"":[""kalshi""],""seasons"":[""2025-2026""],""sports"":[""NBA""]}",TRADABLE_YES_BID,1_MINUTE_CANDLE,available_at,CROSS,"{""id"":""entry_mtziz0m9_a6fqo"",""op"":""CROSS"",""period"":""Q4"",""price_e4"":6500}",REACH,"{""id"":""exit_mtzizdf2_xtye8"",""op"":""REACH"",""outcome"":""win"",""price_e4"":8500}",REACH,"{""id"":""exit_mtzizowb_5fw18"",""op"":""REACH"",""outcome"":""loss"",""price_e4"":4000}",HOLD_TO_SETTLEMENT,8ba88ac275d1134f70a1aa4834fb17b40eee8c94059786a67736b78b38efdd11,1.0.0,2026-09-13T06:28:48Z,1.0.0,1.0.0,1.0.0,2026-09-13T06:28:48Z,READY,23,13,7,0.565217,0.304348,2000,2500,0.800000,369.565217,NBA_20251022_MIA_ORL,KXNBAGAME-25OCT22MIAORL-MIA,2025-10-23T01:07:00Z,6600,CROSS,Q4,PT08M02.00S,,,,2025-10-23T01:23:00Z,2600,REACH,LOSS,NO,0,9fb753bdc139c15080a7cdfdaa748844b4877da5e57038119083a8c1fafaf676
row,Q4 Cross 65 REACH 85 40,NBA,NBA,2025-2026,2025-10-10,2025-10-31,"{""date_from"":""2025-10-10"",""date_to"":""2025-10-31"",""game_data"":[""pbp""],""leagues"":[""NBA""],""market_data"":[""candles""],""markets"":[""kalshi""],""seasons"":[""2025-2026""],""sports"":[""NBA""]}",TRADABLE_YES_BID,1_MINUTE_CANDLE,available_at,CROSS,"{""id"":""entry_mtziz0m9_a6fqo"",""op"":""CROSS"",""period"":""Q4"",""price_e4"":6500}",REACH,"{""id"":""exit_mtzizdf2_xtye8"",""op"":""REACH"",""outcome"":""win"",""price_e4"":8500}",REACH,"{""id"":""exit_mtzizowb_5fw18"",""op"":""REACH"",""outcome"":""loss"",""price_e4"":4000}",HOLD_TO_SETTLEMENT,8ba88ac275d1134f70a1aa4834fb17b40eee8c94059786a67736b78b38efdd11,1.0.0,2026-09-13T06:28:48Z,1.0.0,1.0.0,1.0.0,2026-09-13T06:28:48Z,READY,23,13,7,0.565217,0.304348,2000,2500,0.800000,369.565217,NBA_20251022_MIN_POR,KXNBAGAME-25OCT22MINPOR-POR,2025-10-23T04:07:00Z,6500,CROSS,Q4,PT09M55.00S,,,,2025-10-23T04:27:00Z,4000,REACH,LOSS,NO,0,9fb753bdc139c15080a7cdfdaa748844b4877da5e57038119083a8c1fafaf676
row,Q4 Cross 65 REACH 85 40,NBA,NBA,2025-2026,2025-10-10,2025-10-31,"{""date_from"":""2025-10-10"",""date_to"":""2025-10-31"",""game_data"":[""pbp""],""leagues"":[""NBA""],""market_data"":[""candles""],""markets"":[""kalshi""],""seasons"":[""2025-2026""],""sports"":[""NBA""]}",TRADABLE_YES_BID,1_MINUTE_CANDLE,available_at,CROSS,"{""id"":""entry_mtziz0m9_a6fqo"",""op"":""CROSS"",""period"":""Q4"",""price_e4"":6500}",REACH,"{""id"":""exit_mtzizdf2_xtye8"",""op"":""REACH"",""outcome"":""win"",""price_e4"":8500}",REACH,"{""id"":""exit_mtzizowb_5fw18"",""op"":""REACH"",""outcome"":""loss"",""price_e4"":4000}",HOLD_TO_SETTLEMENT,8ba88ac275d1134f70a1aa4834fb17b40eee8c94059786a67736b78b38efdd11,1.0.0,2026-09-13T06:28:48Z,1.0.0,1.0.0,1.0.0,2026-09-13T06:28:48Z,READY,23,13,7,0.565217,0.304348,2000,2500,0.800000,369.565217,NBA_20251022_PHI_BOS,KXNBAGAME-25OCT22PHIBOS-PHI,2025-10-23T01:59:00Z,8100,CROSS,Q4,PT00M25.20S,2025-10-23T02:02:00Z,9000,REACH,,,,WIN,YES,10000,9fb753bdc139c15080a7cdfdaa748844b4877da5e57038119083a8c1fafaf676
row,Q4 Cross 65 REACH 85 40,NBA,NBA,2025-2026,2025-10-10,2025-10-31,"{""date_from"":""2025-10-10"",""date_to"":""2025-10-31"",""game_data"":[""pbp""],""leagues"":[""NBA""],""market_data"":[""candles""],""markets"":[""kalshi""],""seasons"":[""2025-2026""],""sports"":[""NBA""]}",TRADABLE_YES_BID,1_MINUTE_CANDLE,available_at,CROSS,"{""id"":""entry_mtziz0m9_a6fqo"",""op"":""CROSS"",""period"":""Q4"",""price_e4"":6500}",REACH,"{""id"":""exit_mtzizdf2_xtye8"",""op"":""REACH"",""outcome"":""win"",""price_e4"":8500}",REACH,"{""id"":""exit_mtzizowb_5fw18"",""op"":""REACH"",""outcome"":""loss"",""price_e4"":4000}",HOLD_TO_SETTLEMENT,8ba88ac275d1134f70a1aa4834fb17b40eee8c94059786a67736b78b38efdd11,1.0.0,2026-09-13T06:28:48Z,1.0.0,1.0.0,1.0.0,2026-09-13T06:28:48Z,READY,23,13,7,0.565217,0.304348,2000,2500,0.800000,369.565217,NBA_20251024_ATL_ORL,KXNBAGAME-25OCT24ATLORL-ATL,2025-10-25T01:24:00Z,6900,CROSS,Q4,PT03M04.00S,2025-10-25T01:38:00Z,9600,REACH,,,,WIN,YES,10000,9fb753bdc139c15080a7cdfdaa748844b4877da5e57038119083a8c1fafaf676
row,Q4 Cross 65 REACH 85 40,NBA,NBA,2025-2026,2025-10-10,2025-10-31,"{""date_from"":""2025-10-10"",""date_to"":""2025-10-31"",""game_data"":[""pbp""],""leagues"":[""NBA""],""market_data"":[""candles""],""markets"":[""kalshi""],""seasons"":[""2025-2026""],""sports"":[""NBA""]}",TRADABLE_YES_BID,1_MINUTE_CANDLE,available_at,CROSS,"{""id"":""entry_mtziz0m9_a6fqo"",""op"":""CROSS"",""period"":""Q4"",""price_e4"":6500}",REACH,"{""id"":""exit_mtzizdf2_xtye8"",""op"":""REACH"",""outcome"":""win"",""price_e4"":8500}",REACH,"{""id"":""exit_mtzizowb_5fw18"",""op"":""REACH"",""outcome"":""loss"",""price_e4"":4000}",HOLD_TO_SETTLEMENT,8ba88ac275d1134f70a1aa4834fb17b40eee8c94059786a67736b78b38efdd11,1.0.0,2026-09-13T06:28:48Z,1.0.0,1.0.0,1.0.0,2026-09-13T06:28:48Z,READY,23,13,7,0.565217,0.304348,2000,2500,0.800000,369.565217,NBA_20251024_DET_HOU,KXNBAGAME-25OCT24DETHOU-DET,2025-10-25T02:45:00Z,6600,CROSS,Q4,PT01M10.00S,,,,2025-10-25T02:51:00Z,2800,REACH,LOSS,YES,10000,9fb753bdc139c15080a7cdfdaa748844b4877da5e57038119083a8c1fafaf676
row,Q4 Cross 65 REACH 85 40,NBA,NBA,2025-2026,2025-10-10,2025-10-31,"{""date_from"":""2025-10-10"",""date_to"":""2025-10-31"",""game_data"":[""pbp""],""leagues"":[""NBA""],""market_data"":[""candles""],""markets"":[""kalshi""],""seasons"":[""2025-2026""],""sports"":[""NBA""]}",TRADABLE_YES_BID,1_MINUTE_CANDLE,available_at,CROSS,"{""id"":""entry_mtziz0m9_a6fqo"",""op"":""CROSS"",""period"":""Q4"",""price_e4"":6500}",REACH,"{""id"":""exit_mtzizdf2_xtye8"",""op"":""REACH"",""outcome"":""win"",""price_e4"":8500}",REACH,"{""id"":""exit_mtzizowb_5fw18"",""op"":""REACH"",""outcome"":""loss"",""price_e4"":4000}",HOLD_TO_SETTLEMENT,8ba88ac275d1134f70a1aa4834fb17b40eee8c94059786a67736b78b38efdd11,1.0.0,2026-09-13T06:28:48Z,1.0.0,1.0.0,1.0.0,2026-09-13T06:28:48Z,READY,23,13,7,0.565217,0.304348,2000,2500,0.800000,369.565217,NBA_20251024_MIL_TOR,KXNBAGAME-25OCT24MILTOR-MIL,2025-10-25T00:39:00Z,6600,CROSS,Q4,PT07M17.00S,2025-10-25T01:02:00Z,9500,REACH,,,,WIN,YES,10000,9fb753bdc139c15080a7cdfdaa748844b4877da5e57038119083a8c1fafaf676
row,Q4 Cross 65 REACH 85 40,NBA,NBA,2025-2026,2025-10-10,2025-10-31,"{""date_from"":""2025-10-10"",""date_to"":""2025-10-31"",""game_data"":[""pbp""],""leagues"":[""NBA""],""market_data"":[""candles""],""markets"":[""kalshi""],""seasons"":[""2025-2026""],""sports"":[""NBA""]}",TRADABLE_YES_BID,1_MINUTE_CANDLE,available_at,CROSS,"{""id"":""entry_mtziz0m9_a6fqo"",""op"":""CROSS"",""period"":""Q4"",""price_e4"":6500}",REACH,"{""id"":""exit_mtzizdf2_xtye8"",""op"":""REACH"",""outcome"":""win"",""price_e4"":8500}",REACH,"{""id"":""exit_mtzizowb_5fw18"",""op"":""REACH"",""outcome"":""loss"",""price_e4"":4000}",HOLD_TO_SETTLEMENT,8ba88ac275d1134f70a1aa4834fb17b40eee8c94059786a67736b78b38efdd11,1.0.0,2026-09-13T06:28:48Z,1.0.0,1.0.0,1.0.0,2026-09-13T06:28:48Z,READY,23,13,7,0.565217,0.304348,2000,2500,0.800000,369.565217,NBA_20251024_SAS_NOP,KXNBAGAME-25OCT24SASNOP-NOP,2025-10-25T02:04:00Z,6600,CROSS,Q4,PT08M51.00S,,,,2025-10-25T02:10:00Z,3800,REACH,LOSS,NO,0,9fb753bdc139c15080a7cdfdaa748844b4877da5e57038119083a8c1fafaf676
row,Q4 Cross 65 REACH 85 40,NBA,NBA,2025-2026,2025-10-10,2025-10-31,"{""date_from"":""2025-10-10"",""date_to"":""2025-10-31"",""game_data"":[""pbp""],""leagues"":[""NBA""],""market_data"":[""candles""],""markets"":[""kalshi""],""seasons"":[""2025-2026""],""sports"":[""NBA""]}",TRADABLE_YES_BID,1_MINUTE_CANDLE,available_at,CROSS,"{""id"":""entry_mtziz0m9_a6fqo"",""op"":""CROSS"",""period"":""Q4"",""price_e4"":6500}",REACH,"{""id"":""exit_mtzizdf2_xtye8"",""op"":""REACH"",""outcome"":""win"",""price_e4"":8500}",REACH,"{""id"":""exit_mtzizowb_5fw18"",""op"":""REACH"",""outcome"":""loss"",""price_e4"":4000}",HOLD_TO_SETTLEMENT,8ba88ac275d1134f70a1aa4834fb17b40eee8c94059786a67736b78b38efdd11,1.0.0,2026-09-13T06:28:48Z,1.0.0,1.0.0,1.0.0,2026-09-13T06:28:48Z,READY,23,13,7,0.565217,0.304348,2000,2500,0.800000,369.565217,NBA_20251025_CHI_ORL,KXNBAGAME-25OCT25CHIORL-CHI,2025-10-26T01:03:00Z,6700,CROSS,Q4,PT08M28.00S,2025-10-26T01:12:00Z,8700,REACH,,,,WIN,YES,10000,9fb753bdc139c15080a7cdfdaa748844b4877da5e57038119083a8c1fafaf676
row,Q4 Cross 65 REACH 85 40,NBA,NBA,2025-2026,2025-10-10,2025-10-31,"{""date_from"":""2025-10-10"",""date_to"":""2025-10-31"",""game_data"":[""pbp""],""leagues"":[""NBA""],""market_data"":[""candles""],""markets"":[""kalshi""],""seasons"":[""2025-2026""],""sports"":[""NBA""]}",TRADABLE_YES_BID,1_MINUTE_CANDLE,available_at,CROSS,"{""id"":""entry_mtziz0m9_a6fqo"",""op"":""CROSS"",""period"":""Q4"",""price_e4"":6500}",REACH,"{""id"":""exit_mtzizdf2_xtye8"",""op"":""REACH"",""outcome"":""win"",""price_e4"":8500}",REACH,"{""id"":""exit_mtzizowb_5fw18"",""op"":""REACH"",""outcome"":""loss"",""price_e4"":4000}",HOLD_TO_SETTLEMENT,8ba88ac275d1134f70a1aa4834fb17b40eee8c94059786a67736b78b38efdd11,1.0.0,2026-09-13T06:28:48Z,1.0.0,1.0.0,1.0.0,2026-09-13T06:28:48Z,READY,23,13,7,0.565217,0.304348,2000,2500,0.800000,369.565217,NBA_20251026_LAL_SAC,KXNBAGAME-25OCT26LALSAC-LAL,2025-10-27T03:17:00Z,6900,CROSS,Q4,PT06M31.00S,2025-10-27T03:23:00Z,8900,REACH,,,,WIN,YES,10000,9fb753bdc139c15080a7cdfdaa748844b4877da5e57038119083a8c1fafaf676
row,Q4 Cross 65 REACH 85 40,NBA,NBA,2025-2026,2025-10-10,2025-10-31,"{""date_from"":""2025-10-10"",""date_to"":""2025-10-31"",""game_data"":[""pbp""],""leagues"":[""NBA""],""market_data"":[""candles""],""markets"":[""kalshi""],""seasons"":[""2025-2026""],""sports"":[""NBA""]}",TRADABLE_YES_BID,1_MINUTE_CANDLE,available_at,CROSS,"{""id"":""entry_mtziz0m9_a6fqo"",""op"":""CROSS"",""period"":""Q4"",""price_e4"":6500}",REACH,"{""id"":""exit_mtzizdf2_xtye8"",""op"":""REACH"",""outcome"":""win"",""price_e4"":8500}",REACH,"{""id"":""exit_mtzizowb_5fw18"",""op"":""REACH"",""outcome"":""loss"",""price_e4"":4000}",HOLD_TO_SETTLEMENT,8ba88ac275d1134f70a1aa4834fb17b40eee8c94059786a67736b78b38efdd11,1.0.0,2026-09-13T06:28:48Z,1.0.0,1.0.0,1.0.0,2026-09-13T06:28:48Z,READY,23,13,7,0.565217,0.304348,2000,2500,0.800000,369.565217,NBA_20251028_NYK_MIL,KXNBAGAME-25OCT28NYKMIL-MIL,2025-10-29T02:20:00Z,6800,CROSS,Q4,PT04M51.00S,2025-10-29T02:25:00Z,9600,REACH,,,,WIN,YES,10000,9fb753bdc139c15080a7cdfdaa748844b4877da5e57038119083a8c1fafaf676
row,Q4 Cross 65 REACH 85 40,NBA,NBA,2025-2026,2025-10-10,2025-10-31,"{""date_from"":""2025-10-10"",""date_to"":""2025-10-31"",""game_data"":[""pbp""],""leagues"":[""NBA""],""market_data"":[""candles""],""markets"":[""kalshi""],""seasons"":[""2025-2026""],""sports"":[""NBA""]}",TRADABLE_YES_BID,1_MINUTE_CANDLE,available_at,CROSS,"{""id"":""entry_mtziz0m9_a6fqo"",""op"":""CROSS"",""period"":""Q4"",""price_e4"":6500}",REACH,"{""id"":""exit_mtzizdf2_xtye8"",""op"":""REACH"",""outcome"":""win"",""price_e4"":8500}",REACH,"{""id"":""exit_mtzizowb_5fw18"",""op"":""REACH"",""outcome"":""loss"",""price_e4"":4000}",HOLD_TO_SETTLEMENT,8ba88ac275d1134f70a1aa4834fb17b40eee8c94059786a67736b78b38efdd11,1.0.0,2026-09-13T06:28:48Z,1.0.0,1.0.0,1.0.0,2026-09-13T06:28:48Z,READY,23,13,7,0.565217,0.304348,2000,2500,0.800000,369.565217,NBA_20251028_SAC_OKC,KXNBAGAME-25OCT28SACOKC-SAC,2025-10-29T02:03:00Z,6800,CROSS,Q4,PT06M13.00S,,,,2025-10-29T02:07:00Z,3800,REACH,LOSS,NO,0,9fb753bdc139c15080a7cdfdaa748844b4877da5e57038119083a8c1fafaf676
row,Q4 Cross 65 REACH 85 40,NBA,NBA,2025-2026,2025-10-10,2025-10-31,"{""date_from"":""2025-10-10"",""date_to"":""2025-10-31"",""game_data"":[""pbp""],""leagues"":[""NBA""],""market_data"":[""candles""],""markets"":[""kalshi""],""seasons"":[""2025-2026""],""sports"":[""NBA""]}",TRADABLE_YES_BID,1_MINUTE_CANDLE,available_at,CROSS,"{""id"":""entry_mtziz0m9_a6fqo"",""op"":""CROSS"",""period"":""Q4"",""price_e4"":6500}",REACH,"{""id"":""exit_mtzizdf2_xtye8"",""op"":""REACH"",""outcome"":""win"",""price_e4"":8500}",REACH,"{""id"":""exit_mtzizowb_5fw18"",""op"":""REACH"",""outcome"":""loss"",""price_e4"":4000}",HOLD_TO_SETTLEMENT,8ba88ac275d1134f70a1aa4834fb17b40eee8c94059786a67736b78b38efdd11,1.0.0,2026-09-13T06:28:48Z,1.0.0,1.0.0,1.0.0,2026-09-13T06:28:48Z,READY,23,13,7,0.565217,0.304348,2000,2500,0.800000,369.565217,NBA_20251029_MEM_PHX,KXNBAGAME-25OCT29MEMPHX-PHX,2025-10-30T04:25:00Z,7400,CROSS,Q4,PT00M39.10S,,,,2025-10-30T04:26:00Z,0,REACH,LOSS,NO,0,9fb753bdc139c15080a7cdfdaa748844b4877da5e57038119083a8c1fafaf676
row,Q4 Cross 65 REACH 85 40,NBA,NBA,2025-2026,2025-10-10,2025-10-31,"{""date_from"":""2025-10-10"",""date_to"":""2025-10-31"",""game_data"":[""pbp""],""leagues"":[""NBA""],""market_data"":[""candles""],""markets"":[""kalshi""],""seasons"":[""2025-2026""],""sports"":[""NBA""]}",TRADABLE_YES_BID,1_MINUTE_CANDLE,available_at,CROSS,"{""id"":""entry_mtziz0m9_a6fqo"",""op"":""CROSS"",""period"":""Q4"",""price_e4"":6500}",REACH,"{""id"":""exit_mtzizdf2_xtye8"",""op"":""REACH"",""outcome"":""win"",""price_e4"":8500}",REACH,"{""id"":""exit_mtzizowb_5fw18"",""op"":""REACH"",""outcome"":""loss"",""price_e4"":4000}",HOLD_TO_SETTLEMENT,8ba88ac275d1134f70a1aa4834fb17b40eee8c94059786a67736b78b38efdd11,1.0.0,2026-09-13T06:28:48Z,1.0.0,1.0.0,1.0.0,2026-09-13T06:28:48Z,READY,23,13,7,0.565217,0.304348,2000,2500,0.800000,369.565217,NBA_20251030_GSW_MIL,KXNBAGAME-25OCT30GSWMIL-MIL,2025-10-31T02:15:00Z,6600,CROSS,Q4,PT05M23.00S,2025-10-31T02:25:00Z,9700,REACH,,,,WIN,YES,10000,9fb753bdc139c15080a7cdfdaa748844b4877da5e57038119083a8c1fafaf676
row,Q4 Cross 65 REACH 85 40,NBA,NBA,2025-2026,2025-10-10,2025-10-31,"{""date_from"":""2025-10-10"",""date_to"":""2025-10-31"",""game_data"":[""pbp""],""leagues"":[""NBA""],""market_data"":[""candles""],""markets"":[""kalshi""],""seasons"":[""2025-2026""],""sports"":[""NBA""]}",TRADABLE_YES_BID,1_MINUTE_CANDLE,available_at,CROSS,"{""id"":""entry_mtziz0m9_a6fqo"",""op"":""CROSS"",""period"":""Q4"",""price_e4"":6500}",REACH,"{""id"":""exit_mtzizdf2_xtye8"",""op"":""REACH"",""outcome"":""win"",""price_e4"":8500}",REACH,"{""id"":""exit_mtzizowb_5fw18"",""op"":""REACH"",""outcome"":""loss"",""price_e4"":4000}",HOLD_TO_SETTLEMENT,8ba88ac275d1134f70a1aa4834fb17b40eee8c94059786a67736b78b38efdd11,1.0.0,2026-09-13T06:28:48Z,1.0.0,1.0.0,1.0.0,2026-09-13T06:28:48Z,READY,23,13,7,0.565217,0.304348,2000,2500,0.800000,369.565217,NBA_20251031_DEN_POR,KXNBAGAME-25OCT31DENPOR-POR,2025-11-01T04:52:00Z,9000,CROSS,Q4,PT00M01.40S,2025-11-01T04:56:00Z,0,REACH,2025-11-01T04:56:00Z,0,REACH,SAME_BAR_TIE,YES,10000,9fb753bdc139c15080a7cdfdaa748844b4877da5e57038119083a8c1fafaf676
row,Q4 Cross 65 REACH 85 40,NBA,NBA,2025-2026,2025-10-10,2025-10-31,"{""date_from"":""2025-10-10"",""date_to"":""2025-10-31"",""game_data"":[""pbp""],""leagues"":[""NBA""],""market_data"":[""candles""],""markets"":[""kalshi""],""seasons"":[""2025-2026""],""sports"":[""NBA""]}",TRADABLE_YES_BID,1_MINUTE_CANDLE,available_at,CROSS,"{""id"":""entry_mtziz0m9_a6fqo"",""op"":""CROSS"",""period"":""Q4"",""price_e4"":6500}",REACH,"{""id"":""exit_mtzizdf2_xtye8"",""op"":""REACH"",""outcome"":""win"",""price_e4"":8500}",REACH,"{""id"":""exit_mtzizowb_5fw18"",""op"":""REACH"",""outcome"":""loss"",""price_e4"":4000}",HOLD_TO_SETTLEMENT,8ba88ac275d1134f70a1aa4834fb17b40eee8c94059786a67736b78b38efdd11,1.0.0,2026-09-13T06:28:48Z,1.0.0,1.0.0,1.0.0,2026-09-13T06:28:48Z,READY,23,13,7,0.565217,0.304348,2000,2500,0.800000,369.565217,NBA_20251031_TOR_CLE,KXNBAGAME-25OCT31TORCLE-TOR,2025-11-01T01:45:00Z,6900,CROSS,Q4,PT04M53.00S,2025-11-01T01:54:00Z,9300,REACH,,,,WIN,YES,10000,9fb753bdc139c15080a7cdfdaa748844b4877da5e57038119083a8c1fafaf676
